"ibge.municode","uf","muni","electorate.96","comp.voting.98","depfedbranconulo98.pct","blank.inv.96","poverty_high_1991","frac_25_illit_1991","gini_1991","pt_pres_1994","latitude","longitude"
1100023,"RO","ARIQUEMES",40356,"0",31.3817710022705,12.304,54.3530006408691,21.3619995117188,0.572000026702881,11.1298529701161,-9.91333293914795,63.0408325195312
1100031,"RO","CABIXI",4935,"0",28.7242578229473,7.554,79.3629989624023,30.80299949646,0.624000012874603,21.6070357785329,-13.4977779388428,60.5541648864746
1100049,"RO","CACOAL",43452,"1",7.14392691328441,15.006,59.1780014038086,27.5440006256104,0.648999989032745,13.9780617892724,-11.4386110305786,61.4472236633301
1100056,"RO","CEREJEIRAS",15591,"0",26.8810107486328,10.99,66.2259979248047,27.6189994812012,0.601999998092651,11.871911698646,-13.1888885498047,60.8122215270996
1100064,"RO","COLORADO DO OESTE",18054,"0",32.284231018819,9.66,68.7529983520508,34.6749992370605,0.612999975681305,12.169584620666,-13.1166667938232,60.5416679382324
1100072,"RO","CORUMBIARA",5173,"0",28.9616078330327,10.518,88.6750030517578,42.4500007629395,0.554000020027161,15.0973291081938,-12.9619445800781,60.8866653442383
1100080,"RO","COSTA MARQUES",5737,"0",24.1157556270096,14.112,70.7369995117188,27.2490005493164,0.635999977588654,5.73419078242229,-12.4449996948242,64.2272186279297
1100098,"RO","ESPIGAO D'OESTE",15209,"0",32.8832087452777,9.485,61.576000213623,27.5659999847412,0.632000029087067,12.6962863734465,-11.5247220993042,61.0127792358398
1100106,"RO","GUAJARA MIRIM",21354,"0",18.7907142011133,12.32,50.7669982910156,21.2740001678467,0.601999998092651,6.36119155978486,-10.7827777862549,65.3394470214844
1100114,"RO","JARU",35792,"0",26.0316616681219,14.335,62.0180015563965,31.80299949646,0.551999986171722,13.2757860248252,-10.4388885498047,62.4663887023926
1100122,"RO","JI PARANA",64102,"1",9.34153713298791,13.499,51.273998260498,22.4500007629395,0.561999976634979,14.3341537720098,-10.8852777481079,61.9516677856445
1100130,"RO","MACHADINHO DO OESTE",8653,"0",24.8640356993446,11.675,57.701000213623,27.1319999694824,0.561999976634979,12.9672625957743,-9.4438886642456,61.981388092041
1100148,"RO","NOVA BRASILANDIA",11742,"0",25.9866798223976,10.937,80.8079986572266,41.7809982299805,0.497000008821487,14.2300574656667,-11.7197217941284,62.3158340454102
1100155,"RO","OURO PRETO DO OESTE",27016,"0",36.7446344309706,11.155,58.6720008850098,27.8409996032715,0.597000002861023,13.4669945148477,-10.7480554580688,62.2158317565918
1100189,"RO","PIMENTA BUENO",21731,"0",28.5814160416931,13.139,51.701000213623,24.0949993133545,0.583000004291534,15.1621196971861,-11.6724996566772,61.1936111450195
1100254,"RO","PRESIDENTE MEDICI",19818,"0",30.6297081840123,12.468,72.0739974975586,36.326000213623,0.51800000667572,12.3971829471534,-11.1752777099609,61.9013900756836
1100262,"RO","RIO CRESPO",2743,"0",30.2258251302837,9.795,70.2190017700195,32.2840003967285,0.503000020980835,13.7199068081802,-9.70499992370605,62.8997230529785
1100288,"RO","ROLIM DE MOURA",28450,"0",27.0631238577253,12.452,58.7099990844727,29.9699993133545,0.578000009059906,11.3486217632318,-11.8036108016968,61.8033332824707
1100296,"RO","SANTA LUZIA DO OESTE",8582,"0",30.1634968301635,10.478,84.2959976196289,36.3819999694824,0.528999984264374,16.516762060507,-11.908055305481,61.7788887023926
1100304,"RO","VILHENA",28188,"0",23.6772921459086,10.534,36.5890007019043,17.8409996032715,0.578999996185303,12.023125784489,-12.7405557632446,60.1458320617676
1100320,"RO","SAO MIGUEL DO GUAPORE",8119,"0",24.8635743519782,8.84,88.2519989013672,36.4339981079102,0.600000023841858,16.4047151277014,-11.6936111450195,62.7113876342773
1100338,"RO","NOVA MAMORE",6619,"0",28.4658040665434,14.442,69.3870010375977,39.1570014953613,0.523000001907349,5.94475946588623,-10.4019441604614,65.3266677856445
1100346,"RO","ALVORADA DO OESTE",15181,"0",29.5668355215548,10.32,77.1529998779297,35.5309982299805,0.564000010490417,13.8596734016053,-11.3413887023926,62.2863883972168
1100379,"RO","ALTO ALEGRE DOS PARECIS",4614,"0",39.9038461538462,12.635,85.2190017700195,33.5589981079102,0.605000019073486,11.2751584372171,-12.1280555725098,61.8505554199219
1100403,"RO","ALTO PARAISO",5844,"0",29.3799956794124,11.925,78.8570022583008,25.3939990997314,0.565999984741211,13.9739823751574,-9.71305561065674,63.3208351135254
1100452,"RO","BURITIS",3632,"0",33.3816075307748,11.169,75.2509994506836,36.8740005493164,0.486000001430511,11.2751584372171,-10.211667060852,63.8286094665527
1100502,"RO","NOVO HORIZONTE DO OESTE",7830,"0",26.5197298258087,10.901,90.786003112793,38.6059989929199,0.537999987602234,17.0203227734609,-11.6963891983032,61.9947204589844
1100601,"RO","CACAULANDIA",4542,"0",33.4199777200149,12.73,75.5230026245117,35.3380012512207,0.474000006914139,11.123081066523,-10.3391666412354,62.8952789306641
1100700,"RO","CAMPO NOVO DE RONDONIA",3263,"0",34.1312056737589,12.744,73.8290023803711,35.640998840332,0.52999997138977,10.6855918585967,-10.59694480896,63.6122207641602
1100809,"RO","CANDEIAS DO JAMARI",7855,"0",33.9356704011565,16.251,70.838996887207,31.3020000457764,0.628000020980835,6.3833448038541,-8.80972194671631,63.695556640625
1100908,"RO","CASTANHEIRAS",3313,"0",25.1680672268908,7.398,86.4970016479492,40.3520011901855,0.537000000476837,16.5711947626841,-11.4174995422363,61.9386100769043
1100924,"RO","CHUPINGUAIA",2123,"0",17.6602924634421,10.609,68.1849975585938,32.7000007629395,0.51800000667572,11.2751584372171,-12.5522222518921,60.8997230529785
1100940,"RO","CUJUBIM",2236,"0",34.56980937661,8.236,75.2320022583008,34.3660011291504,0.513999998569489,11.2751584372171,-9.36277770996094,62.585277557373
1101005,"RO","GOVERNADOR JORGE TEIXEIRA",6757,"0",27.7172705045566,11.58,78.4710006713867,44.3219985961914,0.639999985694885,15.0431034482759,-10.5249996185303,62.6438903808594
1101203,"RO","MINISTRO ANDREAZZA",6910,"0",25.7744994731296,10.41,80.120002746582,39.4900016784668,0.714999973773956,24.1392285983067,-11.0741662979126,61.5169448852539
1101302,"RO","MIRANTE DA SERRA",8181,"0",30.0380917830582,11.016,82.2239990234375,33.2229995727539,0.569000005722046,17.1582457040267,-11.0297222137451,62.6749992370605
1101401,"RO","MONTE NEGRO",6200,"0",31.03240088549,17.171,65.0540008544922,34.2200012207031,0.559000015258789,10.3475670307845,-10.2944440841675,63.3252792358398
1101435,"RO","NOVA UNIAO",3848,"0",32.1828908554572,10.673,83.0869979858398,46.0460014343262,0.507000029087067,11.2751584372171,-10.9041662216187,62.5611114501953
1101450,"RO","PARECIS",2201,"0",31.556106633602,13.227,73.0439987182617,39.3170013427734,0.479999989271164,11.2751584372171,-12.1961107254028,61.6013870239258
1101468,"RO","PIMENTEIRAS DO OESTE",756,"0",34.6879535558781,8.591,77.7990036010742,31.80299949646,0.547999978065491,11.2751584372171,-13.4825000762939,61.0466651916504
1101476,"RO","PRIMAVERA DE RONDONIA",3161,"0",26.386404293381,10.119,80.4390029907227,34.7169990539551,0.519999980926514,11.2751584372171,-11.8169441223145,61.3227767944336
1101484,"RO","SAO FELIPE D OESTE",4998,"0",30.8695652173913,11.787,82.3600006103516,35.8429985046387,0.504000008106232,11.2751584372171,-11.9025001525879,61.5022239685059
1101492,"RO","SAO FRANCISCO DO GUAPORE",3715,"0",27.5545350172216,12.901,72.4020004272461,30.2070007324219,0.597000002861023,11.2751584372171,-12.0522222518921,63.5675010681152
1101500,"RO","SERINGUEIRAS",4392,"0",27.2039569391912,11.678,84.2539978027344,36.0709991455078,0.587999999523163,15.6227501799856,-11.7980556488037,63.0311126708984
1101559,"RO","TEIXEIROPOLIS",3516,"0",33.3837429111531,14.158,81.443000793457,32.742000579834,0.514999985694885,11.2751584372171,-10.9174995422363,62.2494430541992
1101609,"RO","THEOBROMA",5602,"0",27.6667531793408,13.194,66.5800018310547,34.560001373291,0.503000020980835,13.4296977660972,-10.2388887405396,62.3583335876465
1101708,"RO","URUPA",7598,"0",29.8970870399442,10.307,72.879997253418,40.4980010986328,0.597000002861023,18.1560520173391,-11.1405553817749,62.3608322143555
1101757,"RO","VALE DO ANARI",3423,"0",28.3201722900215,13.102,58.757999420166,35.4070014953613,0.572000026702881,11.2751584372171,-9.86305522918701,62.1855545043945
1101807,"RO","VALE DO PARAISO",6091,"0",30.6225339763262,9.94,81.8720016479492,35.6920013427734,0.499000012874603,20.7983959168793,-10.4477777481079,62.1341667175293
1200013,"AC","ACRELANDIA",4608,"0",23.8012422360248,10.977,63.8110008239746,46.648998260498,0.522000014781952,9.22309027777778,-9.82777786254883,66.8833312988281
1200054,"AC","ASSIS BRASIL",2726,"0",18.2837429926693,7.264,64.1910018920898,40.148998260498,0.477999985218048,15.7006603081438,-10.9413890838623,69.5669479370117
1200104,"AC","BRASILEIA",9889,"0",18.9985272459499,12.479,74.1179962158203,47.4690017700195,0.550999999046326,14.5974994516341,-11.0161113739014,68.7480545043945
1200138,"AC","BUJARI",3879,"0",26.7656765676568,13.181,70.5490036010742,53.3709983825684,0.513000011444092,10.3260869565217,-9.83055591583252,67.9522247314453
1200179,"AC","CAPIXABA",2234,"0",28.3196239717979,11.786,69.7399978637695,57.4160003662109,0.565999984741211,8.10965162764135,-10.5727777481079,67.6755523681641
1200252,"AC","EPITACIOLANDIA",5540,"0",26.5902206836867,9.977,69.3249969482422,35.9529991149902,0.566999971866608,18.0977814297453,-11.0288887023926,68.7413864135742
1200302,"AC","FEIJO",10857,"0",28.3503767491927,11.079,81.7600021362305,62.8209991455078,0.549000024795532,13.5201724668925,-8.16416645050049,70.3536148071289
1200328,"AC","JORDAO",1235,"0",18.9787234042553,8.325,94.3710021972656,81.5510025024414,0.449999988079071,13.0526315789474,-9.43416690826416,71.8838882446289
1200336,"AC","MANCIO LIMA",5898,"0",18.8835586567815,8.875,84.2160034179688,55.3240013122559,0.495000004768372,10.0119189511323,-7.61416673660278,72.8958358764648
1200344,"AC","MANUEL URBANO",3206,"0",28.0493174812858,10.664,86.052001953125,61.6570014953613,0.626999974250793,8.83829929695347,-8.83888912200928,69.2597198486328
1200351,"AC","MARECHAL THAUMATURGO",3464,"0",26.0850694444444,8.479,91.6539993286133,81.2639999389648,0.435000002384186,6.83209796970674,-8.94111156463623,72.7916641235352
1200385,"AC","PLACIDO DE CASTRO",13076,"0",24.9527959331881,14.434,72.052001953125,43.898998260498,0.542999982833862,12.3494983277592,-10.335277557373,67.1855545043945
1200393,"AC","PORTO WALTER",3034,"0",23.9830956154253,6.398,91.2389984130859,75.5199966430664,0.474999994039536,1.86267348429511,-8.26861095428467,72.7438888549805
1200427,"AC","RODRIGUES ALVES",3742,"0",25.4876462938882,12.151,89.8789978027344,61.9129981994629,0.470999985933304,4.56314113901663,-7.74166679382324,72.6361083984375
1200435,"AC","SANTA ROSA",501,"0",25.6505576208178,4.072,85.0979995727539,73.3679962158203,0.488999992609024,8.72274143302181,-9.43277740478516,70.4933319091797
1200450,"AC","SENADOR GUIOMARD",10955,"0",25.0364608653379,17.398,62.1529998779297,41.7799987792969,0.537000000476837,14.1934833047513,-10.1522226333618,67.7391662597656
1200500,"AC","SENA MADUREIRA",15013,"0",24.9660244623871,7.987,74.7399978637695,56.701000213623,0.58899998664856,8.66124422950099,-9.06555557250977,68.6569442749023
1200609,"AC","TARAUACA",12131,"0",18.776393037388,9.783,86.2509994506836,63.5359992980957,0.555999994277954,20.1280292638317,-8.16138935089111,70.7655563354492
1200708,"AC","XAPURI",8123,"0",28.9523212045169,13.364,70.681999206543,48.423999786377,0.524999976158142,22.7952066783358,-10.6516666412354,68.5044479370117
1200807,"AC","PORTO ACRE",6075,"0",24.3434574103677,14.969,76.6309967041016,46.7910003662109,0.500999987125397,14.2988505747126,-9.58833312988281,67.5325012207031
1300029,"AM","ALVARAES",4794,"0",29.4911097486205,11.016,72.6220016479492,54.3320007324219,0.612999975681305,11.3157257087473,-3.22083330154419,64.8041687011719
1300060,"AM","AMATURA",3028,"0",25.5889145496536,8.305,79.7279968261719,50.7220001220703,0.647000014781952,5.11111111111111,-3.36416673660278,68.1977767944336
1300086,"AM","ANAMA",4973,"0",28.1062553556127,15.327,75.1230010986328,46.3450012207031,0.513000011444092,8.09300245919964,-3.5797221660614,61.404167175293
1300102,"AM","ANORI",6598,"0",15.9625668449198,8.793,70.181999206543,51.1220016479492,0.481000006198883,4.7395927194089,-3.77277779579163,61.6441650390625
1300144,"AM","APUI",6314,"0",29.987063389392,11.494,64.4589996337891,38.273998260498,0.587999999523163,9.76083997666731,-7.1972222328186,59.8913879394531
1300201,"AM","ATALAIA DO NORTE",3335,"0",21.5025906735751,13.827,69.1110000610352,69.5039978027344,0.596000015735626,4.53492221118835,-4.37222242355347,70.1919479370117
1300300,"AM","AUTAZES",12763,"0",23.3171499803175,13.497,76.8369979858398,36.351001739502,0.681999981403351,6.59830584039233,-3.5797221660614,59.1305541992188
1300409,"AM","BARCELOS",4849,"0",26.2480857580398,9.014,60.2029991149902,44.306999206543,0.456999987363815,4.73315624245351,-0.97472220659256,62.9241676330566
1300508,"AM","BARREIRINHA",9745,"0",24.4548286604361,8.271,67.9550018310547,28.2369995117188,0.486000001430511,16.491963661775,-2.79333329200745,57.0699996948242
1300607,"AM","BENJAMIN CONSTANT",10504,"0",27.4631268436578,9.737,77.4509963989258,51.2220001220703,0.7049999833107,9.47872456197628,-4.38305568695068,70.0311126708984
1300631,"AM","BERURI",8564,"0",25.4670999187652,14.463,83.9089965820312,62.2410011291504,0.495000004768372,2.22439843312815,-3.89833331108093,61.3730545043945
1300680,"AM","BOA VISTA DE RAMOS",5007,"0",21.9386369807222,7.276,81.5970001220703,30.5440006256104,0.508000016212463,29.2384406165005,-2.96972227096558,57.5902786254883
1300706,"AM","BOCA DO ACRE",12855,"0",35.5618410902546,10.532,79.7440032958984,61.1030006408691,0.587000012397766,8.49498942723177,-8.75222206115723,67.3977813720703
1300805,"AM","BORBA",11317,"0",19.9165947656025,9.664,78.2809982299805,46.7299995422363,0.628000020980835,8.9596324253364,-4.38777780532837,59.5938873291016
1300839,"AM","CAAPIRANGA",4906,"0",15.3269471053728,9.931,78.9069976806641,55.6500015258789,0.51800000667572,2.34150651645681,-3.32750010490417,61.2088890075684
1300904,"AM","CANUTAMA",3573,"0",38.9109697933227,9.83,88.0100021362305,66.3290023803711,0.523000001907349,8.84156179412714,-6.5338888168335,64.383056640625
1301001,"AM","CARAUARI",10304,"0",23.3975323502859,8.203,81.7369995117188,68.3030014038086,0.638000011444092,5.70964372751538,-4.88277769088745,66.8958358764648
1301100,"AM","CAREIRO",11439,"0",24.4606413994169,15.302,55.9799995422363,55.8300018310547,0.580999970436096,5.25975425738306,-3.76805543899536,60.3691673278809
1301159,"AM","CAREIRO DA VARZEA",10318,"0",28.0613026819923,11.086,74.4380035400391,43.8559989929199,0.474000006914139,4.80758379415416,-3.20027780532837,59.8119430541992
1301209,"AM","COARI",21755,"0",29.5925764825286,12.946,81.0240020751953,51.398998260498,0.541999995708466,10.6416837782341,-4.08500003814697,63.1413879394531
1301308,"AM","CODAJAS",9308,"0",34.4403203750733,12.121,71.8259963989258,53.0699996948242,0.493999987840652,4.54996280684354,-3.83666658401489,62.0569458007812
1301407,"AM","EIRUNEPE",11627,"0",27.1298333857278,9.956,87.306999206543,67.1110000610352,0.591000020503998,4.79406554472985,-6.66027784347534,69.8736114501953
1301506,"AM","ENVIRA",5987,"0",26.0726905603231,3.966,85.5490036010742,79.8339996337891,0.504999995231628,2.44660194174757,-7.43333339691162,70.0233306884766
1301605,"AM","FONTE BOA",8024,"0",24.8842310504509,8.863,75.8079986572266,57.4490013122559,0.439999997615814,8.991462113127,-2.51388883590698,66.091667175293
1301654,"AM","GUAJARA",6732,"0",19.2499043245312,13.1,81.2529983520508,73.4540023803711,0.486000001430511,6.57091561938959,-7.54583311080933,72.583610534668
1301704,"AM","HUMAITA",17957,"0",28.3970136144049,10.139,76.7229995727539,57.257999420166,0.592000007629395,5.74820957406709,-7.50611114501953,63.0208320617676
1301803,"AM","IPIXUNA",5802,"0",27.3646444879322,12.36,91.8330001831055,74.6129989624023,0.61599999666214,3.88054023207152,-7.05055570602417,71.6947250366211
1301852,"AM","IRANDUBA",15742,"0",25.8102597123846,19.717,61.1650009155273,35.4199981689453,0.469999998807907,8.11364387182028,-3.28472232818604,60.1861114501953
1301902,"AM","ITACOATIARA",41242,"1",4.24154288286417,0,63.3339996337891,26.1730003356934,0.537999987602234,20.5254824078796,-3.14305543899536,58.4441680908203
1301951,"AM","ITAMARATI",3127,"0",16.2463343108504,10.764,69.447998046875,87.0530014038086,0.476999998092651,1.51205557825909,-6.42500019073486,68.2533340454102
1302009,"AM","ITAPIRANGA",3420,"0",15.2018106374953,5.569,68.3190002441406,19.3589992523193,0.505999982357025,17.9837398373984,-2.74888896942139,58.0219459533691
1302108,"AM","JAPURA",1989,"0",26.9938650306748,11.955,75.3280029296875,76.9400024414062,0.425999999046326,1.37816979051819,-1.82611107826233,66.5988922119141
1302207,"AM","JURUA",3053,"0",30.6258322237017,10.274,84.677001953125,69.1480026245117,0.521000027656555,1.21100917431193,-3.4811110496521,66.0688858032227
1302306,"AM","JUTAI",5288,"0",29.8594847775176,13.241,69.879997253418,70.5930023193359,0.554000020027161,6.635700066357,-2.74666666984558,66.7666702270508
1302405,"AM","LABREA",12609,"0",33.868303044607,14.549,83.786003112793,63.6030006408691,0.633000016212463,9.72197627058615,-7.25861120223999,64.7980575561523
1302553,"AM","MANAQUIRI",7136,"0",24.6899911426041,9.767,70.9410018920898,45.6479988098145,0.671999990940094,3.16060271958839,-3.42805552482605,60.4594459533691
1302702,"AM","MANICORE",14841,"0",18.4237578526556,7.869,74.9179992675781,52.2280006408691,0.552999973297119,2.72740896148659,-5.809166431427,61.3002777099609
1302801,"AM","MARAA",5108,"0",31.6876122082585,11.63,85.4369964599609,56.2820014953613,0.453000009059906,5.63522012578616,-1.85611116886139,65.5811080932617
1302900,"AM","MAUES",20290,"0",18.881069669247,11.513,69.9589996337891,27.7320003509521,0.671999990940094,26.079699561861,-3.38361120223999,57.7186126708984
1303007,"AM","NHAMUNDA",8724,"0",24.608,6.384,84.8000030517578,31.2770004272461,0.59799998998642,7.90067720090294,-2.18611121177673,56.7130546569824
1303106,"AM","NOVA OLINDA DO NORTE",10476,"0",18.75,9.879,77.9029998779297,35.5530014038086,0.554000020027161,3.42134213421342,-3.88805556297302,59.094165802002
1303205,"AM","NOVO AYRAO",5882,"0",20.9535378074704,10.071,75.7910003662109,38.8079986572266,0.507000029087067,5.9173313995649,-2.62138891220093,60.9441680908203
1303304,"AM","NOVO ARIPUANA",7600,"0",20.5841446453407,12.641,70.5449981689453,59.2779998779297,0.610000014305115,10.459035444509,-5.12055540084839,60.3797225952148
1303403,"AM","PARINTINS",36478,"0",17.7491562779806,7.981,74.0429992675781,24.9950008392334,0.617999970912933,19.1003379559492,-2.62833333015442,56.7358322143555
1303502,"AM","PAUINI",5214,"0",32.742474916388,13.928,73.015998840332,84.2180023193359,0.638000011444092,9.393605292172,-7.71361112594604,66.9763870239258
1303536,"AM","PRESIDENTE FIGUEIREDO",12682,"0",25.7701711491443,10.818,45.1920013427734,21.2140007019043,0.617999970912933,8.78371060327088,-2.0344443321228,60.0250015258789
1303569,"AM","RIO PRETO DA EVA",6154,"0",20.0044752741105,11.132,62.1189994812012,33.7939987182617,0.60699999332428,8.12379110251451,-2.69944453239441,59.6997222900391
1303601,"AM","SANTA ISABEL DO RIO NEGRO",3840,"0",32.6984126984127,16.793,92.2429962158203,46.9640007019043,0.493000000715256,6.52883569096844,-0.413888901472092,65.0191650390625
1303700,"AM","SANTO ANTONIO DO ICA",0,"0",23.0872784384115,9.644,87.3509979248047,62.1150016784668,0.640999972820282,4.07060518731988,-3.10222220420837,67.9397201538086
1303809,"AM","SAO GABRIEL DA CACHOEIRA",13203,"0",32.459826946848,15.765,67.9020004272461,37.2680015563965,0.629000008106232,13.032083145052,-0.130277782678604,67.0891647338867
1303908,"AM","SAO PAULO DE OLIVENCA",8077,"0",26.2239165329053,15.566,85.4420013427734,50.734001159668,0.638000011444092,4.67599942271612,-3.37833333015442,68.8724975585938
1303957,"AM","SAO SEBASTIAO DO UATUMA",3242,"0",25.5115367871136,5.442,65.9410018920898,24.0049991607666,0.638999998569489,4.59940652818991,-2.57194447517395,57.8708343505859
1304005,"AM","SILVES",3781,"0",21.0332103321033,8.771,74.1269989013672,16.9260005950928,0.52999997138977,29.2841648590022,-2.8388888835907,58.2091674804688
1304062,"AM","TABATINGA",15639,"0",34.3358971415452,16.975,69.9680023193359,34.2239990234375,0.552999973297119,8.10966810966811,-4.25250005722046,69.9380569458008
1304104,"AM","TAPAUA",5854,"0",30.6851506264996,10.64,90.7200012207031,76.1080017089844,0.419999986886978,2.80062671367019,-5.628333568573,63.1833343505859
1304203,"AM","TEFE",23657,"0",28.4611073052251,11.361,60.0149993896484,39.7540016174316,0.497000008821487,8.40690602315087,-3.35416674613953,64.7113876342773
1304237,"AM","TONANTINS",4037,"0",25.3278381416261,9.168,86.1399993896484,40.5639991760254,0.481000006198883,5.57053009883199,-2.87305545806885,67.8022232055664
1304260,"AM","UARINI",3572,"0",32.4745356500899,8.434,57.8489990234375,41.4379997253418,0.505999982357025,3.34242837653479,-2.99000000953674,65.1083297729492
1304302,"AM","URUCARA",6349,"0",18.3062987149779,5.301,73.1190032958984,24.7049999237061,0.617999970912933,18.6988776868937,-2.53638887405396,57.7599983215332
1304401,"AM","URUCURITUBA",7533,"0",23.2408005164622,7.298,88.302001953125,29.3400001525879,0.481000006198883,22.831184056272,-3.13083338737488,58.1549987792969
1500131,"PA","ABEL FIGUEIREDO",4153,"0",25.3229974160207,9.555,66.4300003051758,43.7490005493164,0.514999985694885,13.8065522620905,-4.95361089706421,48.3933334350586
1500206,"PA","ACARA",18775,"0",33.2208337133996,19.146,67.7249984741211,51.7159996032715,0.575999975204468,12.5326522319615,-1.96083331108093,48.1966667175293
1500305,"PA","AFUA",0,"0",33.413091779183,11.016,80.2300033569336,59.5719985961914,0.47299998998642,7.61806981519507,-0.156666666269302,50.3866653442383
1500347,"PA","AGUA AZUL DO NORTE",5859,"0",18.7769784172662,10.095,73.7249984741211,52.6940002441406,0.522000014781952,7.87781350482315,-6.79111099243164,50.4669456481934
1500404,"PA","ALENQUER",25641,"0",24.2811906269791,9.999,78.411003112793,29.2080001831055,0.528999984264374,6.6260209363856,-1.94166672229767,54.7383346557617
1500503,"PA","ALMERIM",21660,"0",41.3726522731262,12.762,60.132999420166,33.25,0.615000009536743,20.1777823450827,-1.52333331108093,52.5816650390625
1500602,"PA","ALTAMIRA",40461,"0",34.6726879728269,14.235,56.6759986877441,34.9690017700195,0.597000002861023,11.1659772492244,-3.20333337783813,52.2063903808594
1500701,"PA","ANAJAS",0,"0",33.1779784445092,11.016,70.6449966430664,66.6709976196289,0.395999997854233,1.29339686861811,-0.986666679382324,49.939998626709
1500800,"PA","ANANINDEUA",101769,"1",7.7955977515267,27.129,44.3569984436035,9.32999992370605,0.541000008583069,25.9710893967536,-1.36555552482605,48.3722229003906
1500859,"PA","ANAPU",0,"0",37.0554765291607,11.016,78.5670013427734,51.9059982299805,0.697000026702881,11.2751584372171,-3.47222232818604,51.1977767944336
1500909,"PA","AUGUSTO CORREA",19353,"0",36.9299128101945,12.075,88.2600021362305,50.1160011291504,0.41499999165535,2.38938053097345,-1.02166664600372,46.6349983215332
1500958,"PA","AURORA DO PARA",9148,"0",37.9824561403509,16.429,78.6060028076172,53.8419990539551,0.47299998998642,7.70740643810521,-2.13388895988464,47.5588874816895
1501006,"PA","AVEIRO",5904,"0",36.0420929552762,19.266,84.1529998779297,35.367000579834,0.554000020027161,10.7965638422491,-3.60555553436279,55.3316650390625
1501105,"PA","BAGRE",6792,"0",33.5220838052095,12.861,85.0490036010742,50.3860015869141,0.437000006437302,12.0040180813661,-1.89972221851349,50.1644439697266
1501204,"PA","BAIAO",0,"0",27.3487626031164,11.016,86.9960021972656,33.2360000610352,0.50900000333786,28.4883184042848,-2.79055547714233,49.6716651916504
1501253,"PA","BANNACH",2637,"0",28.0575539568345,12.591,55.3209991455078,30.2740001678467,0.643999993801117,11.2751584372171,-7.34805536270142,50.3958320617676
1501303,"PA","BARCARENA",30732,"0",30.9629765564068,13.546,56.2599983215332,23.9130001068115,0.565999984741211,19.2731802029527,-1.50583338737488,48.6258316040039
1501451,"PA","BELTERRA",6715,"0",29.8961284230406,18.99,79.2639999389648,34.3930015563965,0.518999993801117,11.2751584372171,-2.63638877868652,54.9372215270996
1501501,"PA","BENEVIDES",15569,"0",29.8775386019624,12.655,78.0800018310547,22.3530006408691,0.52700001001358,16.7177391896493,-1.36138892173767,48.2447204589844
1501576,"PA","BOM JESUS DO TOCANTINS",7862,"0",31.9971195391263,8.43,73.8249969482422,47.4739990234375,0.580999970436096,7.69329073482428,-5.05138874053955,48.6088905334473
1501600,"PA","BONITO",8609,"0",26.646248085758,13.687,83.6169967651367,55.8619995117188,0.488000005483627,3.07054953088827,-1.36249995231628,47.3058319091797
1501709,"PA","BRAGANCA",48319,"1",5.5766927358557,14.791,81.661003112793,37.3769989013672,0.501999974250793,6.75155805185812,-1.05361115932465,46.7655563354492
1501725,"PA","BRASIL NOVO",8136,"0",28.2958801498127,10.683,67.4410018920898,35.3810005187988,0.493000000715256,14.8911046969299,-3.30472230911255,53.5355567932129
1501758,"PA","BREJO GRANDE DO ARAGUAIA",5212,"0",30.9462086843811,9.341,91.0149993896484,51.0149993896484,0.546999990940094,6.27013098561306,-5.69888877868652,48.4130554199219
1501782,"PA","BREU BRANCO",9420,"0",39.5113732097725,15.171,71.859001159668,46.5120010375977,0.537999987602234,7.72285966460724,-4.06777763366699,49.6369438171387
1501808,"PA","BREVES",30273,"0",37.5599293464547,17.859,81.6340026855469,57.0270004272461,0.523000001907349,7.01872129989403,-1.68222224712372,50.4802780151367
1501907,"PA","BUJARU",10230,"0",33.6562826054554,12.508,81.7440032958984,40.4869995117188,0.527999997138977,17.0739619377163,-1.51499998569489,48.0447235107422
1501956,"PA","CACHOEIRA DO PIRIA",6649,"0",23.6776516200498,15.102,78.3089981079102,53.6049995422363,0.552999973297119,11.2751584372171,-1.7597222328186,46.5449981689453
1502004,"PA","CACHOEIRA DO ARARI",0,"0",31.4768182491483,11.016,80.2129974365234,37.2389984130859,0.499000012874603,12.7572016460905,-1.01138889789581,48.9633331298828
1502103,"PA","CAMETA",43335,"1",4.05284715592375,10.024,86.6360015869141,29.8740005493164,0.499000012874603,21.219355666795,-2.24444437026978,49.4958343505859
1502152,"PA","CANAA DOS CARAJAS",6355,"0",26.2162162162162,7.961,78.015998840332,42.4150009155273,0.522000014781952,11.2751584372171,-6.49694442749023,49.8783340454102
1502202,"PA","CAPANEMA",37217,"0",23.3564624250265,12.823,67.109001159668,29.1490001678467,0.5799999833107,9.56271707567044,-1.19583332538605,47.1808319091797
1502301,"PA","CAPITAO POCO",24528,"0",33.5082944530845,11.053,82.8639984130859,55.5660018920898,0.515999972820282,5.60275545350172,-1.74638891220093,47.0594444274902
1502400,"PA","CASTANHAL",63359,"1",6.57788701748731,15.71,59.7589988708496,22.7099990844727,0.569000005722046,11.0116554997208,-1.29388892650604,47.9263877868652
1502509,"PA","CHAVES",0,"0",41.0047018064835,11.016,85.9649963378906,44.5800018310547,0.486000001430511,2.23398001175779,-0.159999996423721,49.9883346557617
1502608,"PA","COLARES",5252,"0",29.7780959198282,10.354,81,29.2670001983643,0.513999998569489,9.43396226415094,-0.936666667461395,48.281665802002
1502707,"PA","CONCEICAO DO ARAGUAIA",26455,"0",15.6554542596668,11.141,65.1289978027344,35.2890014648438,0.531000018119812,10.8655990269613,-8.25777816772461,49.264720916748
1502756,"PA","CONCORDIA DO PARA",11642,"0",37.2230889235569,19.578,69.2119979858398,51.0950012207031,0.577000021934509,12.7814153735761,-2.0016667842865,47.9497222900391
1502764,"PA","CUMARU DO NORTE",4884,"0",26.5833333333333,16.677,54.0960006713867,34.6710014343262,0.675000011920929,1.69382504288165,-7.82499980926514,50.772777557373
1502772,"PA","CURIONOPOLIS",21235,"0",41.2048192771084,23.397,62.5219993591309,42.6119995117188,0.580999970436096,4.87988364511761,-6.10166645050049,49.5980567932129
1502806,"PA","CURRALINHO",7489,"0",35.0832912670368,13.836,77.3990020751953,50.9500007629395,0.522000014781952,7.0443205165835,-1.8136111497879,49.7952766418457
1502855,"PA","CURUA",3597,"0",28.7015945330296,10.679,85.0100021362305,37.5550003051758,0.451999992132187,11.2751584372171,-1.88805556297302,55.1166648864746
1502939,"PA","DOM ELISEU",18520,"0",40.6593406593407,16.08,62.3629989624023,52.3059997558594,0.540000021457672,4.17077378018728,-4.28499984741211,47.5050010681152
1502954,"PA","ELDORADO DO CARAJAS",7661,"0",39.3787035374394,19.635,71.4369964599609,50.7900009155273,0.550000011920929,7.37071860308932,-6.10416650772095,49.3552780151367
1503002,"PA","FARO",3263,"0",18.7525313892264,7.538,87.0699996948242,33.5340003967285,0.48199999332428,12.7911275415896,-2.17138886451721,56.7449989318848
1503044,"PA","FLORESTA DO ARAGUAIA",7577,"0",24.5707656612529,15.456,77.4029998779297,54.4080009460449,0.455000013113022,9.00621118012422,-7.55361127853394,49.7125015258789
1503077,"PA","GARRAFAO DO NORTE",11963,"0",46.5160075329567,17.957,85.0999984741211,64.697998046875,0.449999988079071,5.44677467448564,-1.93416666984558,47.0525016784668
1503093,"PA","GOIANESIA DO PARA",9477,"0",43.8394908962348,12.579,69.3119964599609,52.1290016174316,0.510999977588654,9.06113537117904,-3.84249997138977,49.0969429016113
1503101,"PA","GURUPA",0,"0",24.6961894953656,11.016,84.3509979248047,54.3880004882812,0.483999997377396,23.3021615820941,-1.40499997138977,51.6399993896484
1503200,"PA","IGARAPE ACU",17135,"0",39.7055592177543,17.02,76.4369964599609,36.4630012512207,0.554000020027161,9.49797359131913,-1.12888884544373,47.6199989318848
1503309,"PA","IGARAPE-MIRI",25252,"0",16.7390383393349,11.5,79.0230026245117,37.8339996337891,0.488999992609024,13.7422120100747,-1.97500002384186,48.9597206115723
1503408,"PA","INHANGAPI",5884,"0",34.8886783514922,18.393,78.3209991455078,37.3610000610352,0.486000001430511,7.05970709725873,-1.42972218990326,47.9197235107422
1503457,"PA","IPIXUNA DO PARA",7071,"0",39.1485626508668,17.53,73.7979965209961,56.0989990234375,0.467000007629395,7.38763561219218,-2.55777788162231,47.4949989318848
1503507,"PA","IRITUIA",15391,"0",31.8193287913197,14.483,82.6269989013672,44.4109992980957,0.456999987363815,18.9606640202093,-1.77111113071442,47.4380569458008
1503606,"PA","ITAITUBA",60036,"1",6.37100484904258,14.097,60.3289985656738,37.5449981689453,0.5799999833107,4.09099837502902,-4.27611112594604,55.9836120605469
1503705,"PA","ITUPIRANGA",16849,"0",32.7407979905323,13.823,84.3499984741211,55.4379997253418,0.522000014781952,8.34002140181915,-5.1347222328186,49.3266677856445
1503754,"PA","JACAREACANGA",4276,"0",23.960477562783,21.324,45.0719985961914,61.6479988098145,0.570999979972839,2.32753785754347,-6.22222232818604,57.7527770996094
1503804,"PA","JACUNDA",25519,"0",39.3783494105038,15.49,61.0620002746582,41.8269996643066,0.561999976634979,9.55934930282445,-4.45083332061768,49.1163902282715
1503903,"PA","JURUTI",12613,"0",21.2832902573323,13.419,82.9039993286133,28.9200000762939,0.503000020980835,17.16349670812,-2.15222215652466,56.0922241210938
1504000,"PA","LIMOEIRO DO AJURU",9056,"0",25.7296466973886,14.537,81.5299987792969,37.609001159668,0.446000009775162,21.9997512747171,-1.89527773857117,49.3805541992188
1504059,"PA","MAE DO RIO",0,"0",40.53,15.797,78.120002746582,37.4300003051758,0.578999996185303,10.3315137797896,-2.04638886451721,47.5505561828613
1504109,"PA","MAGALHAES BARATA",5461,"0",25.2463054187192,9.464,87.1740036010742,25.6410007476807,0.453000009059906,9.17221297836938,-0.793888866901398,47.5986099243164
1504208,"PA","MARABA",73893,"1",6.24914160142837,12.679,65.6849975585938,30.261999130249,0.597000002861023,11.4240161644225,-5.36861133575439,49.1177787780762
1504307,"PA","MARACANA",17866,"0",30.9638269367168,9.343,86.6360015869141,25.6019992828369,0.474000006914139,4.93600304143961,-0.59500002861023,47.5819435119629
1504406,"PA","MARAPANIM",13606,"0",29.3354638593853,10.366,79.4349975585938,22.4009990692139,0.504000008106232,11.1899387294421,-0.71749997138977,47.6997222900391
1504422,"PA","MARITUBA",21762,"0",31.4948181977868,20.715,67.0589981079102,20.5009994506836,0.52999997138977,11.2751584372171,-1.35527777671814,48.3419456481934
1504455,"PA","MEDICILANDIA",10446,"0",37.7394882345377,11.685,72.1529998779297,39.1660003662109,0.700999975204468,13.7819541275134,-3.44611120223999,52.8888893127441
1504505,"PA","MELGACO",8408,"0",28.693268352117,13.418,87,72.7809982299805,0.46000000834465,3.48689233901756,-1.80444443225861,50.7122230529785
1504604,"PA","MOCAJUBA",0,"0",31.5671465659665,11.016,79.5500030517578,27.1469993591309,0.462000012397766,18.8764860695163,-2.58416676521301,49.5072212219238
1504703,"PA","MOJU",22747,"0",32.799740764744,12.433,78.2310028076172,47.9620018005371,0.5,17.6595208070618,-1.88388884067535,48.7688903808594
1504802,"PA","MONTE ALEGRE",26125,"0",28.3636553198144,11.673,81.7880020141602,32.2190017700195,0.492000013589859,13.3517065931736,-2.00777769088745,54.0691680908203
1504901,"PA","MUANA",11838,"0",30.625922980802,11.463,81.3550033569336,32.1959991455078,0.495000004768372,10.8044943820225,-1.52833330631256,49.216667175293
1504950,"PA","NOVA ESPERANCA DO PIRIA",6034,"0",39.9370244030438,12.366,81.4120025634766,48.4379997253418,0.40200001001358,8.16621873061815,-2.26777768135071,46.9674987792969
1504976,"PA","NOVA IPIXUNA",6381,"0",36.1746361746362,14.313,84.890998840332,55.1629981994629,0.505999982357025,9.11528150134048,-4.92111110687256,49.0769462585449
1505007,"PA","NOVA TIMBOTEUA",0,"0",37.8038963129931,11.016,81.1279983520508,41.5670013427734,0.537999987602234,13.3568350959655,-1.20777773857117,47.3925018310547
1505031,"PA","NOVO PROGRESSO",4023,"0",32.6232114467409,6.598,36.9220008850098,27.8090000152588,0.592000007629395,3.09096261407124,-7.14777755737305,55.3811111450195
1505064,"PA","NOVO REPARTIMENTO",0,"0",39.8783341132429,11.016,80.2639999389648,54.7400016784668,0.507000029087067,9.09754064193414,-4.33055543899536,49.7963905334473
1505106,"PA","OBIDOS",24185,"0",21.5826473592501,10.35,74.0439987182617,29.701000213623,0.507000029087067,15.5809819027214,-1.91750001907349,55.5180549621582
1505205,"PA","OEIRAS DO PARA",0,"0",31.1144477811144,11.016,75.6380004882812,47.2750015258789,0.483999997377396,18.0615074363499,-2.00305557250977,49.8544425964355
1505304,"PA","ORIXIMINA",25943,"0",30.2749179771467,13.355,68.6289978027344,25.4309997558594,0.587999999523163,15.5577723802915,-1.76555550098419,55.8661117553711
1505403,"PA","OUREM",9134,"0",38.1287264944198,9.933,82.0619964599609,44.2229995727539,0.493000000715256,10.2870502662683,-1.55194449424744,47.114444732666
1505437,"PA","OURILANDIA DO NORTE",14583,"0",34.2309182487408,11.816,62.382999420166,35.4249992370605,0.675999999046326,11.2751584372171,-6.75472211837769,51.0838890075684
1505486,"PA","PACAJA",0,"0",40.1526933408737,11.016,88.609001159668,58.5069999694824,0.64300000667572,8.67714757230956,-3.83777785301208,50.6375007629395
1505494,"PA","PALESTINA DO PARA",3953,"0",26.2058488416255,9.152,89.109001159668,53.7070007324219,0.476999998092651,8.44239158326918,-5.74166679382324,48.3169441223145
1505502,"PA","PARAGOMINAS",31536,"0",39.1041697362605,17.132,63.0060005187988,42.742000579834,0.544000029563904,7.11532107060249,-2.99583339691162,47.3527793884277
1505536,"PA","PARAUAPEBAS",35277,"0",31.564598972738,11.335,48.2779998779297,24.5580005645752,0.583000004291534,14.9885732941561,-6.06750011444092,49.9022216796875
1505551,"PA","PAU D'ARCO",4858,"0",23.477530449391,15.545,76.7770004272461,45.8190002441406,0.504000008106232,5.1480335837384,-7.83305549621582,50.0444450378418
1505601,"PA","PEIXE-BOI",0,"0",29.3069306930693,11.016,83.3980026245117,38.4799995422363,0.533999979496002,9.28607940023854,-1.19194447994232,47.3122215270996
1505635,"PA","PICARRA",6928,"0",36.1511367275056,16.622,86.1060028076172,58.2150001525879,0.409000009298325,11.2751584372171,-6.43805551528931,48.8716659545898
1505650,"PA","PLACAS",4647,"0",30.7692307692308,14.742,88.3899993896484,33.1430015563965,0.674000024795532,15.20213023481,-3.86777782440186,54.2200012207031
1505700,"PA","PONTA DE PEDRAS",0,"0",33.1437239287069,11.016,76.0640029907227,29.7189998626709,0.467000007629395,7.85237534354142,-1.39027774333954,48.8711128234863
1505809,"PA","PORTEL",0,"0",33.3862692401661,11.016,78.1729965209961,62.1619987487793,0.479999989271164,5.21655437921078,-1.93555557727814,50.8211097717285
1505908,"PA","PORTO DE MOZ",0,"0",25.3607850683086,11.016,78.4029998779297,59.4199981689453,0.537999987602234,10.0243126987096,-1.74833333492279,52.2383346557617
1506005,"PA","PRAINHA",11951,"0",28.4796044499382,11.49,81.2109985351562,36.8009986877441,0.426999986171722,12.6225970969007,-1.79999995231628,53.4799995422363
1506104,"PA","PRIMAVERA",6369,"0",28.022910479423,8.948,87.0630035400391,47.5279998779297,0.578999996185303,4.16515755161173,-0.940277755260468,47.1163902282715
1506112,"PA","QUATIPURU",5980,"0",38.2383419689119,11.817,86.3310012817383,44.064998626709,0.583999991416931,11.2751584372171,-0.896944463253021,47.0052795410156
1506138,"PA","REDENCAO",33338,"0",16.870777027027,10.912,57.076000213623,30.3299999237061,0.555999994277954,3.96789391031234,-8.0286111831665,50.0313873291016
1506161,"PA","RIO MARIA",16427,"0",27.6064986567737,12.84,72.7249984741211,44.3619995117188,0.592000007629395,6.66666666666667,-7.31055545806885,50.0483322143555
1506187,"PA","RONDON DO PARA",22640,"0",27.4107872514301,9.217,56.3619995117188,40.7019996643066,0.544000029563904,5.71010986795686,-4.77611112594604,48.0672225952148
1506195,"PA","RUROPOLIS",12177,"0",38.5858585858586,16.422,87.3270034790039,45.9659996032715,0.545000016689301,12.4620324568255,-4.09555578231812,54.9102783203125
1506203,"PA","SALINOPOLIS",13534,"0",28.7864917098973,13.652,69.1740036010742,26.6590003967285,0.467000007629395,9.31504738423607,-0.613611102104187,47.3561096191406
1506302,"PA","SALVATERRA",8080,"0",37.1665285832643,10.39,75.8199996948242,22.9260005950928,0.527999997138977,6.93042659130669,-0.753333330154419,48.5166664123535
1506351,"PA","SANTA BARBARA DO PARA",7172,"0",27.5957226629872,12.608,77.359001159668,25.943000793457,0.515999972820282,13.3884803921569,-1.2236111164093,48.2944450378418
1506401,"PA","SANTA CRUZ DO ARARI",0,"0",23.763785129847,11.016,78.8170013427734,31.2549991607666,0.555999994277954,6.71140939597315,-0.663333356380463,49.1749992370605
1506500,"PA","SANTA IZABEL DO PARA",22145,"0",28.7755102040816,13.991,64.0390014648438,26.9190006256104,0.564999997615814,11.0978520286396,-1.29861116409302,48.1605567932129
1506559,"PA","SANTA LUZIA DO PARA",10041,"0",34.2105263157895,15.178,85.875,51.6220016479492,0.441000014543533,9.87557448716512,-1.52361106872559,46.8974990844727
1506583,"PA","SANTA MARIA DAS BARREIRAS",5971,"0",21.5706447187929,11.046,71.5910034179688,40.9169998168945,0.611999988555908,3.86615419398598,-8.87166690826416,49.712776184082
1506609,"PA","SANTA MARIA DO PARA",13860,"0",37.397135019811,16.194,72.359001159668,44.6720008850098,0.612999975681305,5.74290739466238,-1.35027778148651,47.575553894043
1506708,"PA","SANTANA DO ARAGUAIA",11378,"0",26.8499308437068,15.755,73.0540008544922,42.7750015258789,0.619000017642975,3.49935381250621,-9.29722213745117,50.1019439697266
1506807,"PA","SANTAREM",142913,"1",5.93523779870787,15.204,69.6650009155273,22.0389995574951,0.555000007152557,10.8309942763336,-2.44305562973022,54.7083320617676
1506906,"PA","SANTAREM NOVO",4961,"0",26.1685214626391,15.127,87.9800033569336,33.359001159668,0.545000016689301,6.6138221451573,-0.928888916969299,47.3969459533691
1507003,"PA","SANTO ANTONIO DO TAUA",11574,"0",34.1688806745986,13.061,78.3619995117188,34.4230003356934,0.532999992370605,11.2047346775003,-1.15194439888,48.1294441223145
1507102,"PA","SAO CAETANO DE ODIVELAS",9623,"0",26.7859699355762,9.432,78.6110000610352,27.1900005340576,0.423000007867813,10.429329474192,-0.75,48.0200004577637
1507151,"PA","SAO DOMINGOS DO ARAGUAIA",10430,"0",35.563041385948,8.883,79.2480010986328,52.7200012207031,0.540000021457672,13.1652012956964,-5.5377779006958,48.7333335876465
1507201,"PA","SAO DOMINGOS DO CAPIM",12123,"0",35.1615698898106,13.726,72.1139984130859,39.8190002441406,0.538999974727631,14.571199035951,-1.67416667938232,47.771110534668
1507300,"PA","SAO FELIX DO XINGU",0,"0",28.0460624071322,11.016,59.9280014038086,36.806999206543,0.564999997615814,4.92900277460421,-6.64472198486328,51.9949989318848
1507409,"PA","SAO FRANCISCO DO PARA",10428,"0",35.5955259975816,14.765,75.5839996337891,28.617000579834,0.551999986171722,9.72148116529719,-1.16944444179535,47.7952766418457
1507458,"PA","SAO GERALDO DO ARAGUAIA",17973,"0",36.5483982087496,14.497,80.0910034179688,54.2200012207031,0.479000002145767,3.95521742889254,-6.40055561065674,48.5550003051758
1507466,"PA","SAO JOAO DA PONTA",2773,"0",28.4285714285714,13.616,81.6269989013672,23.3519992828369,0.416000008583069,11.2751584372171,-0.84972220659256,47.9199981689453
1507474,"PA","SAO JOAO DE PIRABAS",9870,"0",31.077735599934,12.926,84.4449996948242,48.0390014648438,0.521000027656555,5.09733318330145,-0.774722218513489,47.1772232055664
1507508,"PA","SAO JOAO DO ARAGUAIA",6449,"0",26.2815296989422,12.001,80.0599975585938,57.9830017089844,0.550000011920929,5.51592135026971,-5.35833311080933,48.791389465332
1507607,"PA","SAO MIGUEL DO GUAMA",20186,"0",39.1443930117963,15.982,70.1959991455078,38.2179985046387,0.500999987125397,5.51816958277254,-1.62666666507721,47.4833335876465
1507706,"PA","SAO SEBASTIAO DA BOA VISTA",0,"0",30.239949149849,11.016,77.8870010375977,35.2309989929199,0.41499999165535,20.0883977900553,-1.71749997138977,49.5408325195312
1507755,"PA","SAPUCAIA",2387,"0",26.8207282913165,16.871,66.7870025634766,39.7560005187988,0.544000029563904,11.2751584372171,-6.9472222328186,49.6822204589844
1507805,"PA","SENADOR JOSE PORFIRIO",4887,"0",26.9945355191257,13.942,70.3479995727539,49.6990013122559,0.679000020027161,8.94071914480078,-2.59083342552185,51.9541664123535
1507904,"PA","SOURE",11564,"0",34.9753694581281,12.738,76.3539962768555,22.5349998474121,0.623000025749207,10.4918032786885,-0.716666638851166,48.5233345031738
1507953,"PA","TAILANDIA",15750,"0",43.4148389127925,16.449,58.0139999389648,40.4539985656738,0.606000006198883,7.01834862385321,-2.9472222328186,48.9530563354492
1507961,"PA","TERRA ALTA",4976,"0",29.8134777376655,8.189,89.2730026245117,30.5049991607666,0.493000000715256,17.9150035219535,-1.04111111164093,47.9075012207031
1507979,"PA","TERRA SANTA",6034,"0",25.1230472929596,10.015,85.3479995727539,26.2810001373291,0.486999988555908,7.68785010623913,-2.10416674613953,56.486946105957
1508001,"PA","TOME ACU",22805,"0",40.2854080128635,15.702,74.2559967041016,32.4669990539551,0.540000021457672,14.9698779932162,-2.41888880729675,48.1522216796875
1508035,"PA","TRACUATEUA",9915,"0",37.8154247127118,15.152,84.6220016479492,47.9959983825684,0.505999982357025,11.2751584372171,-1.07611107826233,46.9030570983887
1508050,"PA","TRAIRAO",4528,"0",36.6701066391469,11.835,78.4339981079102,48.4529991149902,0.540000021457672,6.35174806511876,-4.57444429397583,55.9436111450195
1508084,"PA","TUCUMA",18584,"0",30.8561385890033,12.474,56.2770004272461,35.0660018920898,0.574000000953674,11.2751584372171,-6.74749994277954,51.1611099243164
1508100,"PA","TUCURUI",37547,"0",38.2308900332347,10.342,64.7229995727539,25.2299995422363,0.578000009059906,10.1024890190337,-3.76611113548279,49.6725006103516
1508126,"PA","ULIANOPOLIS",6330,"0",36.592082616179,14.524,64.0690002441406,49.1879997253418,0.601999998092651,3.76660134988025,-3.7419445514679,47.4947204589844
1508159,"PA","URUARA",13916,"0",35.8227455841339,13.379,72.9710006713867,40.568000793457,0.538999974727631,13.1484502446982,-3.71749997138977,53.7366676330566
1508209,"PA","VIGIA",22362,"0",34.3969144460028,9.086,72.4390029907227,26.2549991607666,0.508000016212463,11.0927235344266,-0.858333349227905,48.1416664123535
1508308,"PA","VIZEU",27305,"0",30.5611579072251,14.644,88.9499969482422,43.7560005187988,0.46000000834465,6.74066327046996,-1.1966667175293,46.1399993896484
1508357,"PA","VITORIA DO XINGU",5020,"0",30.1496338745622,10.778,70.9779968261719,53.7229995727539,0.48199999332428,11.8909991742362,-2.88000011444092,52.0099983215332
1508407,"PA","XINGUARA",25375,"0",28.186214244734,17.182,56.3320007324219,34.4690017700195,0.639999985694885,7.01853287294764,-7.09499979019165,49.9458351135254
1700301,"TO","AGUIARNOPOLIS",1514,"0",21.9251336898396,6.942,78.693000793457,55.4119987487793,0.453999996185303,11.2751584372171,-6.5625,47.4663887023926
1700350,"TO","ALIANCA DO TOCANTINS",5451,"0",17.9095354523227,8.198,71.161003112793,33.9220008850098,0.537000000476837,7.89473684210526,-11.3061113357544,48.9358329772949
1700400,"TO","ALMAS",4798,"0",19.6706312900274,9.837,87.1389999389648,52.7599983215332,0.584999978542328,7.37980769230769,-11.5736112594604,47.1702766418457
1700707,"TO","ALVORADA",6571,"0",18.1505376344086,15.925,50.201000213623,24.3010005950928,0.612999975681305,6.44435622601561,-12.4799995422363,49.1247215270996
1701002,"TO","ANANAS",6498,"0",16.1132159572097,6.918,77.3880004882812,44.2690010070801,0.527999997138977,2.88895576286488,-6.3652777671814,48.0727767944336
1701051,"TO","ANGICO",1909,"0",17.9611650485437,5.995,89.7669982910156,50.3199996948242,0.442999988794327,6.89325035902346,-6.38916683197021,47.864444732666
1701101,"TO","APARECIDA DO RIO NEGRO",3070,"0",23.0245231607629,8.863,78.625,38.0779991149902,0.554000020027161,2.29095074455899,-9.95166683197021,47.9722213745117
1701309,"TO","ARAGOMINAS",3356,"0",16.2162162162162,9.22,77.3209991455078,50.6790008544922,0.456000000238419,8.9198606271777,-7.15972232818604,48.5275001525879
1701903,"TO","ARAGUACEMA",3154,"0",27.9182879377432,8.504,76.4359970092773,42.1459999084473,0.556999981403351,6.68058455114822,-8.80361080169678,49.5563888549805
1702000,"TO","ARAGUACU",8311,"0",17.1415004748338,5.409,65.9619979858398,30.8150005340576,0.554000020027161,6.23720650210716,-12.9305553436279,49.8263893127441
1702109,"TO","ARAGUAINA",54543,"1",6.11431103234382,10.571,55.7490005493164,28.7290000915527,0.620999991893768,11.2936423968452,-7.19111108779907,48.2072219848633
1702158,"TO","ARAGUANA",2224,"0",20.8267922553637,9.032,82.7360000610352,57.375,0.501999974250793,8.15121086828116,-6.58111095428467,48.6444435119629
1702208,"TO","ARAGUATINS",10836,"0",24.6898932154029,12.715,84.2959976196289,49.6879997253418,0.592999994754791,4.75406154076514,-5.65111112594604,48.1244430541992
1702307,"TO","ARAPOEMA",6435,"0",25.2444134078212,8.161,68.1190032958984,42.0209999084473,0.514999985694885,8.80940950552088,-7.65777778625488,49.0638885498047
1702406,"TO","ARRAIAS",5964,"0",25.5349500713267,10.567,72.4980010986328,48.359001159668,0.603999972343445,7.76945537641234,-12.9313888549805,46.9383316040039
1702554,"TO","AUGUSTINOPOLIS",7735,"0",21.3608794541319,12.843,79.1910018920898,53.0550003051758,0.570999979972839,20.1638661297042,-5.46638870239258,47.8875007629395
1702703,"TO","AURORA DO TOCANTINS",2717,"0",22.7982162764771,7.134,83.1729965209961,42.6660003662109,0.538999974727631,5.06899464939454,-12.7130556106567,46.4077758789062
1702901,"TO","AXIXA DO TOCANTINS",7289,"0",22.8880565959218,14.815,89.6389999389648,64.1019973754883,0.49099999666214,11.2412177985948,-5.61638879776001,47.7861099243164
1703008,"TO","BABACULANDIA",6177,"0",24.3978243978244,13.015,89.6380004882812,49.9519996643066,0.495999991893768,4.55845548802288,-7.20472240447998,47.7569427490234
1703057,"TO","BANDEIRANTE",1886,"0",16.9477911646586,5.958,76.0400009155273,55.0270004272461,0.483000010251999,11.2751584372171,-7.7563886642456,48.583610534668
1703073,"TO","BARRA DO OURO",2308,"0",16.677609980302,6.092,88.1460037231445,54.2459983825684,0.474999994039536,11.2751584372171,-7.68944454193115,47.6827774047852
1703107,"TO","BARROLANDIA",4613,"0",21.9102936431107,9.616,75.9120025634766,43.0499992370605,0.555999994277954,7.36617716721933,-9.83555603027344,48.7252769470215
1703206,"TO","BERNARDO SAYAO",3653,"0",21.9298245614035,5.132,79.7630004882812,37.9669990539551,0.545000016689301,9.50838975566676,-7.87361097335815,48.8883323669434
1703305,"TO","BOM JESUS DO TOCANTINS",1421,"0",15.838247683235,6.394,88.2600021362305,44.0769996643066,0.488999992609024,8.25825825825826,-8.96500015258789,48.166389465332
1703602,"TO","BRASILANDIA DO TOCANTINS",2924,"0",22.3099703849951,8.48,77.7379989624023,38.2540016174316,0.527999997138977,5.92899000344709,-8.38749980926514,48.4811096191406
1703701,"TO","BREJINHO DE NAZARE",3489,"0",22.8945216680294,13.297,82.0120010375977,44.3409996032715,0.565999984741211,8.55508579955235,-11,48.5655555725098
1703800,"TO","BURITI DO TOCANTINS",4317,"0",15.8818367943843,9.696,87.4619979858398,58.9669990539551,0.532000005245209,11.5191408279924,-5.31527757644653,48.2297210693359
1703826,"TO","CACHOEIRINHA",1073,"0",11.8152524167562,4.896,91.3150024414062,53.8870010375977,0.384999990463257,5.56760665220535,-6.12222242355347,47.9213905334473
1703842,"TO","CAMPOS LINDOS",3083,"0",19.3294918805657,9.903,87.1549987792969,65.5859985351562,0.497999995946884,4.87722838883283,-7.99388885498047,46.8680572509766
1703867,"TO","CARIRI DO TOCANTINS",2201,"0",16.135593220339,5.524,72.7570037841797,40.6679992675781,0.542999982833862,7.04301075268817,-11.890832901001,49.1611099243164
1703883,"TO","CARMOLANDIA",1778,"0",15.4704944178628,8.154,83.588996887207,52.4259986877441,0.481000006198883,4.89655172413793,-7.03333330154419,48.396110534668
1703891,"TO","CARRASCO BONITO",1884,"0",10.5125977410947,6.177,93.4240036010742,79.6869964599609,0.451999992132187,14.7355912061794,-5.32194423675537,48.0347213745117
1703909,"TO","CASEARA",2088,"0",21.1647727272727,8.179,73.5240020751953,39.0260009765625,0.540000021457672,8.48452508004269,-9.27833366394043,49.9555549621582
1704105,"TO","CENTENARIO",1961,"0",29.726996966633,8.773,89.3769989013672,45.8349990844727,0.442999988794327,13.2088520055325,-8.9505558013916,47.3358345031738
1704600,"TO","CHAPADA DA AREIA",765,"0",19.6363636363636,3.439,85.3030014038086,39.4469985961914,0.458999991416931,11.2751584372171,-10.1436109542847,49.1399993896484
1705102,"TO","CHAPADA DA NATIVIDADE",1550,"0",24.2290748898678,7.551,90.3789978027344,45.9249992370605,0.486000001430511,11.2751584372171,-11.6169443130493,47.7505569458008
1705508,"TO","COLINAS DO TOCANTINS",14649,"0",28.5229342606392,10.963,60.3610000610352,32.5139999389648,0.589999973773956,11.7016835953805,-8.05916690826416,48.4749984741211
1705557,"TO","COMBINADO",2658,"0",27.7479892761394,10.346,78.3199996948242,43.742000579834,0.561999976634979,4.09767050238563,-12.7919445037842,46.5388870239258
1705607,"TO","CONCEICAO DO TOCANTINS",3598,"0",20.0801201802704,5.966,80.5419998168945,40.7949981689453,0.555999994277954,3.23134114955676,-12.2186107635498,47.2983322143555
1706001,"TO","COUTO DE MAGALHAES",5842,"0",31.2135355892649,12.986,77.5979995727539,42.9199981689453,0.546999990940094,4.41152263374486,-8.2838888168335,49.2466659545898
1706100,"TO","CRISTALANDIA",4289,"0",17.2131147540984,6.099,64.3330001831055,32.5859985351562,0.617999970912933,12.8863367674379,-10.6002779006958,49.1930541992188
1706258,"TO","CRIXAS DO TOCANTINS",1106,"0",15.8707865168539,6.762,77.8150024414062,32.6220016479492,0.495999991893768,11.2751584372171,-11.1002779006958,48.9194450378418
1706506,"TO","DARCINOPOLIS",1884,"0",18.3123877917415,7.151,89.7009963989258,48.9930000305176,0.479000002145767,7.63636363636364,-6.71305561065674,47.7597236633301
1707009,"TO","DIANOPOLIS",8057,"0",16.6436145689258,8.405,64.2689971923828,37.7389984130859,0.547999978065491,11.3375796178344,-11.6277780532837,46.820556640625
1707108,"TO","DIVINOPOLIS",2984,"0",24.5601173020528,8.34,73.0189971923828,39.4249992370605,0.537999987602234,9.62544465369324,-9.79972267150879,49.2138900756836
1707207,"TO","DOIS IRMAOS DO TOCANTINS",4663,"0",18.844513377278,8.968,85.6640014648438,34.2319984436035,0.52999997138977,7.35444330949949,-9.25833320617676,49.0644454956055
1707306,"TO","DUERE",3237,"0",22.3375451263538,27.347,75.6620025634766,38.2389984130859,0.526000022888184,8.02609188882587,-11.3438892364502,49.2705574035645
1707405,"TO","ESPERANTINA",3118,"0",14.7478991596639,10.343,92.8369979858398,65.9540023803711,0.485000014305115,16.2114224902448,-5.34277772903442,48.5113906860352
1707553,"TO","FATIMA",2175,"0",13.4441087613293,6.203,68.0400009155273,25.1280002593994,0.524999976158142,5.17687661777394,-10.7594442367554,48.9080543518066
1707652,"TO","FIGUEIROPOLIS",5085,"0",19.7650513950073,9.186,72.1419982910156,30.5960006713867,0.547999978065491,7.01504676697845,-12.1308336257935,49.1741676330566
1707702,"TO","FILADELFIA",5947,"0",20.1318319143093,11.526,83.2279968261719,43.6419982910156,0.580999970436096,3.26047358834244,-7.33611106872559,47.4902763366699
1708205,"TO","FORMOSO DO ARAGUAIA",11551,"0",18.0431097117946,9.658,68.5429992675781,34.4459991455078,0.555000007152557,8.08582404197508,-11.796667098999,49.5288887023926
1708254,"TO","FORTALEZA DO TABOCAO",2070,"0",23.1441048034935,9.2,80.8160018920898,45.5349998474121,0.513999998569489,5.31484690930098,-9.05722236633301,48.5188903808594
1708304,"TO","GOIANORTE",4207,"0",23.3885017421603,7.14,79.3820037841797,34.3120002746582,0.612999975681305,4.23156801661475,-8.77583312988281,48.9316673278809
1709005,"TO","GOIATINS",6425,"0",14.0718562874251,9.551,89.1360015869141,54.2859992980957,0.52999997138977,4.24037134612972,-7.71000003814697,47.3141670227051
1709302,"TO","GUARAI",14049,"0",21.2776269872043,12.183,55.1910018920898,29.5960006713867,0.561999976634979,5.31977600943118,-8.83416652679443,48.5102767944336
1709500,"TO","GURUPI",40501,"1",6.56754537991426,34.363,42.9869995117188,21.2409992218018,0.620999991893768,13.0770112965193,-11.7291669845581,49.0686111450195
1709807,"TO","IPUEIRAS",487,"0",28.1569965870307,4.623,89.6559982299805,52.5,0.501999974250793,11.2751584372171,-11.2386112213135,48.4633331298828
1710508,"TO","ITACAJA",5207,"0",18.2564102564103,6.42,86.0810012817383,39.8370018005371,0.527999997138977,3.89635316698656,-8.39166641235352,47.7677764892578
1710706,"TO","ITAGUATINS",3516,"0",22.1476510067114,8.128,88.2809982299805,48.2919998168945,0.524999976158142,10.6194690265487,-5.7688889503479,47.4833335876465
1710904,"TO","ITAPIRATINS",2269,"0",15.2101400933956,5.832,90.4400024414062,41,0.485000014305115,2.1955044432828,-8.38388919830322,48.1113891601562
1711100,"TO","ITAPORA DO TOCANTINS",2904,"0",21.5317919075144,5.027,77.125,38.7550010681152,0.479000002145767,4.65116279069767,-8.57138919830322,48.6891670227051
1711506,"TO","JAU DO TOCANTINS",2861,"0",25.706771860618,10.095,73.2259979248047,36.9449996948242,0.503000020980835,10.4012465913518,-12.6549997329712,48.593334197998
1711803,"TO","JUARINA",2724,"0",26.9870609981516,11.907,88.3470001220703,41.640998840332,0.486000001430511,9.67606226335717,-8.11944484710693,49.0647239685059
1711902,"TO","LAGOA DA CONFUSAO",1541,"0",22.1761658031088,5.341,80.5410003662109,50.4090003967285,0.479999989271164,10.3196859226024,-10.7936115264893,49.6236114501953
1711951,"TO","LAGOA DO TOCANTINS",1715,"0",22.2348916761688,7.529,93.3190002441406,43.1969985961914,0.479999989271164,3.07941653160454,-10.3780555725098,47.5511093139648
1712009,"TO","LAGEADO",1476,"0",22.1502590673575,12.213,47.1940002441406,13.6230001449585,0.709999978542328,9.74212034383954,-9.75138854980469,48.3580551147461
1712157,"TO","LAVANDEIRA",473,"0",21.3541666666667,4.348,88.8880004882812,47.548999786377,0.493000000715256,11.2751584372171,-12.7886114120483,46.5061111450195
1712405,"TO","LIZARDA",2847,"0",23.3550681683462,12.177,86.5810012817383,33.9379997253418,0.517000019550323,3.98925968546222,-9.59416675567627,46.6730537414551
1712454,"TO","LUZINOPOLIS",791,"0",19.2627824019025,6.266,91.8410034179688,42.2019996643066,0.444000005722046,11.2751584372171,-6.18222236633301,47.8561096191406
1712504,"TO","MARIANOPOLIS DO TOCANTINS",1231,"0",19.5359281437126,9.013,72.9690017700195,34.4140014648438,0.527999997138977,9.01639344262295,-9.79583358764648,49.654167175293
1712702,"TO","MATEIROS",938,"0",28.2722513089005,12.564,93.6579971313477,66.0960006713867,0.485000014305115,1.96629213483146,-10.5474996566772,46.4211120605469
1712801,"TO","MAURILANDIA DO TOCANTINS",1804,"0",16.610455311973,6.78,87.4069976806641,60.7809982299805,0.45100000500679,6.5843621399177,-5.9530553817749,47.5063896179199
1713205,"TO","MIRACEMA DO TOCANTINS",10600,"0",25.924578634655,12.523,53.9459991455078,29.5599994659424,0.691999971866608,11.0515928954046,-9.56722259521484,48.3916664123535
1713304,"TO","MIRANORTE",11547,"0",23.1079265562024,12.014,63.3409996032715,31.6730003356934,0.653999984264374,5.11773394734556,-9.52944469451904,48.5900001525879
1713601,"TO","MONTE DO CARMO",4813,"0",27.3540856031128,12.982,78.4039993286133,42.7809982299805,0.533999979496002,6.4167585446527,-10.7633333206177,48.1088905334473
1713700,"TO","MONTE SANTO",903,"0",15.9752868490733,7.047,80.6760025024414,40.1430015563965,0.524999976158142,11.2751584372171,-10.0038890838623,48.9949989318848
1713957,"TO","MURICILANDIA",2410,"0",13.1939437635184,11.525,79.2969970703125,49.9090003967285,0.519999980926514,6.73841834347216,-7.14583349227905,48.6100006103516
1714203,"TO","NATIVIDADE",6185,"0",19.3173002327386,12.047,74.1240005493164,40.318000793457,0.587000012397766,4.81492192018508,-11.7097225189209,47.723331451416
1714302,"TO","NAZARE",2670,"0",15.6550703182828,6.694,90.4860000610352,41.2159996032715,0.538999974727631,2.41514360313316,-6.371666431427,47.5805549621582
1714880,"TO","NOVA OLINDA",6053,"0",24.0801886792453,12.334,75.3079986572266,44.5,0.549000024795532,8.08658008658009,-7.63166666030884,48.4225006103516
1715002,"TO","NOVA ROSALANDIA",1994,"0",17.3838209982788,5.737,70.8410034179688,33.2449989318848,0.519999980926514,5.89214380825566,-10.5666666030884,48.9141654968262
1715101,"TO","NOVO ACORDO",2926,"0",20.6513105639396,7.789,85.859001159668,35.7669982910156,0.549000024795532,2.70164447924824,-9.96277809143066,47.6772232055664
1715150,"TO","NOVO ALEGRE",1322,"0",25.3176043557169,9.383,75.5120010375977,40.6290016174316,0.606000006198883,7.13128038897893,-12.9311113357544,46.5736122131348
1715259,"TO","NOVO JARDIM",1207,"0",22.6711560044893,5.312,90.0609970092773,54.890998840332,0.497000008821487,6.47482014388489,-11.8238887786865,46.6283340454102
1715507,"TO","OLIVEIRA DE FATIMA",695,"0",14.4518272425249,5.046,84.2730026245117,32.0919990539551,0.526000022888184,11.2751584372171,-10.7077779769897,48.906665802002
1715705,"TO","PALMEIRANTE",2430,"0",19.3315858453473,11.453,85.1289978027344,51.8120002746582,0.448000013828278,1.87891440501044,-7.8600001335144,47.9258346557617
1715754,"TO","PALMEIROPOLIS",6666,"0",25.6042720629567,11.531,56.0740013122559,27.5109996795654,0.609000027179718,3.67816091954023,-13.0438890457153,48.4022216796875
1716109,"TO","PARAISO DO TOCANTINS",15992,"0",18.5802366272288,12.464,38.1730003356934,24.6550006866455,0.619000017642975,6.10338174063166,-10.1761112213135,48.8666648864746
1716208,"TO","PARANA",4895,"0",25.0678733031674,16.314,82.1859970092773,52.4410018920898,0.541999995708466,4.00236593059937,-12.6152782440186,47.883056640625
1716307,"TO","PAU D'ARCO",3530,"0",21.7809096732864,7.567,76.0699996948242,42.4440002441406,0.510999977588654,10.2959309494451,-7.53972244262695,49.3722229003906
1716505,"TO","PEDRO AFONSO",5273,"0",15.7756563245823,8.213,60.9379997253418,30.9729995727539,0.578999996185303,7.90924512298558,-8.96749973297119,48.1747207641602
1716604,"TO","PEIXE",5686,"0",20.3372766171659,9.874,82.1230010986328,41.0960006713867,0.563000023365021,7.90829927137018,-12.0249996185303,48.5391654968262
1716653,"TO","PEQUIZEIRO",3076,"0",24.7844827586207,6.048,69.5630035400391,41.6860008239746,0.493999987840652,10.6172839506173,-8.5936107635498,48.9341659545898
1716703,"TO","COLMEIA",7371,"0",22.2092480149463,5.978,61.3950004577637,37.3740005493164,0.560999989509583,6.10970715028988,-8.72944450378418,48.764720916748
1717008,"TO","PINDORAMA DE GOIAS",3358,"0",24.5820153637596,8.404,79.7170028686523,39.8349990844727,0.574999988079071,3.98660986001217,-11.1386108398438,47.5786094665527
1717206,"TO","PIRAQUE",1656,"0",11.1405835543767,6.097,77.8610000610352,45.4490013122559,0.497000008821487,4.92886178861789,-6.77361106872559,48.2969436645508
1717503,"TO","PIUM",2916,"0",20.2389843166542,7.357,73.2959976196289,39.2879981994629,0.549000024795532,3.32213512504666,-10.4425001144409,49.1822204589844
1717800,"TO","PONTE ALTA DO BOM JESUS",2726,"0",21.1308097747964,8.423,88.8970031738281,55.3520011901855,0.564000010490417,3.21576763485477,-12.0908336639404,46.4791679382324
1717909,"TO","PONTE ALTA DO TOCANTINS",4232,"0",32.5279480706816,11.985,87.1949996948242,37.5929985046387,0.587000012397766,4.45606173761514,-10.7438888549805,47.5361099243164
1718006,"TO","PORTO ALEGRE DO TOCANTINS",1716,"0",17.3985086992544,8.257,81.5230026245117,46.1230010986328,0.515999972820282,9.06233630172865,-11.6086111068726,47.0486106872559
1718204,"TO","PORTO NACIONAL",23518,"0",25.8119491649218,11.231,56.4970016479492,25.2059993743896,0.583000004291534,12.3435593909547,-10.7080554962158,48.4172210693359
1718303,"TO","PRAIA NORTE",3742,"0",16.5950128976784,8.312,84.2919998168945,61.4550018310547,0.519999980926514,14.4494720965309,-5.39305543899536,47.8111114501953
1718402,"TO","PRESIDENTE KENNEDY",3967,"0",20.682480233042,4.03,73.4290008544922,33.507999420166,0.550999999046326,7.10227272727273,-8.53944396972656,48.5061111450195
1718451,"TO","PUGMIL",735,"0",17.3160173160173,5.531,74.0350036621094,39.7389984130859,0.477999985218048,11.2751584372171,-10.4236106872559,48.893611907959
1718501,"TO","RECURSOLANDIA",2149,"0",19.4205168363352,8.091,93.4089965820312,63.4780006408691,0.465999990701675,6.04914933837429,-8.7277774810791,47.2430572509766
1718550,"TO","RIACHINHO",2235,"0",17.8500331785003,7.069,91.9499969482422,63.9580001831055,0.444000005722046,8.46666666666667,-6.4375,48.1383323669434
1718659,"TO","RIO DA CONCEICAO",843,"0",15.8833063209076,6.935,89.7210006713867,56.1689987182617,0.500999987125397,13.4158926728586,-11.4002780914307,46.8833351135254
1718709,"TO","RIO DOS BOIS",1872,"0",24.5901639344262,12.52,83.8430023193359,44.7099990844727,0.549000024795532,4.30739109153206,-9.34500026702881,48.5352783203125
1718758,"TO","RIO SONO",3576,"0",17.7276746242263,5.632,80.6890029907227,39.4189987182617,0.479999989271164,12.6992853216053,-9.3436107635498,47.9019432067871
1718808,"TO","SAMPAIO",1931,"0",18.4030418250951,10.326,93.7360000610352,66.3320007324219,0.46900001168251,26.9823788546255,-5.34833335876465,47.8730545043945
1718840,"TO","SANDOLANDIA",3038,"0",24.8005319148936,7.617,83.6559982299805,33.9990005493164,0.479999989271164,7.85739010038075,-12.5372219085693,49.9249992370605
1718865,"TO","SANTA FE DO ARAGUAIA",3842,"0",15.6048387096774,10.115,79.7939987182617,54.7669982910156,0.467999994754791,7.28880756328149,-7.15583324432373,48.7027778625488
1718881,"TO","SANTA MARIA DO TOCANTINS",1755,"0",18.1972789115646,3.805,87.5510025024414,44.7410011291504,0.465000003576279,12.0939875604699,-8.7969446182251,47.7947235107422
1718899,"TO","SANTA RITA DO TOCANTINS",669,"0",16.8595041322314,6.084,75.822998046875,38.6290016174316,0.490000009536743,11.2751584372171,-10.8608331680298,48.9136123657227
1718907,"TO","SANTA ROSA DO TOCANTINS",2373,"0",22.2417840375587,7.023,77.1449966430664,47.5149993896484,0.517000019550323,3.33943275388838,-11.4488887786865,48.1205558776855
1719004,"TO","SANTA TEREZA DO TOCANTINS",1782,"0",18.3453237410072,5.02,85.0279998779297,29.6919994354248,0.532000005245209,7.27650727650728,-10.2822217941284,47.8083343505859
1720002,"TO","SANTA TEREZINHA DO TOCANTINS",1179,"0",24.2290748898678,6.39,93.5270004272461,57.1230010986328,0.460999995470047,11.2751584372171,-6.43444442749023,47.6725006103516
1720101,"TO","SAO BENTO DO TOCANTINS",1986,"0",17.1206225680934,11.422,91.1320037841797,57.6529998779297,0.46000000834465,2.65168539325843,-6.02027797698975,47.9022216796875
1720150,"TO","SAO FELIX DO TOCANTINS",989,"0",27.0103092783505,10.376,88.2129974365234,77.2639999389648,0.524999976158142,1.62094763092269,-10.1683330535889,46.6594429016113
1720200,"TO","SAO MIGUEL DO TOCANTINS",3053,"0",25.869461648404,11.763,88.2040023803711,61.0250015258789,0.49099999666214,10.1639344262295,-5.55555534362793,47.5777778625488
1720259,"TO","SAO SALVADOR DO TOCANTINS",1549,"0",25.0485436893204,15.964,72.1389999389648,46.0859985351562,0.535000026226044,6.79730557256583,-12.7436113357544,48.2355537414551
1720309,"TO","SAO SEBASTIAO DO TOCANTINS",2302,"0",13.7165251469628,8.243,77.9919967651367,65.7669982910156,0.504999995231628,8.67964229352972,-5.25722217559814,48.2000007629395
1720499,"TO","SAO VALERIO DA NATIVIDADE",2766,"0",21.8646474207288,14.716,72.443000793457,45.8610000610352,0.508000016212463,5.33184190902312,-11.9750003814697,48.2336120605469
1720655,"TO","SILVANOPOLIS",3879,"0",23.4870317002882,7.687,80.2949981689453,42.2550010681152,0.574999988079071,3.45303867403315,-11.1466665267944,48.1691665649414
1720804,"TO","SITIO NOVO DO TOCANTINS",6724,"0",16.2922735127129,11.257,87.2539978027344,56.4339981079102,0.479999989271164,14.8840579710145,-5.59999990463257,47.6413879394531
1720853,"TO","SUCUPIRA",1093,"0",15.4627539503386,9.455,82.3820037841797,37.398998260498,0.528999984264374,5.91658583899127,-11.993332862854,48.970832824707
1720903,"TO","TAGUATINGA",6931,"0",17.6677067082683,9.337,83.9140014648438,47.6360015869141,0.592000007629395,3.78064516129032,-12.4038887023926,46.4361114501953
1720937,"TO","TAIPAS DO TOCANTINS",1303,"0",17.8128523111612,8.455,85.1650009155273,45.8460006713867,0.518999993801117,8.06302131603336,-12.1883335113525,46.9886093139648
1720978,"TO","TALISMA",1214,"0",20.3149606299213,7.814,72.2239990234375,41.1870002746582,0.570999979972839,11.2751584372171,-12.7950000762939,49.0924987792969
1721109,"TO","TOCANTINIA",3528,"0",20.7149853085211,12.409,72.6780014038086,37.689998626709,0.580999970436096,8.45741512805241,-9.56361103057861,48.3766670227051
1721208,"TO","TOCANTINOPOLIS",9527,"0",21.955109946451,10.232,79.1559982299805,37.3390007019043,0.592999994754791,10.3101176818888,-6.32944440841675,47.416389465332
1721257,"TO","TUPIRAMA",572,"0",22.2405271828666,9.364,82.9660034179688,67.1360015869141,0.542999982833862,11.2751584372171,-8.97277736663818,48.1877784729004
1721307,"TO","TUPIRATINS",1446,"0",18.7060478199719,7.071,77.6309967041016,41.8919982910156,0.541000008583069,6.14886731391586,-8.39388847351074,48.1155548095703
1722081,"TO","WANDERLANDIA",8351,"0",23.3437826541275,14.744,73.3109970092773,45.0900001525879,0.474000006914139,8.60769535898453,-6.84916687011719,47.9630546569824
1722107,"TO","XAMBIOA",8811,"0",20.4821397149393,8.58,65.9589996337891,40.1969985961914,0.532000005245209,2.92597378622854,-6.41111087799072,48.5363883972168
2100055,"MA","ACAILANDIA",39011,"0",37.202458801988,11.016,67.2770004272461,47.2089996337891,0.592999994754791,6.16823638440484,-4.9466667175293,47.5047225952148
2100105,"MA","AFONSO CUNHA",3617,"0",47.0643494598403,11.584,94.8960037231445,69.5960006713867,0.426999986171722,4.10287813839559,-4.13277769088745,43.3241653442383
2100154,"MA","AGUA DOCE",0,"0",36.6040955631399,11.016,89.7389984130859,74.5759963989258,0.455000013113022,11.2751584372171,-2.8405556678772,42.1122207641602
2100204,"MA","ALCANTARA",0,"0",40.6581485053038,11.016,81.5820007324219,57.2729988098145,0.46900001168251,11.7362254284884,-2.4088888168335,44.414722442627
2100303,"MA","ALDEIAS ALTAS",11058,"0",39.6333382417906,13.687,89.5619964599609,72.8519973754883,0.449000000953674,5.28069992709093,-4.62777757644653,43.4705543518066
2100402,"MA","ALTAMIRA DO MARANHAO",2805,"0",24.0330717488789,7.723,88.6859970092773,59.2490005493164,0.532000005245209,10.5648737227685,-4.05833339691162,45.4994430541992
2100436,"MA","ALTO ALEGRE DO MARANHAO",5462,"0",38.5034013605442,0,93.6699981689453,72.3209991455078,0.412000000476837,11.2751584372171,-4.21277761459351,44.4463882446289
2100477,"MA","ALTO ALEGRE DO PINDARE",9718,"0",22.8463443242539,8.811,94.2730026245117,73.4219970703125,0.423000007867813,11.2751584372171,-3.69000005722046,45.9027786254883
2100501,"MA","ALTO PARNAIBA",0,"0",37.0517928286853,11.016,88.3160018920898,39.443000793457,0.59799998998642,7.34806629834254,-9.11083316802979,45.9297218322754
2100550,"MA","AMAPA DO MARANHAO",0,"0",24.2342826437399,11.016,81.6640014648438,63.8289985656738,0.455000013113022,11.2751584372171,-1.56805551052094,45.9297218322754
2100600,"MA","AMARANTE DO MARANHAO",10300,"0",25.4309837031219,12.56,85.5169982910156,58.5429992675781,0.620000004768372,7.5924951779765,-5.56666660308838,46.7422218322754
2100709,"MA","ANAJATUBA",11518,"0",40.8364411294619,12.187,94.0999984741211,65.3550033569336,0.564999997615814,14.9687608469282,-3.26444435119629,44.6197204589844
2100808,"MA","ANAPURUS",6858,"0",30.614370010413,14.014,91.2440032958984,64.4079971313477,0.456999987363815,7.47663551401869,-3.67166662216187,43.1161117553711
2100832,"MA","APICUM ACU",3272,"0",29.5867768595041,14.504,92.7490005493164,49.976001739502,0.446000009775162,11.2751584372171,-1.46111106872559,45.1033325195312
2100873,"MA","ARAGUANA",4989,"0",34.5758928571429,19.03,92.2060012817383,63.0299987792969,0.425000011920929,11.2751584372171,-2.95277786254883,45.6652793884277
2100907,"MA","ARAIOSES",0,"0",39.7432113341204,11.016,93.8499984741211,69.1679992675781,0.433999985456467,4.92284198681884,-2.89000010490417,41.9030570983887
2100956,"MA","ARAME",12832,"0",26.1528299550014,13.132,89.697998046875,66.6500015258789,0.532000005245209,9.46168544508137,-4.88583326339722,46.0050010681152
2101004,"MA","ARARI",16272,"0",25.8527671423599,9.865,89.6210021972656,50.5960006713867,0.592000007629395,12.3863303021414,-3.45361113548279,44.7799987792969
2101103,"MA","AXIXA",0,"0",29.961895848653,11.016,89.3759994506836,38.6679992675781,0.437999993562698,6.56949291726545,-2.83694434165955,44.0533332824707
2101202,"MA","BACABAL",49648,"1",7.00677730935482,11.016,78.7409973144531,48.0250015258789,0.517000019550323,15.4679567360753,-4.29166650772095,44.7916679382324
2101251,"MA","BACABEIRA",0,"0",46.4343411031618,14.764,90.0999984741211,48.9949989318848,0.421000003814697,11.2751584372171,-2.97083330154419,44.3155555725098
2101301,"MA","BACURI",6092,"0",36.4591571573833,13.714,91.4459991455078,56.8540000915527,0.497999995946884,3.57142857142857,-1.70277774333954,45.1338882446289
2101350,"MA","BACURITUBA",0,"0",30.475161987041,11.016,96.9260025024414,67.7149963378906,0.412999987602234,11.2751584372171,-2.70583343505859,44.7377777099609
2101400,"MA","BALSAS",22359,"0",22.0734428890241,13.353,81.3109970092773,43.3549995422363,0.564000010490417,8.219853072926,-7.53249979019165,46.0355567932129
2101509,"MA","BARAO DE GRAJAU",0,"0",24.2719184852863,11.016,91.6269989013672,63.1699981689453,0.523000001907349,5.55486206466109,-6.7563886642456,43.0241661071777
2101608,"MA","BARRA DO CORDA",0,"0",32.1401370906321,11.614,90.2819976806641,56.2789993286133,0.629000008106232,3.34834669889048,-5.50555562973022,45.2433319091797
2101707,"MA","BARREIRINHAS",0,"0",28.9678707101925,11.016,93.0260009765625,56.0099983215332,0.483000010251999,8.18318318318318,-2.74694442749023,42.8263893127441
2101731,"MA","BELAGUA",0,"0",20.1149425287356,11.016,94.318000793457,73.6669998168945,0.444999992847443,11.2751584372171,-3.15499997138977,43.5102767944336
2101772,"MA","BELA VISTA",3936,"0",23.6495844875346,8.739,93.2979965209961,65.9189987182617,0.493000000715256,11.2751584372171,-3.7311110496521,45.3147239685059
2101806,"MA","BENEDITO LEITE",0,"0",25.3886010362694,11.016,93.6569976806641,58.673999786377,0.517000019550323,7.64855854089037,-7.22277784347534,44.5583343505859
2101905,"MA","BEQUIMAO",0,"0",38.2394670285609,11.016,95.6279983520508,50.1220016479492,0.497000008821487,13.456196219256,-2.44888877868652,44.7825012207031
2101939,"MA","BERNARDO DO MEARIM",3303,"0",23.9252037717756,7.393,95.3840026855469,60.7869987487793,0.391999989748001,11.2751584372171,-4.58444452285767,44.7644462585449
2101970,"MA","BOA VISTA DO GURUPI",0,"0",29.2536115569823,11.016,86.2689971923828,46.2080001831055,0.490000009536743,11.2751584372171,-1.78750002384186,46.3033332824707
2102002,"MA","BOM JARDIM",21187,"0",30.8933490751673,9.473,86.7389984130859,70.2109985351562,0.559000015258789,4.67309481519073,-4.74166679382324,44.3499984741211
2102036,"MA","BOM JESUS DAS SELVAS",5182,"0",34.7250215951627,12.94,86.4489974975586,72.4879989624023,0.46900001168251,11.2751584372171,-4.42000007629395,46.7652778625488
2102077,"MA","BOM LUGAR",4846,"0",19.2584122835675,7.851,95.2180023193359,70.7350006103516,0.435999989509583,11.2751584372171,-4.21972227096558,45.0391654968262
2102101,"MA","BREJO",0,"0",28.6646859438423,11.407,91.2310028076172,64.8659973144531,0.52999997138977,5.52390567534434,-3.68444442749023,42.7502784729004
2102150,"MA","BREJO DE AREIA",4825,"0",34.010955569081,6.591,92.984001159668,71.7529983520508,0.481000006198883,11.2751584372171,-4.11166667938232,45.4952774047852
2102200,"MA","BURITI",0,"0",31.527203664395,11.016,88.9919967651367,63.4290008544922,0.398000001907349,6.765899864682,-3.94222211837769,42.9249992370605
2102309,"MA","BURITI BRAVO",13876,"0",27.5298554368322,11.051,88.7460021972656,61.5029983520508,0.561999976634979,5.21061388913215,-5.8372220993042,43.833610534668
2102325,"MA","BURITICUPU",9221,"0",36.6840731070496,15.104,84.072998046875,60.5379981994629,0.528999984264374,11.2751584372171,-4.34583330154419,46.4011116027832
2102358,"MA","BURITIRANA",6589,"0",33.9909252318011,10.148,92.4369964599609,65.4899978637695,0.449999988079071,11.2751584372171,-5.59277772903442,47.0177764892578
2102374,"MA","CACHOEIRA GRANDE",0,"0",39.6975945017182,11.016,94.2259979248047,64.8089981079102,0.40200001001358,11.2751584372171,-2.92666673660278,44.0580558776855
2102408,"MA","CAJAPIO",0,"0",29.0841359258586,11.016,96.806999206543,68.3160018920898,0.435999989509583,9.39684183277246,-2.88083338737488,44.6747207641602
2102507,"MA","CAJARI",0,"0",37.4947065300246,11.016,94.3109970092773,50.5429992675781,0.41499999165535,12.7721518987342,-3.32083344459534,45.0108337402344
2102556,"MA","CAMPESTRE DO MARANHAO",0,"0",33.5309278350515,11.016,85.9059982299805,55.7470016479492,0.486999988555908,11.2751584372171,-6.17222213745117,47.3636093139648
2102606,"MA","CANDIDO MENDES",0,"0",19.6347549909256,11.016,92.8889999389648,42.5950012207031,0.441000014543533,4.34862385321101,-1.4466667175293,45.716667175293
2102705,"MA","CANTANHEDE",7331,"0",23.3819409525178,16.209,92.5869979858398,61.0519981384277,0.486000001430511,7.12663566562128,-3.63333344459534,44.3766670227051
2102754,"MA","CAPINZAL DO NORTE",6357,"0",30.697356426618,0,92.140998840332,64.8440017700195,0.397000014781952,11.2751584372171,-4.72833347320557,44.3269462585449
2102804,"MA","CAROLINA",14387,"0",31.3748303277099,10.359,85.6179962158203,40.0180015563965,0.549000024795532,9.04837266909792,-7.33277797698975,47.4694442749023
2102903,"MA","CARUTAPERA",0,"0",27.1117166212534,11.016,86.3119964599609,40.8950004577637,0.467000007629395,4.3256604356558,-1.19500005245209,46.0200004577637
2103000,"MA","CAXIAS",58712,"1",9.21006021962451,16.007,82.6279983520508,55.2949981689453,0.532000005245209,12.9336058747823,-4.85888910293579,43.3561096191406
2103109,"MA","CEDRAL",4640,"0",34.4566452101477,8.974,81.6269989013672,34.7070007324219,0.430999994277954,4.68240511282118,-2.00027775764465,44.5361099243164
2103125,"MA","CENTRAL DO MARANHAO",2676,"0",36.4064133844545,24.953,94.3450012207031,63.3300018310547,0.407999992370605,11.2751584372171,-2.19861102104187,44.825553894043
2103158,"MA","CENTRO DO GUILHERME",0,"0",28.494442573257,11.016,92.2929992675781,69.7470016479492,0.442999988794327,11.2751584372171,-2.36861109733582,46.0016670227051
2103174,"MA","CENTRO NOVO DO MARANHAO",0,"0",33.1891580161476,11.016,92.495002746582,66.8119964599609,0.372999995946884,11.2751584372171,-2.10694456100464,46.1283340454102
2103208,"MA","CHAPADINHA",27187,"0",37.872416250891,10.302,89.7180023193359,55.9020004272461,0.549000024795532,10.8707347064248,-3.74166655540466,43.360279083252
2103257,"MA","CIDELANDIA",6269,"0",38.5805881052399,12.945,85.7030029296875,56.6370010375977,0.46900001168251,11.2751584372171,-5.17416667938232,47.781665802002
2103307,"MA","CODO",49462,"1",8.87475232036709,18.421,88.7190017700195,62.6209983825684,0.51800000667572,5.68431979668176,-4.45527791976929,43.885555267334
2103406,"MA","COELHO NETO",21868,"0",36.1953938950832,17.552,79.2249984741211,56.3619995117188,0.508000016212463,8.35074925519143,-4.25666666030884,43.0127792358398
2103505,"MA","COLINAS",15804,"0",31.8084100094591,7.848,90.0979995727539,54.4780006408691,0.691999971866608,5.81820225982349,-6.02583312988281,44.2491683959961
2103554,"MA","CONCEICAO DO LAGO ACU",3478,"0",22.8867165037378,15.714,91.3499984741211,68.4649963378906,0.439000010490417,11.2751584372171,-3.83444452285767,44.8933334350586
2103604,"MA","COROATA",28609,"0",33.6168904376345,18.813,90.4619979858398,63.7719993591309,0.493999987840652,10.1615499597562,-4.13000011444092,44.1241683959961
2103703,"MA","CURURUPU",15445,"0",26.3154674498287,14.655,87.3779983520508,39.6459999084473,0.449000000953674,5.49745618993782,-1.82833337783813,44.8683319091797
2103752,"MA","DAVINOPOLIS",5181,"0",51.3973915357998,20.602,85.9599990844727,55.3919982910156,0.437999993562698,11.2751584372171,-5.55749988555908,47.4258346557617
2103802,"MA","DOM PEDRO",0,"0",28.1354141266358,10.388,81.0110015869141,50.273998260498,0.610000014305115,3.98525143170942,-5.03333330154419,44.4416656494141
2103901,"MA","DUQUE BACELAR",5084,"0",45.2008168822328,13.339,91.7229995727539,64.9889984130859,0.474000006914139,10.5168423759321,-4.15555572509766,42.9444427490234
2104008,"MA","ESPERANTINOPOLIS",11486,"0",21.9919401266552,8.566,90.9720001220703,59.3170013427734,0.509999990463257,12.4115286391828,-4.86666679382324,44.7083320617676
2104057,"MA","ESTREITO",0,"0",46.8251152891096,11.016,77.943000793457,42.0009994506836,0.580999970436096,6.62179217501052,-6.56055545806885,47.4511108398438
2104073,"MA","FEIRA NOVA DO MARANHAO",2237,"0",35.5947955390335,10.913,98.390998840332,49.9370002746582,0.490000009536743,11.2751584372171,-6.96000003814697,46.6855545043945
2104081,"MA","FERNANDO FALCAO",2885,"0",33.870458135861,9.238,86.9860000610352,63.0120010375977,0.528999984264374,11.2751584372171,-6.15194463729858,44.8930549621582
2104099,"MA","FORMOSA DA SERRA NEGRA",3903,"0",16.0849331006399,6.804,83.0699996948242,51.1360015869141,0.477999985218048,11.2751584372171,-6.43527793884277,46.1908340454102
2104107,"MA","FORTALEZA DOS NOGUEIRAS",5999,"0",16.1234780469807,8.309,92.5660018920898,40.1240005493164,0.61599999666214,8.48439821693908,-6.96388912200928,46.1772232055664
2104206,"MA","FORTUNA",11204,"0",28.9604626143088,8.95,92.0179977416992,56.1310005187988,0.517000019550323,6.61493328286174,-5.73333311080933,44.158332824707
2104305,"MA","GODOFREDO VIANA",0,"0",42.7119427119427,11.016,79.2429962158203,42.4910011291504,0.49099999666214,5.06123919308357,-1.40333330631256,45.7799987792969
2104404,"MA","GONCALVES DIAS",11444,"0",32.6413999375028,13.414,80.6220016479492,65.8259963989258,0.649999976158142,6.11987911349899,-5.15111112594604,44.299446105957
2104503,"MA","GOVERNADOR ARCHER",8213,"0",30.1309121621622,19.94,92.0019989013672,64.3099975585938,0.578000009059906,4.00277970813065,-5.02222204208374,44.271110534668
2104552,"MA","GOVERNADOR EDSON LOBAO",3980,"0",40.2238314680711,14.145,84.4369964599609,53.0880012512207,0.47299998998642,11.2751584372171,-5.74861097335815,47.3605537414551
2104602,"MA","GOVERNADOR EUGENIO BARROS",7533,"0",30.3078054417481,11.249,91.8629989624023,69.004997253418,0.49099999666214,6.93235608489846,-5.32305574417114,44.2466659545898
2104628,"MA","GOVERNADOR LUIZ ROCHA",4004,"0",11.2928759894459,8.071,92.8320007324219,74.3830032348633,0.425000011920929,11.2751584372171,-5.46861124038696,44.0738906860352
2104651,"MA","GOVERNADOR NEWTON BELLO",4161,"0",31.8721835313396,9.267,91.5869979858398,73.5770034790039,0.398999989032745,11.2751584372171,-3.42611122131348,45.6758346557617
2104677,"MA","GOVERNADOR NUNES FREIRE",0,"0",44.1316469468244,11.016,86.4329986572266,57.3709983825684,0.563000023365021,11.2751584372171,-2.12583327293396,45.8852767944336
2104701,"MA","GRACA ARANHA",4419,"0",16.5800360666172,8.91,91.443000793457,58.6749992370605,0.448000013828278,2.35263702171665,-5.40972232818604,44.3341674804688
2104800,"MA","GRAJAU",18083,"0",28.8292787329671,13.655,84.9300003051758,51.601001739502,0.564999997615814,5.94882888258988,-5.81944465637207,46.1386108398438
2104909,"MA","GUIMARAES",0,"0",35.0685489344374,10.938,87.9179992675781,31.7159996032715,0.537999987602234,10.3343865192206,-2.1330554485321,44.6011123657227
2105005,"MA","HUMBERTO DE CAMPOS",0,"0",29.7955974842767,11.016,90.5719985961914,55.9860000610352,0.453000009059906,7.97058238918704,-2.59833335876465,43.4611129760742
2105104,"MA","ICATU",0,"0",38.9151765702047,11.016,97.3460006713867,64.1940002441406,0.412999987602234,8.2486388384755,-2.77583336830139,44.0658340454102
2105153,"MA","IGARAPE DO MEIO",4540,"0",22.1496437054632,12.737,97.109001159668,70.8239974975586,0.418000012636185,11.2751584372171,-3.6611111164093,45.2266654968262
2105203,"MA","IGARAPE GRANDE",5714,"0",20.4271879808127,8.197,90.0999984741211,53.9039993286133,0.51800000667572,6.44102045971205,-4.56666660308838,44.8250007629395
2105302,"MA","IMPERATRIZ",121875,"1",7.12999258396017,15.69,64.9219970703125,31.9769992828369,0.620999991893768,9.98815884069412,-5.52638912200928,47.4916648864746
2105351,"MA","ITAIPAVA DO GRAJAU",2964,"0",26.2165867032214,8.325,91.6330032348633,76.5279998779297,0.49099999666214,11.2751584372171,-5.14472198486328,45.791389465332
2105401,"MA","ITAPECURU MIRIM",21497,"0",38.9549793417866,16.238,87.0749969482422,58.326000213623,0.499000012874603,14.9220298095977,-3.39249992370605,44.3586120605469
2105427,"MA","ITINGA DO MARANHAO",8118,"0",34.4924679712797,14.787,59.7770004272461,57.6730003356934,0.48199999332428,11.2751584372171,-4.44972229003906,47.5255546569824
2105450,"MA","JATOBA",1591,"0",15.2483801295896,13.127,95.8030014038086,66.4739990234375,0.486999988555908,11.2751584372171,-5.81666660308838,44.223331451416
2105476,"MA","JENIPAPO DOS VIEIRAS",5039,"0",31.118731247321,12.5,95.2360000610352,69.0370025634766,0.474999994039536,11.2751584372171,-5.37138891220093,45.6363906860352
2105500,"MA","JOAO LISBOA",15730,"0",43.0058794708476,13.914,89.2620010375977,56.4570007324219,0.495000004768372,8.64835089168905,-5.44777774810791,47.4008331298828
2105609,"MA","JOSELANDIA",9163,"0",31.9432287107665,9.979,90.2750015258789,60.1710014343262,0.492000013589859,2.8776024399947,-4.93333339691162,44.6833343505859
2105658,"MA","JUNCO DO MARANHAO",0,"0",31.919296430419,11.016,92.5419998168945,54.6839981079102,0.428000003099442,11.2751584372171,-1.84361112117767,46.0922241210938
2105708,"MA","LAGO DA PEDRA",22908,"0",21.3561085580508,8.44,88.0559997558594,62.7159996032715,0.532999992370605,8.2895340223641,-4.55000019073486,45.1166648864746
2105807,"MA","LAGO DO JUNCO",5165,"0",19.347681384513,7.688,77.6159973144531,66.4400024414062,0.465000003576279,16.4642056846326,-4.40000009536743,44.9166679382324
2105906,"MA","LAGO VERDE",7080,"0",27.2221550368848,11.19,93.4260025024414,64.9209976196289,0.405000001192093,13.4488327705183,-4.04166650772095,44.9333343505859
2105922,"MA","LAGOA DO MATO",5121,"0",25.8069474331386,8.681,92.5920028686523,63.6710014343262,0.425000011920929,11.2751584372171,-6.04666662216187,43.5261116027832
2105948,"MA","LAGO DOS RODRIGUES",4526,"0",20.728550295858,7.563,89.1620025634766,58.8919982910156,0.407000005245209,11.2751584372171,-4.49805545806885,44.8986129760742
2105963,"MA","LAGOA GRANDE DO MARANHAO",3856,"0",18.6101295641932,5.918,96.1969985961914,76.3199996948242,0.40200001001358,11.2751584372171,-4.81305551528931,45.3297233581543
2105989,"MA","LAJEADO NOVO",2047,"0",37.511353315168,10.844,89.4960021972656,54.4609985351562,0.524999976158142,11.2751584372171,-6.18861103057861,47.0352783203125
2106003,"MA","LIMA CAMPOS",8711,"0",43.6074918566775,16.5,81.7200012207031,59.7430000305176,0.51800000667572,8.47584437793929,-4.51666688919067,44.466667175293
2106102,"MA","LORETO",0,"0",30.2355759632661,11.016,95.0650024414062,43.3600006103516,0.564999997615814,14.4301828082458,-7.08444452285767,45.1411094665527
2106201,"MA","LUIS DOMINGUES DO MARANHAO",0,"0",21.5654583237128,11.016,80.3679962158203,41.9980010986328,0.504999995231628,6.10061841885342,-1.2683333158493,45.8733329772949
2106300,"MA","MAGALHAES DE ALMEIDA",8009,"0",19.5906432748538,11.29,94.4759979248047,57.923999786377,0.495000004768372,7.97886751557843,-3.39611101150513,42.2038879394531
2106326,"MA","MARACACUME",0,"0",42.540217955371,11.016,83.7910003662109,48.818000793457,0.488000005483627,11.2751584372171,-2.04277777671814,45.9591674804688
2106359,"MA","MARAJA DO SENA",3902,"0",24.9812453113278,8.567,89.5790023803711,65.6699981689453,0.405000001192093,11.2751584372171,-4.59944438934326,45.577220916748
2106375,"MA","MARANHAOZINHO",0,"0",29.5541777384116,11.016,90.5810012817383,55.7649993896484,0.437000006437302,11.2751584372171,-2.30972218513489,45.8419456481934
2106409,"MA","MATA ROMA",8308,"0",29.0932754880694,9.968,94.8320007324219,59.1160011291504,0.486999988555908,6.53252090123282,-3.625,43.1111106872559
2106508,"MA","MATINHA",11853,"0",37.0738287956831,10.64,95.1780014038086,45.2169990539551,0.527999997138977,10.5062842981059,-3.10055565834045,45.0336112976074
2106607,"MA","MATOES",0,"0",30.3130511463845,11.016,92.9000015258789,65.2279968261719,0.515999972820282,5.80300688492342,-5.5188889503479,43.1988906860352
2106631,"MA","MATOES DO NORTE",0,"0",27.95,11.016,97.8489990234375,76.5970001220703,0.40599998831749,11.2751584372171,-3.63222217559814,44.5558319091797
2106672,"MA","MILAGRES DO MARANHAO",1413,"0",29.2897327707454,8.87,95.5250015258789,75.7089996337891,0.426999986171722,11.2751584372171,-3.5813889503479,42.6094436645508
2106706,"MA","MIRADOR",0,"0",27.4578087329226,11.016,92.0059967041016,58.8940010070801,0.481000006198883,5.57725694444444,-6.37083339691162,44.3630561828613
2106755,"MA","MIRANDA DO NORTE",8181,"0",44.4237050863276,13.202,83.9329986572266,54.3320007324219,0.541999995708466,12.2788999201187,-3.56888890266418,44.5838890075684
2106805,"MA","MIRINZAL",0,"0",40.1197604790419,8.011,87.9160003662109,42.0589981079102,0.513000011444092,11.2480568509882,-2.06500005722046,44.7841682434082
2106904,"MA","MONCAO",10635,"0",33.7180804806704,10.638,91.1910018920898,55.8979988098145,0.42399999499321,5.91836734693878,-3.49166655540466,45.2511100769043
2107001,"MA","MONTES ALTOS",6721,"0",29.936628643853,10.598,91.2269973754883,51.117000579834,0.485000014305115,6.47193585337915,-5.83333349227905,47.0666656494141
2107100,"MA","MORROS",0,"0",32.3721163490471,11.016,93.7490005493164,62.6360015869141,0.538999974727631,13.6798739852175,-2.86444449424744,44.0394439697266
2107209,"MA","NINA RODRIGUES",5123,"0",28.2237590825527,11.279,96.0390014648438,65.4700012207031,0.550999999046326,11.7612638970158,-3.4661111831665,43.9049987792969
2107258,"MA","NOVA COLINAS",1814,"0",24.634858812074,10.37,97.1559982299805,56.1749992370605,0.550999999046326,11.2751584372171,-7.11555576324463,46.2569427490234
2107308,"MA","NOVA IORQUE",0,"0",31.3983050847458,11.016,94.9359970092773,52.2939987182617,0.515999972820282,3.97482610135807,-6.73388910293579,44.0444450378418
2107357,"MA","NOVA OLINDA DO MARANHAO",10320,"0",28.7794502617801,16.962,90.3809967041016,55.8380012512207,0.448000013828278,11.2751584372171,-2.84722232818604,45.6947212219238
2107407,"MA","OLHO D AGUA DAS CUNHAS",0,"0",31.8411467512631,11.016,86.4059982299805,62.1209983825684,0.483999997377396,8.5288089273514,-4.11472225189209,45.139720916748
2107456,"MA","OLINDA NOVA DO MARANHAO",4042,"0",42.6182052106787,18.709,97.9400024414062,58.2859992980957,0.416000008583069,11.2751584372171,-2.99805545806885,44.9969444274902
2107506,"MA","PACO DO LUMIAR",0,"0",33.3276855303287,14.88,55.810001373291,18.0620002746582,0.474999994039536,14.3504220712374,-2.53222227096558,44.1074981689453
2107605,"MA","PALMEIRANDIA",9678,"0",43.0517537717232,14.366,96.1279983520508,57.931999206543,0.45100000500679,4.72332015810277,-2.64527773857117,44.8950004577637
2107704,"MA","PARAIBANO",0,"0",14.3523501973448,11.016,83.2389984130859,55.9910011291504,0.559000015258789,8.26130878886519,-6.43305540084839,43.9836120605469
2107803,"MA","PARNARAMA",0,"0",29.8270651443922,11.016,93.552001953125,68.2429962158203,0.467000007629395,14.2314990512334,-5.6816668510437,43.093334197998
2107902,"MA","PASSAGEM FRANCA",11207,"0",26.9013642778736,10.768,89.7180023193359,58.0999984741211,0.513999998569489,2.48850011311364,-6.17972230911255,43.7836112976074
2108009,"MA","PASTOS BONS",0,"0",22.9962110171962,11.016,92.4820022583008,46.6020011901855,0.535000026226044,4.42667939386708,-6.60166645050049,44.0766677856445
2108058,"MA","PAULINO NEVES",0,"0",26.9020387866733,11.016,95.3539962768555,67.9079971313477,0.501999974250793,11.2751584372171,-2.71916675567627,42.5330543518066
2108108,"MA","PAULO RAMOS",12132,"0",28.0327615515376,8.12,82.1579971313477,59.2410011291504,0.541999995708466,6.87693327441449,-4.44388866424561,45.2405548095703
2108207,"MA","PEDREIRAS",23879,"0",38.5871433482296,10.509,75.1019973754883,43.3769989013672,0.523000001907349,12.6207986385462,-4.56888866424561,44.5919456481934
2108256,"MA","PEDRO DO ROSARIO",537,"0",35.79785909883,9.065,93.3560028076172,58.451000213623,0.449999988079071,11.2751584372171,-2.97333335876465,45.3494453430176
2108306,"MA","PENALVA",0,"0",29.0675976644796,11.016,94.1699981689453,51.867000579834,0.423000007867813,8.02451123431573,-3.29416656494141,45.1736106872559
2108405,"MA","PERI MIRIM",7434,"0",44.2991811738801,10.432,90.6920013427734,48.6030006408691,0.46399998664856,9.21144452198186,-2.57750010490417,44.8541679382324
2108454,"MA","PERITORO",6980,"0",40.2296406549011,23.439,92.9010009765625,67.9599990844727,0.448000013828278,11.2751584372171,-4.38333320617676,44.3333320617676
2108504,"MA","PINDARE MIRIM",14147,"0",29.1576673866091,8.379,85.9359970092773,45.4560012817383,0.513000011444092,8.79256601776157,-3.6083333492279,45.343334197998
2108603,"MA","PINHEIRO",30440,"0",41.5366554419352,11.05,88.6210021972656,39.6539993286133,0.564999997615814,6.46715632650935,-2.52138900756836,45.0825004577637
2108702,"MA","PIO XII",10553,"0",22.9475943480594,10.172,90.6959991455078,65.0309982299805,0.43299999833107,10.380130818087,-3.83249998092651,45.1525001525879
2108801,"MA","PIRAPEMAS",10592,"0",22.834008097166,15.592,94.6129989624023,63.9360008239746,0.418999999761581,10.7392825896763,-3.72666668891907,44.223331451416
2108900,"MA","POCAO DE PEDRAS",13437,"0",31.0646981154723,8.788,90.4810028076172,57.3450012207031,0.472000002861023,8.10957417954977,-4.66666650772095,44.8499984741211
2109007,"MA","PORTO FRANCO",0,"0",28.4900284900285,11.016,74.9329986572266,44.1180000305176,0.564999997615814,6.7485006445827,-6.33833312988281,47.3991661071777
2109056,"MA","PORTO RICO DO MARANHAO",0,"0",39.0927284856571,11.424,80.7929992675781,44.826000213623,0.409000009298325,11.2751584372171,-1.89250004291534,44.6049995422363
2109106,"MA","PRESIDENTE DUTRA",21813,"0",27.2347351750836,11.387,82.1119995117188,51.0779991149902,0.53600001335144,4.68026133438923,-5.28999996185303,44.4900016784668
2109205,"MA","PRESIDENTE JUSCELINO",0,"0",34.2687900563216,11.016,91.7470016479492,67.5270004272461,0.442999988794327,9.95180722891566,-2.92750000953674,44.064998626709
2109239,"MA","PRESIDENTE MEDICI",3600,"0",23.9449133718347,11.27,92.9420013427734,52.9129981994629,0.449999988079071,11.2751584372171,-2.38666677474976,45.8197212219238
2109270,"MA","PRESIDENTE SARNEY",0,"0",44.87895716946,11.016,94.6340026855469,58.2210006713867,0.481000006198883,11.2751584372171,-2.59138894081116,45.3641662597656
2109304,"MA","PRESIDENTE VARGAS",6026,"0",39.7063200714357,14.192,96.1370010375977,68.5839996337891,0.453999996185303,12.3070834982192,-3.40694451332092,44.0238876342773
2109403,"MA","PRIMEIRA CRUZ",0,"0",20.5616850551655,11.016,87.9869995117188,51.7700004577637,0.497999995946884,5.87884806355511,-2.50999999046326,43.4383316040039
2109452,"MA","RAPOSA",0,"0",36.8618402076723,12.877,76.1480026245117,41.3849983215332,0.444999992847443,11.2751584372171,-2.42305564880371,44.1033325195312
2109502,"MA","RIACHAO",11018,"0",31.3591595535128,13.761,93.8209991455078,48.9049987792969,0.517000019550323,13.484711861628,-7.36194467544556,46.6172218322754
2109551,"MA","RIBAMAR FIQUENE",2957,"0",32.6244151424926,10.576,88.661003112793,63.2789993286133,0.46399998664856,11.2751584372171,-5.93027782440186,47.3844451904297
2109601,"MA","ROSARIO",0,"0",41.4763073437795,16.089,86.1029968261719,46.6559982299805,0.476999998092651,11.5612198452435,-2.93444442749023,44.2350006103516
2109700,"MA","SAMBAIBA",0,"0",13.9332706766917,11.016,82.5199966430664,53.2760009765625,0.560999989509583,4.58035477892507,-7.14027786254883,45.3461112976074
2109759,"MA","SANTA FILOMENA DO MARANHAO",2435,"0",18.4743742550656,9.772,93.2269973754883,67.9100036621094,0.477999985218048,11.2751584372171,-5.50083351135254,44.5605545043945
2109809,"MA","SANTA HELENA",0,"0",32.9236977256053,11.016,85.5329971313477,53.8400001525879,0.428000003099442,6.67484139254678,-2.2311110496521,45.2999992370605
2109908,"MA","SANTA INES",49294,"1",6.5959863687997,7.424,72.9359970092773,42.3370018005371,0.544000029563904,7.75145668163148,-3.66666674613953,45.3800010681152
2110005,"MA","SANTA LUZIA",33761,"0",30.3217419564511,10.665,88.370002746582,62.2610015869141,0.497000008821487,7.80693565674377,-3.96333336830139,45.658332824707
2110039,"MA","SANTA LUZIA DO PARUA",11980,"0",28.3138649060437,13.494,92.9059982299805,56.935001373291,0.52700001001358,6.44049037970373,-2.50055551528931,45.7750015258789
2110104,"MA","SANTA QUITERIA DO MARANHAO",0,"0",22.6690949562402,13.852,90.9599990844727,64.3880004882812,0.483000010251999,8.58791260758536,-3.51555562019348,42.5466651916504
2110203,"MA","SANTA RITA",0,"0",42.9817556360956,14.273,94,59.0219993591309,0.488000005483627,16.9445203607543,-3.14361119270325,44.3258323669434
2110237,"MA","SANTANA DO MARANHAO",3160,"0",23.8828389034923,20.302,94.0199966430664,74.5960006713867,0.446000009775162,11.2751584372171,-3.11611104011536,42.4116668701172
2110278,"MA","SANTO AMARO DO MARANHAO",0,"0",31.0506980161646,11.016,89.6490020751953,53.6660003662109,0.493000000715256,11.2751584372171,-2.50027775764465,43.2544441223145
2110302,"MA","SANTO ANTONIO DOS LOPES",10029,"0",21.4511373209773,13.342,87.818000793457,61.5519981384277,0.5,5.02966939813507,-4.86666679382324,44.3666648864746
2110401,"MA","SAO BENEDITO DO RIO PRETO",0,"0",34.2971626597358,11.016,95.8949966430664,58.8409996032715,0.423000007867813,8.62045108620451,-3.33361101150513,43.5283317565918
2110500,"MA","SAO BENTO",0,"0",31.0234947208218,10.385,87.5019989013672,49.3230018615723,0.481000006198883,4.70046082949309,-2.69583344459534,44.8213882446289
2110609,"MA","SAO BERNARDO",0,"0",26.3250747871443,16.049,94.0619964599609,66.0979995727539,0.546000003814697,5.5788111728442,-3.36138892173767,42.4177780151367
2110658,"MA","SAO DOMINGOS DO AZEITAO",0,"0",18.4138141809291,11.016,92.3509979248047,50.3190002441406,0.533999979496002,11.2751584372171,-6.80999994277954,44.6447219848633
2110708,"MA","SAO DOMINGOS DO MARANHAO",17698,"0",27.800008794688,9.35,89.620002746582,59.125,0.513000011444092,4.15094339622642,-5.57583332061768,44.3852767944336
2110807,"MA","SAO FELIX DE BALSAS",0,"0",19.8301835113668,11.016,94.5579986572266,40.8849983215332,0.524999976158142,6.3752276867031,-7.08277797698975,44.8130569458008
2110856,"MA","SAO FRANCISCO DO BREJAO",3951,"0",30.9890815671163,12.295,76.9800033569336,60.6520004272461,0.527999997138977,11.2751584372171,-5.12277793884277,47.3858337402344
2110906,"MA","SAO FRANCISCO DO MARANHAO",0,"0",39.9363732767762,11.016,90.6009979248047,63.1180000305176,0.418999999761581,5.4921968787515,-6.25055551528931,42.856388092041
2111003,"MA","SAO JOAO BATISTA",0,"0",22.0695423587047,11.016,92.9449996948242,56.9700012207031,0.465000003576279,11.7382984986753,-2.95527768135071,44.8069458007812
2111029,"MA","SAO JOAO DO CARU",5506,"0",21.3716108452951,10.612,87.7060012817383,77.0080032348633,0.430999994277954,11.2751584372171,-3.5544445514679,46.2558326721191
2111052,"MA","SAO JOAO DO PARAISO",0,"0",27.8199566160521,11.016,90.7210006713867,53.6689987182617,0.488999992609024,11.2751584372171,-6.46111106872559,47.0574989318848
2111078,"MA","SAO JOAO DO SOTER",4169,"0",27.335092348285,26.957,96.1139984130859,77.1539993286133,0.430999994277954,11.2751584372171,-5.11388874053955,43.810001373291
2111102,"MA","SAO JOAO DOS PATOS",0,"0",38.2070655503369,11.016,85.5559997558594,47.6450004577637,0.509999990463257,4.65192144581458,-6.49499988555908,43.702220916748
2111201,"MA","SAO JOSE DE RIBAMAR",0,"0",34.2157650263682,16.442,74.0299987792969,26.3320007324219,0.508000016212463,10.9570697124852,-2.56194448471069,44.0541648864746
2111250,"MA","SAO JOSE DOS BASILIOS",4204,"0",19.0111572959965,12.845,97.8639984130859,70.7539978027344,0.42399999499321,11.2751584372171,-5.05111122131348,44.5838890075684
2111409,"MA","SAO LUIS GONZAGA DO MARANHAO",0,"0",36.259989344699,11.016,83.4980010986328,64.8470001220703,0.418000012636185,14.8973384030418,-4.39166688919067,44.6500015258789
2111508,"MA","SAO MATEUS DO MARANHAO",0,"0",36.2379337333681,11.016,89.3929977416992,59.2360000610352,0.437000006437302,6.91114245416079,-4.04166650772095,44.4749984741211
2111532,"MA","SAO PEDRO DA AGUA BRANCA",5392,"0",42.0888763090858,22.643,80.4800033569336,65.1689987182617,0.5799999833107,11.2751584372171,-5.08500003814697,48.4291648864746
2111573,"MA","SAO PEDRO DOS CRENTES",0,"0",22.1671826625387,11.016,85.8970031738281,43.9910011291504,0.488999992609024,11.2751584372171,-6.82638883590698,46.5319442749023
2111607,"MA","SAO RAIMUNDO DAS MANGABEIRAS",0,"0",34.1573033707865,11.016,90.0920028686523,49.2200012207031,0.609000027179718,12.431511019116,-7.02194452285767,45.4811096191406
2111631,"MA","SAO RAIMUNDO DA DOCA BEZERRA",3607,"0",29.4877222692633,10.605,85.0110015869141,71.2730026245117,0.46399998664856,11.2751584372171,-5.10472202301025,45.077220916748
2111672,"MA","SAO ROBERTO",2270,"0",17.9653119337303,9.648,94.4800033569336,69.7910003662109,0.446999996900558,11.2751584372171,-5.02111101150513,44.9908332824707
2111706,"MA","SAO VICENTE FERRER",0,"0",31.4746543778802,11.016,95.7620010375977,61.015998840332,0.486000001430511,7.34566030110134,-2.89416670799255,44.8802795410156
2111722,"MA","SATUBINHA",0,"0",18.0335731414868,11.016,93.8079986572266,70.1399993896484,0.370000004768372,11.2751584372171,-3.84916663169861,45.271110534668
2111748,"MA","SENADOR ALEXANDRE COSTA",6040,"0",28.3593510866238,18.915,90.4160003662109,70.9869995117188,0.469999998807907,11.2751584372171,-5.25638866424561,44.0555572509766
2111763,"MA","SENADOR LA ROQUE",11014,"0",38.8205771643664,15.298,89.375,66.8330001831055,0.486000001430511,11.2751584372171,-5.44250011444092,47.2908325195312
2111789,"MA","SERRANO DO MARANHAO",4024,"0",22.0786846741045,16.607,93.0999984741211,60.4189987182617,0.486000001430511,11.2751584372171,-1.85638892650604,45.122501373291
2111805,"MA","SITIO NOVO",7754,"0",32.8488213838532,21.881,89.9550018310547,42.5029983520508,0.499000012874603,2.93483469094394,-5.87805557250977,46.6991653442383
2111904,"MA","SUCUPIRA DO NORTE",0,"0",30.6055646481178,11.016,96.265998840332,45.7599983215332,0.488999992609024,5.38942388917047,-6.47694444656372,44.1916656494141
2111953,"MA","SUCUPIRA DO RIACHAO",0,"0",27.6346604215457,11.016,93.9759979248047,60.0069999694824,0.444000005722046,11.2751584372171,-6.41111087799072,43.5461120605469
2112001,"MA","TASSO FRAGOSO",0,"0",31.3574660633484,11.016,93.9339981079102,47.4230003356934,0.527999997138977,6.88473520249221,-8.4752779006958,45.7427787780762
2112100,"MA","TIMBIRAS",0,"0",40.6821106821107,11.016,93.3219985961914,69.7180023193359,0.456000000238419,5.08888114325549,-4.25527763366699,43.9405555725098
2112209,"MA","TIMON",57405,"1",7.99927526384926,11.016,77.6380004882812,43.8779983520508,0.488999992609024,18.0033939560157,-5.09416675567627,42.8366661071777
2112233,"MA","TRIZIDELA DO VALE",8510,"0",35.7347464909768,14.698,80.3489990234375,56.1469993591309,0.490000009536743,11.2751584372171,-4.57194423675537,44.6208343505859
2112274,"MA","TUFILANDIA",3067,"0",25.2498913515863,11.207,92.1800003051758,70.8219985961914,0.481000006198883,11.2751584372171,-3.72888898849487,45.554443359375
2112308,"MA","TUNTUM",20819,"0",24.6105707094755,9.254,88.2109985351562,56.7849998474121,0.507000029087067,4.23551009703645,-5.25805568695068,44.6488876342773
2112407,"MA","TURIACU",0,"0",38.6984192157668,11.016,87.9589996337891,55.5970001220703,0.500999987125397,12.9254069109583,-1.66333329677582,45.3716659545898
2112456,"MA","TURILANDIA",0,"0",31.7920585161964,11.016,90.2730026245117,68.4749984741211,0.488999992609024,11.2751584372171,-2.20083332061768,45.3424987792969
2112506,"MA","TUTOIA",0,"0",28.0203414456956,11.016,89.8809967041016,58.3489990234375,0.510999977588654,5.20537573348476,-2.76194453239441,42.2744445800781
2112605,"MA","URBANO SANTOS",0,"0",29.3778164281761,11.016,89.1660003662109,62.0460014343262,0.497000008821487,13.1148973350808,-3.20777773857117,43.4036102294922
2112704,"MA","VARGEM GRANDE",18499,"0",32.2934273434104,16.671,93.2320022583008,64.9929962158203,0.493000000715256,8.84749708963912,-3.54305553436279,43.9158325195312
2112803,"MA","VIANA",28249,"0",34.2093569478829,8.302,91.1780014038086,43.7680015563965,0.497000008821487,12.7430586958488,-3.22027778625488,45.0036125183105
2112852,"MA","VILA NOVA DOS MARTIRIOS",3256,"0",48.7155963302752,7.294,87.0699996948242,64.6869964599609,0.495999991893768,11.2751584372171,-4.98694467544556,47.9933319091797
2112902,"MA","VITORIA DO MEARIM",0,"0",28.8445239664752,9.731,87.1060028076172,56.3419990539551,0.481000006198883,8.78342143568528,-3.46222233772278,44.8705558776855
2113009,"MA","VITORINO FREIRE",15158,"0",26.2962824304594,8.685,83.8040008544922,56.523998260498,0.611999988555908,8.87742128487024,-4.28944444656372,45.25
2114007,"MA","ZE DOCA",27777,"0",27.9490412626636,13.346,85.697998046875,49.8860015869141,0.483000010251999,6.76898028101067,-3.27472233772278,45.658332824707
2200053,"PI","ACAUA",3701,"0",46.2308205470314,11.016,94.9260025024414,51.0139999389648,0.419999986886978,11.2751584372171,-8.21500015258789,41.0816650390625
2200103,"PI","AGRICOLANDIA",4514,"0",35.1809585914575,21.448,92.8759994506836,55.8720016479492,0.504999995231628,13.8796357983567,-5.79888868331909,42.668888092041
2200202,"PI","AGUA BRANCA",10667,"0",38.8298587760592,13.046,80.6289978027344,51.1020011901855,0.503000020980835,16.3475573108955,-5.89222240447998,42.6361122131348
2200251,"PI","ALAGOINHA",4885,"0",18.2367758186398,9.174,89.213996887207,73.765998840332,0.564000010490417,20.2183406113537,-7.00750017166138,40.9388885498047
2200277,"PI","ALEGRETE DO PIAUI",3095,"0",23.6959158916296,7.805,90.2259979248047,73.3939971923828,0.518999993801117,6.73112681294161,-7.24277782440186,40.8574981689453
2200301,"PI","ALTO LONGA",11230,"0",34.6255896226415,9.791,92.0230026245117,64.1439971923828,0.546000003814697,14.2844348916353,-5.25111103057861,42.210277557373
2200400,"PI","ALTOS",26821,"0",46.912711726825,17.645,88.2509994506836,59.3370018005371,0.524999976158142,25.6029609143043,-5.03805541992188,42.4599990844727
2200459,"PI","ALVORADA DO GURGUEIA",2523,"0",36.6910523353967,11.105,89.8040008544922,56.8300018310547,0.542999982833862,6.8050193050193,-8.4244441986084,43.7772216796875
2200509,"PI","AMARANTE",12318,"0",41.5384615384615,15.195,86.4909973144531,50.2360000610352,0.504000008106232,16.0726584022039,-6.24111127853394,42.8547210693359
2200608,"PI","ANGICAL DO PIAUI",6068,"0",28.6970243462579,9.089,91.9039993286133,45.3870010375977,0.61599999666214,18.8764829030007,-6.08555555343628,42.7391662597656
2200707,"PI","ANISIO DE ABREU",4858,"0",22.1159593544531,9.563,91.7210006713867,59.9599990844727,0.490000009536743,15.2571185720357,-9.18944454193115,43.0458335876465
2200806,"PI","ANTONIO ALMEIDA",2270,"0",19.5027624309392,12.401,94.8290023803711,51.0769996643066,0.500999987125397,6.62629141432134,-7.21916675567627,44.1974983215332
2200905,"PI","AROAZES",5940,"0",34.1634023503078,13.939,88.1240005493164,60.8409996032715,0.514999985694885,14.1125384476208,-6.11888885498047,41.7930564880371
2201002,"PI","ARRAIAL",3397,"0",42.8454284542845,19.208,91.8050003051758,62.7000007629395,0.467999994754791,8.19672131147541,-6.65472221374512,42.531665802002
2201051,"PI","ASSUNCAO DO PIAUI",4717,"0",29.8502604166667,9.692,93.213996887207,67.9160003662109,0.495000004768372,13.0598774163131,-5.86555576324463,41.0394439697266
2201101,"PI","AVELINO LOPES",8194,"0",31.3874788494078,10.787,91.1940002441406,49.7089996337891,0.537000000476837,5.44263171971115,-10.1366662979126,43.9486122131348
2201150,"PI","BAIXA GRANDE DO RIBEIRO",3863,"0",33.7694483734088,9.074,92.0979995727539,59.4339981079102,0.472000002861023,2.0939276099312,-7.8502779006958,45.2136116027832
2201176,"PI","BARRA D'ALCANTARA",2083,"0",42.0710059171598,13.696,96.3919982910156,65.7949981689453,0.439000010490417,9.9236641221374,-6.51666688919067,42.114444732666
2201200,"PI","BARRAS",24322,"0",27.7164439279489,19.5,91.6880035400391,63.4500007629395,0.537999987602234,19.0725103873475,-4.24444437026978,42.2944450378418
2201309,"PI","BARREIRAS DO PIAUI",2254,"0",28.7134866376631,16.078,89.4130020141602,43.326000213623,0.561999976634979,3.22364002686367,-9.92527770996094,45.4749984741211
2201408,"PI","BARRO DURO",5986,"0",30.2696433748913,16.209,84.9000015258789,61.0970001220703,0.568000018596649,14.9485405770204,-5.81694459915161,42.513053894043
2201507,"PI","BATALHA",15731,"0",38.6879498062373,13.119,92.4020004272461,66.3450012207031,0.541999995708466,14.3384867970995,-4.02500009536743,42.0750007629395
2201556,"PI","BELA VISTA DO PIAUI",2048,"0",27.7121978639685,4.675,96.6220016479492,46.4710006713867,0.439999997615814,25.2968508002065,-7.98888874053955,41.8683319091797
2201572,"PI","BELEM DO PIAUI",1468,"0",24.8423707440101,6.578,96.7559967041016,69.8410034179688,0.442999988794327,11.2751584372171,-7.37611103057861,40.9716682434082
2201606,"PI","BENEDITINOS",8526,"0",40.2997230819352,17.307,93.6760025024414,64.7389984130859,0.526000022888184,13.2311465358676,-5.45583343505859,42.360279083252
2201705,"PI","BERTOLINIA",4596,"0",22.6244343891403,9.12,88.8679962158203,43.7879981994629,0.560000002384186,5.47060090458755,-7.64111089706421,43.9513893127441
2201739,"PI","BETANIA DO PIAUI",3579,"0",36.4823084850567,9.454,96.7580032348633,69.0270004272461,0.391000002622604,11.5176964607079,-8.14833354949951,40.7955551147461
2201770,"PI","BOA HORA",3649,"0",12.3305084745763,17.48,89.6240005493164,78.7689971923828,0.504000008106232,15.5385128376125,-4.41111087799072,42.0861129760742
2201804,"PI","BOCAINA",4450,"0",26.803833145434,7.082,89.2890014648438,51.601001739502,0.508000016212463,26.0614934114202,-6.94250011444092,41.3224983215332
2201903,"PI","BOM JESUS",9493,"0",37.3486947644743,17.174,85.1330032348633,49.3279991149902,0.742999970912933,6.2762456020883,-9.07444477081299,44.3586120605469
2201919,"PI","BOM PRINCIPIO DO PIAUI",4233,"0",24.5333333333333,14.349,93.6259994506836,66.5530014038086,0.474000006914139,6.36942675159236,-3.19083333015442,41.6441650390625
2201929,"PI","BONFIM DO PIAUI",3771,"0",20.7089552238806,10.168,95.3000030517578,63.423999786377,0.483999997377396,13.55587808418,-9.16583347320557,42.8741683959961
2201945,"PI","BOQUEIRAO DO PIAUI",3739,"0",45.2341824157765,14.911,92.3690032958984,63.3660011291504,0.479999989271164,9.79338842975207,-4.48666667938232,42.0738906860352
2201960,"PI","BRASILEIRA",6026,"0",24.4453834777097,11.671,93.8619995117188,69.4169998168945,0.517000019550323,7.80626780626781,-4.13166666030884,41.7811126708984
2201988,"PI","BREJO DO PIAUI",2435,"0",28.659793814433,8.015,97.4260025024414,68.3880004882812,0.476000010967255,8.40449438202247,-8.21388912200928,42.825553894043
2202000,"PI","BURITI DOS LOPES",14472,"0",30.2449549435208,16.784,93.3450012207031,59.8559989929199,0.446000009775162,6.23498848095682,-3.17499995231628,41.866943359375
2202026,"PI","BURITI DOS MONTES",4828,"0",20.1418799087915,5.499,94.322998046875,65.9000015258789,0.485000014305115,8.11374902165406,-5.31194448471069,41.0972213745117
2202059,"PI","CABECEIRAS DO PIAUI",5886,"0",21.1204121056021,12.863,96.2300033569336,70.8089981079102,0.462999999523163,13.9359314425627,-4.47638893127441,42.3091659545898
2202075,"PI","CAJAZEIRAS DO PIAUI",1723,"0",23.0720203951562,10.978,96.5650024414062,65.2890014648438,0.46000000834465,11.2751584372171,-6.76611089706421,42.3916664123535
2202083,"PI","CAJUEIRO DA PRAIA",3605,"0",27.9521190553219,12.7,95.1179962158203,69.3369979858398,0.444999992847443,11.2751584372171,-2.9277777671814,41.3361129760742
2202091,"PI","CALDEIRAO GRANDE DO PIAUI",3760,"0",32.7944572748268,9.482,93.427001953125,71.2190017700195,0.497000008821487,4.47407407407407,-7.33194446563721,40.6372222900391
2202109,"PI","CAMPINAS DO PIAUI",4214,"0",26.9451897278651,9.199,93.2099990844727,47.9659996032715,0.497999995946884,18.0845644421803,-7.66027784347534,41.8816680908203
2202117,"PI","CAMPO ALEGRE DO FIDALGO",3571,"0",16.0941000746826,33.396,95.2770004272461,69.6490020751953,0.439999997615814,11.2751584372171,-8.37555599212646,41.8355560302734
2202133,"PI","CAMPO GRANDE DO PIAUI",3047,"0",33.3203277409286,8.358,89.3099975585938,73.8610000610352,0.465999990701675,13.01261829653,-7.13166666030884,41.0361099243164
2202174,"PI","CAMPO LARGO DO PIAUI",3603,"0",41.8465227817746,11.095,97.6060028076172,71,0.458999991416931,9.52886999645767,-3.81222224235535,42.6286125183105
2202208,"PI","CAMPO MAIOR",33968,"0",47.1876038551014,17.747,77.5640029907227,43.1349983215332,0.59500002861023,19.3977845961828,-4.82777786254883,42.1686096191406
2202251,"PI","CANAVIEIRA",2392,"0",29.942618675013,7.172,90.0940017700195,49.3540000915527,0.479000002145767,2.92803970223325,-7.68805551528931,43.7205543518066
2202307,"PI","CANTO DO BURITI",14303,"0",31.2572759022119,13.065,89.7440032958984,50.0439987182617,0.637000024318695,11.8702136235389,-8.10999965667725,42.9444427490234
2202406,"PI","CAPITAO DE CAMPOS",7823,"0",43.66373902133,16.216,90.1709976196289,59.3940010070801,0.607999980449677,7.9287598944591,-4.45666646957397,41.9425010681152
2202455,"PI","CAPITAO GERVASIO OLIVEIRA",3719,"0",27.0179841070682,12.742,96.8119964599609,62.8409996032715,0.437000006437302,11.2426035502959,-8.49027824401855,41.8197212219238
2202505,"PI","CARACOL",6163,"0",21.220633299285,15.636,91.4250030517578,63.0849990844727,0.570999979972839,14.5028142589118,-9.2786111831665,43.3300018310547
2202539,"PI","CARAUBAS DO PIAUI",3288,"0",33.4907516725698,11.083,97.1050033569336,69.8259963989258,0.448000013828278,11.2751584372171,-3.47583341598511,41.8430557250977
2202554,"PI","CARIDADE DO PIAUI",2791,"0",29.5444685466377,8.447,96.7720031738281,79.0960006713867,0.458999991416931,19.131455399061,-7.73305559158325,40.9897232055664
2202604,"PI","CASTELO DO PIAUI",12671,"0",32.5288338316959,14.2,82.7699966430664,53.9070014953613,0.568000018596649,9.23105269622896,-5.3222222328186,41.5525016784668
2202653,"PI","CAXINGO",2649,"0",30.4218362282878,9.876,96.0009994506836,76.0220031738281,0.458999991416931,11.2751584372171,-3.41750001907349,41.896110534668
2202703,"PI","COCAL",14746,"0",39.2923815450262,17.804,90.9769973754883,66.1100006103516,0.537999987602234,3.73048374712055,-3.4719443321228,41.5574989318848
2202711,"PI","COCAL DE TELHA",2907,"0",41.90800681431,15.133,89.3809967041016,64.177001953125,0.481000006198883,11.2751584372171,-4.55888891220093,41.9722213745117
2202729,"PI","COCAL DOS ALVES",2986,"0",37.9741727199354,10.362,96.3119964599609,75.9189987182617,0.439000010490417,11.2751584372171,-3.72861099243164,41.4488906860352
2202737,"PI","COIVARAS",2488,"0",34.6666666666667,9.714,92.484001159668,68.0869979858398,0.456000000238419,21.7391304347826,-5.08944463729858,42.2033348083496
2202752,"PI","COLONIA DO GURGUEIA",3363,"0",26.7674703718839,9.135,89.0759963989258,45.3759994506836,0.505999982357025,7.04845814977974,-8.18194484710693,43.7919425964355
2202778,"PI","COLONIA DO PIAUI",4979,"0",39.8663697104677,9.834,93.9670028686523,61.8950004577637,0.444000005722046,14.3422584400466,-7.2311110496521,42.1780548095703
2202802,"PI","CONCEICAO DO CANINDE",3357,"0",20.2619414483821,11.354,93.4169998168945,56.0550003051758,0.546999990940094,10.3559870550162,-7.87777757644653,41.5969429016113
2202851,"PI","CORONEL JOSE DIAS",3577,"0",19.3599367838799,8.092,91.1019973754883,65.015998840332,0.453999996185303,26.304,-8.8163890838623,42.5125007629395
2202901,"PI","CORRENTE",14896,"0",42.8410832907512,17.638,84.2050018310547,43.5299987792969,0.638999998569489,6.56409519016464,-10.4433336257935,45.162223815918
2203008,"PI","CRISTALANDIA DO PIAUI",4786,"0",39.3363402061856,20.741,93.9140014648438,46.4980010986328,0.569999992847443,7.29119638826185,-10.65305519104,45.185001373291
2203107,"PI","CRISTINO CASTRO",6045,"0",43.9524291497976,13.718,87.9580001831055,57.0270004272461,0.5799999833107,9.46464461903892,-8.81777763366699,44.2241668701172
2203206,"PI","CURIMATA",6401,"0",36.0800344234079,7.731,87.390998840332,36.4220008850098,0.628000020980835,13.8565723215836,-10.0363893508911,44.3061103820801
2203230,"PI","CURRAIS",2892,"0",38.1078691423519,16.264,97.302001953125,66.8560028076172,0.528999984264374,5.53549939831528,-9.00694465637207,44.410831451416
2203255,"PI","CURRALINHOS",2115,"0",31.2,12.743,95.4369964599609,62.6030006408691,0.49099999666214,11.2751584372171,-5.58333349227905,42.7777786254883
2203271,"PI","CURRAL NOVO DO PIAUI",2358,"0",38.961038961039,8.276,95.5009994506836,87.4390029907227,0.492000013589859,13.9521307647402,-7.83222198486328,40.9011116027832
2203305,"PI","DEMERVAL LOBAO",9248,"0",45.6127360236949,16.394,83.8339996337891,59.5950012207031,0.527999997138977,17.2056514913658,-5.35833311080933,42.6763877868652
2203354,"PI","DIRCEU ARCOVERDE",5072,"0",26.5483971366324,10.845,89.120002746582,57.689998626709,0.523000001907349,18.2036189230434,-9.33805561065674,42.4277763366699
2203404,"PI","DOM EXPEDITO LOPES",4784,"0",16.5452653485952,11.304,82.7770004272461,51.4650001525879,0.524999976158142,27.501701837985,-6.95944452285767,41.6411094665527
2203420,"PI","DOMINGOS MOURAO",1967,"0",28.7863590772317,8.689,92.7300033569336,61.8720016479492,0.479999989271164,9.77047146401985,-4.2538890838623,41.2702789306641
2203453,"PI","DOM INOCENCIO",5857,"0",25.9668508287293,11.43,94.5169982910156,52.2319984436035,0.432000011205673,10.5959065386705,-9.00222206115723,41.9736099243164
2203503,"PI","ELESBAO VELOSO",12907,"0",34.2508349648739,16.898,87.9589996337891,62.2550010681152,0.546000003814697,12.8668171557562,-6.20194435119629,42.1402778625488
2203602,"PI","ELISEU MARTINS",3369,"0",33.7214137214137,9.234,89.1719970703125,50.1279983520508,0.526000022888184,7.3814826598791,-8.09666633605957,43.6636123657227
2203701,"PI","ESPERANTINA",22314,"0",39.6083863250016,11.584,85.6480026245117,53.5830001831055,0.593999981880188,24.2472194592639,-3.90166664123535,42.2336120605469
2203750,"PI","FARTURA DO PIAUI",3361,"0",21.09343125255,7.067,91.8610000610352,58.5019989013672,0.458000004291534,30.2341364099084,-9.01416683197021,42.6863899230957
2203800,"PI","FLORES DO PIAUI",3588,"0",29.9882399059192,9.463,90.1630020141602,61.1240005493164,0.574999988079071,6.35785649409628,-7.79111099243164,42.9272232055664
2203859,"PI","FLORESTA DO PIAUI",2197,"0",30.9870550161812,10.184,95.8099975585938,69.8130035400391,0.46000000834465,11.2751584372171,-7.46888875961304,41.793888092041
2203909,"PI","FLORIANO",32653,"0",39.7625739334704,11.55,67.0960006713867,32.0110015869141,0.611999988555908,10.2638821434353,-6.76694440841675,43.0224990844727
2204006,"PI","FRANCINOPOLIS",4370,"0",32.1487877781468,17.779,92.7289962768555,59.3520011901855,0.483999997377396,24.8402760030667,-6.39583349227905,42.2619438171387
2204105,"PI","FRANCISCO AYRES",2198,"0",30.0161812297735,14.433,84.4749984741211,56.7280006408691,0.574000000953674,5.09587601786183,-6.62305545806885,42.6927795410156
2204154,"PI","FRANCISCO MACEDO",1610,"0",25.531914893617,5.899,96.3320007324219,63.7070007324219,0.442999988794327,11.2751584372171,-7.33055543899536,40.7883338928223
2204204,"PI","FRANCISCO SANTOS",5281,"0",31.9062181447503,7.229,80.0410003662109,57.7029991149902,0.521000027656555,32.8527291452111,-6.99277782440186,41.1377792358398
2204303,"PI","FRONTEIRAS",7748,"0",43.0115146147033,12.153,84.7809982299805,62.1510009765625,0.583999991416931,10.5936819172113,-7.08805561065674,40.6163902282715
2204352,"PI","GEMINIANO",3150,"0",39.6101364522417,14.972,94.4059982299805,70.0380020141602,0.42399999499321,26.4200792602378,-7.15777778625488,41.3611106872559
2204402,"PI","GILBUES",6386,"0",33.3169170155134,11.897,88.4680023193359,42.6199989318848,0.546999990940094,8.17394147457904,-9.83166694641113,45.3438873291016
2204501,"PI","GUADALUPE",7673,"0",29.7654247979499,9.571,70.0039978027344,35.3300018310547,0.58899998664856,13.6415362731152,-6.78694438934326,43.5691680908203
2204550,"PI","GUARIBAS",2369,"0",21.0092687950566,9.341,96.0869979858398,77.963996887207,0.493999987840652,6.98808234019502,-9.39833354949951,43.6866683959961
2204600,"PI","HUGO NAPOLEAO",3774,"0",33.2324978392394,10.895,92.2789993286133,61.6189994812012,0.532999992370605,15.2501506931887,-5.98861122131348,42.5561103820801
2204659,"PI","ILHA GRANDE",4834,"0",40.7166123778502,18.259,92.2350006103516,57.6860008239746,0.421999990940094,15.4663212435233,-2.8583333492279,41.8213882446289
2204709,"PI","INHUMA",10155,"0",23.0869001297017,10.671,86.5859985351562,54.4780006408691,0.578999996185303,13.0668964774319,-6.66833353042603,41.7077789306641
2204808,"PI","IPIRANGA DO PIAUI",5802,"0",31.9002004900869,8.985,85.806999206543,47.6500015258789,0.524999976158142,20.5255140898705,-6.82833337783813,41.7405548095703
2204907,"PI","ISAIAS COELHO",5281,"0",24.2471851269966,6.001,96.4670028686523,61.1279983520508,0.465999990701675,19.9877750611247,-7.73777770996094,41.6761093139648
2205003,"PI","ITAINOPOLIS",8610,"0",32.275554138096,18.339,94.1179962158203,60.6259994506836,0.458999991416931,20.0760989286072,-7.44694423675537,41.4783325195312
2205102,"PI","ITAUEIRA",8532,"0",33.54943273906,13.704,90.4309997558594,45.859001159668,0.532999992370605,8.04755944931164,-7.60333347320557,43.0255546569824
2205151,"PI","JACOBINA DO PIAUI",3842,"0",33.4704562453254,10.228,95.6340026855469,67.515998840332,0.400000005960464,12.0275944811038,-7.93527793884277,41.2099990844727
2205201,"PI","JAICOS",9748,"0",29.7493403693931,11.879,88.463996887207,65.6999969482422,0.596000015735626,14.6013301735341,-7.35916662216187,41.1377792358398
2205250,"PI","JARDIM DO MULATO",3011,"0",32.7041264266901,8.965,97.2689971923828,62.3950004577637,0.444000005722046,10.5592347314202,-6.09888887405396,42.6302795410156
2205276,"PI","JATOBA DO PIAUI",3348,"0",43.0708941930887,10.476,94.0139999389648,61.0979995727539,0.442999988794327,11.2751584372171,-4.77111101150513,41.8177795410156
2205300,"PI","JERUMENHA",3951,"0",34.9102209944751,7.448,84.3860015869141,44.806999206543,0.559000015258789,5.56786703601108,-7.08777761459351,43.5097236633301
2205359,"PI","JOAO COSTA",2483,"0",17.2555043522785,9.3,94.0339965820312,69.1289978027344,0.45100000500679,11.2751584372171,-8.51083374023438,42.4136123657227
2205409,"PI","JOAQUIM PIRES",8507,"0",36.6705666053819,17.402,93.3949966430664,67.1750030517578,0.593999981880188,13.4095887077148,-3.50833344459534,42.1977767944336
2205458,"PI","JOCA MARQUES",2072,"0",24.4908350305499,10.27,97.120002746582,76.4690017700195,0.428999990224838,11.2751584372171,-3.47805547714233,42.4283332824707
2205508,"PI","JOSE DE FREITAS",23146,"0",44.5875665215288,14.444,89.0619964599609,55.173999786377,0.537000000476837,17.5357423772729,-4.75638866424561,42.575553894043
2205516,"PI","JUAZEIRO DO PIAUI",4720,"0",25.0063211125158,11.86,97.2679977416992,71.2070007324219,0.465000003576279,11.2751584372171,-5.17222213745117,41.7033348083496
2205524,"PI","JULIO BORGES",2973,"0",28.1573498964803,7.097,97.3840026855469,41.7859992980957,0.526000022888184,14.2697881828317,-10.3227777481079,44.2383346557617
2205532,"PI","JUREMA",2811,"0",19.0497737556561,7.483,95.0940017700195,67.2750015258789,0.477999985218048,9.17721518987342,-9.23055553436279,43.1277770996094
2205540,"PI","LAGOINHA DO PIAUI",1942,"0",17.7725118483412,9.792,92.1269989013672,57.9830017089844,0.46399998664856,11.2751584372171,-5.83111095428467,42.6233329772949
2205557,"PI","LAGOA ALEGRE",4486,"0",30.4125101105419,17.306,97.0920028686523,65.1660003662109,0.441000014543533,13.5273098519653,-4.5155553817749,42.6247215270996
2205565,"PI","LAGOA DO BARRO DO PIAUI",3290,"0",17.3642768338168,11.335,89.9199981689453,59.4799995422363,0.439000010490417,9.37908496732026,-8.4752779006958,41.5283317565918
2205573,"PI","LAGOA DE SAO FRANCISCO",2397,"0",20.8732286480276,8.002,92.6529998779297,63.1209983825684,0.449999988079071,9.65543354789852,-4.39166688919067,41.6011123657227
2205581,"PI","LAGOA DO PIAUI",2375,"0",33.7373737373737,12.372,94.6220016479492,66.0009994506836,0.47299998998642,11.2751584372171,-5.41499996185303,42.6433334350586
2205599,"PI","LAGOA DO SITIO",3080,"0",24.0693739424704,11.124,91.6800003051758,65.7939987182617,0.48199999332428,11.4309553608678,-6.51333332061768,41.5841674804688
2205607,"PI","LANDRI SALES",3941,"0",25.3799392097264,10.815,82.2630004882812,43.3380012512207,0.518999993801117,3.59187922956793,-7.26583337783813,43.9302787780762
2205706,"PI","LUIS CORREIA",18533,"0",36.0403082394784,17.338,91.7639999389648,58.2080001831055,0.462999999523163,5.81932566597857,-2.87916660308838,41.6669425964355
2205805,"PI","LUZILANDIA",17707,"0",34.0671701751567,14.863,92.6989974975586,62.8559989929199,0.589999973773956,11.7905599082744,-3.45777773857117,42.3702774047852
2205854,"PI","MADEIRO",3549,"0",21.8495604037773,11.417,96.8109970092773,70.8460006713867,0.451999992132187,11.2751584372171,-3.4827778339386,42.5044441223145
2205904,"PI","MANOEL EMIDIO",3525,"0",35.1028806584362,10.183,91.7880020141602,52.2159996032715,0.533999979496002,5.5486670799752,-8.01277732849121,43.8716659545898
2205953,"PI","MARCOLANDIA",4304,"0",38.8993710691824,12.886,84.5630035400391,60.6110000610352,0.46900001168251,5.96852957135106,-7.44250011444092,40.6611099243164
2206001,"PI","MARCOS PARENTE",3708,"0",19.8244330651061,7.001,87.9150009155273,49.6920013427734,0.476999998092651,8.75641756988021,-7.12055540084839,43.8944435119629
2206050,"PI","MASSAPE DO PIAUI",4329,"0",44.1011235955056,8.89,96.4169998168945,77.4889984130859,0.421999990940094,11.2751584372171,-7.46277761459351,41.1255569458008
2206100,"PI","MATIAS OLIMPIO",8127,"0",28.7929871881322,13.15,94.3140029907227,60.8919982910156,0.546999990940094,11.3334146639014,-3.71583342552185,42.5555572509766
2206209,"PI","MIGUEL ALVES",18651,"0",41.7602120361709,21.517,91.6829986572266,66.9570007324219,0.479000002145767,14.1918683790022,-4.16555547714233,42.8952789306641
2206308,"PI","MIGUEL LEAO",1466,"0",24.6277205040092,7.639,92.8850021362305,61.5960006713867,0.593999981880188,9.01856763925729,-5.68055534362793,42.7386093139648
2206357,"PI","MILTON BRANDAO",2425,"0",22.1179121291776,8.107,97.1760025024414,72.8639984130859,0.453999996185303,13.4308510638298,-4.68444442749023,41.4222221374512
2206407,"PI","MONSENHOR GIL",8099,"0",28.9916680836592,11.677,89.5179977416992,53.4770011901855,0.479999989271164,25.2120367143023,-5.56416654586792,42.6077766418457
2206506,"PI","MONSENHOR HIPOLITO",5730,"0",21.3654810217236,6.037,86.2559967041016,58.6209983825684,0.493999987840652,27.3954372623574,-6.99638891220093,41.0297241210938
2206605,"PI","MONTE ALEGRE DO PIAUI",6663,"0",23.1827562485668,10.708,90.6650009155273,51.7459983825684,0.583999991416931,4.93288047873201,-9.7538890838623,45.3038902282715
2206654,"PI","MORRO CABECA NO TEMPO",2389,"0",24.8246087425796,13.657,95.9960021972656,49.2480010986328,0.479999989271164,16.4163645779389,-9.72500038146973,43.9005546569824
2206670,"PI","MORRO DO CHAPEU DO PIAUI",1929,"0",38.4128324187421,10.123,95.3450012207031,70.193000793457,0.519999980926514,11.2751584372171,-3.74305558204651,42.3119430541992
2206696,"PI","MURICI DOS PORTELAS",4018,"0",34.7659980897803,13.511,97.2379989624023,76.1910018920898,0.435000002384186,11.2751584372171,-3.31888890266418,42.0938873291016
2206704,"PI","NAZARE DO PIAUI",6198,"0",48.5270487412962,11.175,91.7969970703125,59.25,0.537000000476837,13.1504424778761,-6.97333335876465,42.6719436645508
2206753,"PI","NOSSA SENHORA DE NAZARE",4084,"0",31.8569687119057,10.525,94.9179992675781,53.523998260498,0.49099999666214,23.4473133286811,-4.63055562973022,42.172779083252
2206803,"PI","NOSSA SENHORA DOS REMEDIOS",6025,"0",28.7644787644788,12.103,96.0579986572266,67.7789993286133,0.483999997377396,16.4327842180191,-3.97944450378418,42.6205558776855
2206902,"PI","NOVO ORIENTE DO PIAUI",5665,"0",29.3457943925234,14.342,90.677001953125,59.5260009765625,0.46000000834465,24.1155096576783,-6.44916677474976,41.9386100769043
2206951,"PI","NOVO SANTO ANTONIO",2610,"0",26.8576979116076,7.903,94.1449966430664,68.9100036621094,0.503000020980835,15.1129125651419,-5.28833341598511,41.9333343505859
2207009,"PI","OEIRAS",23140,"0",25.298370438375,12.786,85.6539993286133,55.4049987792969,0.555999994277954,19.1833554832501,-7.02527761459351,42.1311111450195
2207108,"PI","OLHO DAGUA DO PIAUI",1411,"0",36.0681114551084,10.046,95.7249984741211,65.177001953125,0.446999996900558,11.2751584372171,-5.84138870239258,42.5750007629395
2207207,"PI","PADRE MARCOS",5062,"0",17.9260031266285,9.399,93.7969970703125,64.3420028686523,0.561999976634979,12.1540965816603,-7.35500001907349,40.9044456481934
2207306,"PI","PAES LANDIM",3201,"0",22.9047827994735,5.941,92.052001953125,49.9529991149902,0.512000024318695,17.347813661046,-7.77777767181396,42.2555541992188
2207355,"PI","PAJEU DO PIAUI",2109,"0",20.7302709069494,12.159,96.6839981079102,63.7029991149902,0.476999998092651,6.66666666666667,-7.8561110496521,42.8219451904297
2207405,"PI","PALMEIRA DO PIAUI",3841,"0",35.851226993865,7.331,92.213996887207,55.5589981079102,0.513999998569489,3.57361026267563,-8.72694396972656,44.2355537414551
2207504,"PI","PALMEIRAIS",9773,"0",33.7042108866826,14.128,93.8779983520508,62.390998840332,0.514999985694885,19.0646677108973,-5.97777795791626,43.0633316040039
2207553,"PI","PAQUETA",3208,"0",20.156862745098,10.792,93.5699996948242,73.4160003662109,0.458000004291534,20.5031918888472,-7.10444450378418,41.7038879394531
2207603,"PI","PARNAGUA",6081,"0",43.5001323801959,10.398,91.4130020141602,46.2050018310547,0.518999993801117,5.38880112339828,-10.227499961853,44.6391677856445
2207702,"PI","PARNAIBA",69308,"1",8.51123022423354,13.763,74.7819976806641,35.701000213623,0.568000018596649,13.4210443978599,-2.90472221374512,41.776668548584
2207751,"PI","PASSAGEM FRANCA DO PIAUI",2777,"0",33.9332980412917,15.499,97.4250030517578,67.8990020751953,0.432000011205673,18.6818397344713,-5.85833311080933,42.4397239685059
2207777,"PI","PATOS DO PIAUI",4544,"0",22.6252158894646,14.419,90.0599975585938,75.0350036621094,0.497999995946884,11.6886171213547,-7.66750001907349,41.2436103820801
2207801,"PI","PAULISTANA",11359,"0",40.3799654576857,12.712,89.9879989624023,53.6860008239746,0.531000018119812,11.0173958882446,-8.14361095428467,41.1497230529785
2207850,"PI","PAVUSSU",2512,"0",22.832780672667,11.009,88.2519989013672,63.0559997558594,0.485000014305115,4.88479262672811,-7.96583318710327,43.2224998474121
2207900,"PI","PEDRO II",24127,"0",33.9220393232739,13.736,90.6449966430664,58.3230018615723,0.559000015258789,8.70289219982472,-4.42472219467163,41.458610534668
2207934,"PI","PEDRO LAURENTINO",1680,"0",21.3757396449704,7.853,95.411003112793,60.7140007019043,0.474999994039536,11.2751584372171,-8.06833362579346,42.2849998474121
2208007,"PI","PICOS",39732,"0",37.7247973657548,12.347,65.8470001220703,41.2690010070801,0.573000013828278,27.4505456605819,-7.07694435119629,41.4669456481934
2208106,"PI","PIMENTEIRAS",7469,"0",19.8171238570241,6.926,90.4199981689453,65.8479995727539,0.444999992847443,26.1956053425248,-6.24527788162231,41.4191665649414
2208205,"PI","PIO IX",10541,"0",18.5895898296954,8.034,92.8320007324219,64.745002746582,0.514999985694885,15.293289063286,-6.83750009536743,40.5791664123535
2208304,"PI","PIRACURUCA",17259,"0",27.3499957923083,11.305,86.7300033569336,55.7649993896484,0.5799999833107,11.4756112544539,-3.92805552482605,41.7091674804688
2208403,"PI","PIRIPIRI",38529,"0",36.4853672004417,22.008,81.6309967041016,51.265998840332,0.564000010490417,8.90634138190325,-4.27333354949951,41.7769432067871
2208502,"PI","PORTO",6751,"0",36.9914665608256,13.16,93.7289962768555,66.0449981689453,0.550000011920929,19.7692177159342,-3.89333343505859,42.7099990844727
2208551,"PI","PORTO ALEGRE DO PIAUI",951,"0",12.9258517034068,10.967,95.8489990234375,54.2939987182617,0.446999996900558,11.2751584372171,-6.96722221374512,44.1816673278809
2208601,"PI","PRATA DO PIAUI",3036,"0",32.489224137931,12.079,92.4489974975586,59.5629997253418,0.513999998569489,12.1431028551772,-5.66722202301025,42.2066650390625
2208650,"PI","QUEIMADA NOVA",4485,"0",45.2021563342318,13.886,90.7249984741211,66.6800003051758,0.39300000667572,6.29425649095201,-8.57944488525391,41.4194450378418
2208700,"PI","REDENCAO DO GURGUEIA",4715,"0",29.3751942803855,11.983,91.9530029296875,51.367000579834,0.518999993801117,11.1290322580645,-9.48666667938232,44.5863876342773
2208809,"PI","REGENERACAO",12522,"0",40.5194515661576,14.442,89.1520004272461,61.1360015869141,0.52700001001358,15.0503621077166,-6.23777770996094,42.6883316040039
2208858,"PI","RIACHO FRIO",2771,"0",36.2955032119914,11.106,96.4410018920898,47.0579986572266,0.519999980926514,3.7989479836353,-10.1252775192261,44.9524993896484
2208874,"PI","RIBEIRA DO PIAUI",2459,"0",14.380081300813,19.612,94.1350021362305,67.9039993286133,0.430999994277954,11.2751584372171,-7.69055557250977,42.712776184082
2208908,"PI","RIBEIRO GONCALVES",4199,"0",39.7089397089397,8.745,88.0699996948242,44.8269996643066,0.518999993801117,6.44590495449949,-7.55833339691162,45.2422218322754
2209005,"PI","RIO GRANDE DO PIAUI",4959,"0",34.4940152339499,12.421,85.9779968261719,57.5800018310547,0.513999998569489,8.00084889643464,-7.77527761459351,43.1422233581543
2209104,"PI","SANTA CRUZ DO PIAUI",5732,"0",26.8673607967406,6.913,90.2580032348633,55.2900009155273,0.50900000333786,27.6750700280112,-7.18527793884277,41.7675018310547
2209153,"PI","SANTA CRUZ DOS MILAGRES",1945,"0",20.7741935483871,10.255,95.6949996948242,71.9240036010742,0.470999985933304,21.9891745602165,-5.80027770996094,41.9594459533691
2209203,"PI","SANTA FILOMENA",3871,"0",26.9444444444444,15.243,88.4820022583008,50.3689994812012,0.569000005722046,2.47957992998833,-9.11222267150879,45.9222221374512
2209302,"PI","SANTA LUZ",3311,"0",38.4128324187421,13.819,90.2279968261719,55.0929985046387,0.515999972820282,5.73770491803279,-8.95388889312744,44.1294441223145
2209351,"PI","SANTANA DO PIAUI",3289,"0",24.8216297408937,15.602,90.318000793457,62.0019989013672,0.46900001168251,28.3733133433283,-6.94777774810791,41.518611907959
2209377,"PI","SANTA ROSA DO PIAUI",4103,"0",19.1646191646192,10.358,94.5879974365234,67.302001953125,0.446000009775162,9.02361649629891,-6.79916667938232,42.2880554199219
2209401,"PI","SANTO ANTONIO DE LISBOA",4001,"0",20.6011271133375,9.281,67.7440032958984,49.9580001831055,0.544000029563904,35.5328547763666,-6.98138904571533,41.2341651916504
2209450,"PI","SANTO ANTONIO DOS MILAGRES",1036,"0",25.418410041841,7.242,95.0739974975586,67.4469985961914,0.41499999165535,11.2751584372171,-6.0469446182251,42.7097206115723
2209500,"PI","SANTO INACIO DO PIAUI",2858,"0",15.4841802492809,7.581,89.5039978027344,57.1189994812012,0.497999995946884,17.3174498124862,-7.42972230911255,41.910831451416
2209559,"PI","SAO BRAZ DO PIAUI",3005,"0",19.280442804428,8.905,92.7220001220703,57.2910003662109,0.469999998807907,14.2351274787535,-9.22194480895996,43.0102767944336
2209609,"PI","SAO FELIX DO PIAUI",3115,"0",25.1272559000463,10.426,89.8270034790039,60.765998840332,0.505999982357025,18.542287416915,-5.93249988555908,42.1138877868652
2209658,"PI","SAO FRANCISCO DE ASSIS DO PIAUI",2663,"0",26.9817073170732,9.916,97.4509963989258,66.9889984130859,0.453000009059906,11.2751584372171,-8.23777770996094,41.6861114501953
2209708,"PI","SAO FRANCISCO DO PIAUI",5027,"0",24.2534189226905,9.318,95.5179977416992,63.4199981689453,0.501999974250793,11.2769485903814,-7.25138902664185,42.5433349609375
2209757,"PI","SAO GONCALO DO GURGUEIA",1394,"0",38.8888888888889,10.521,94.1539993286133,48.3419990539551,0.497000008821487,11.2751584372171,-10.0302782058716,45.3027763366699
2209807,"PI","SAO GONCALO DO PIAUI",2897,"0",21.4917825537295,4.209,80.3239974975586,55.8349990844727,0.46399998664856,20.1925800056641,-5.99333333969116,42.7027778625488
2209856,"PI","SAO JOAO DA CANABRAVA",3677,"0",29.4538606403013,7.705,90.1740036010742,59.3419990539551,0.460999995470047,13.9632441070715,-6.81666660308838,41.3430557250977
2209872,"PI","SAO JOAO DA FRONTEIRA",3059,"0",19.0362595419847,10.772,92.1839981079102,73.5179977416992,0.430999994277954,5.22072936660269,-3.95555543899536,41.2574996948242
2209906,"PI","SAO JOAO DA SERRA",6341,"0",27.0715630885122,9.717,95.2070007324219,63.9860000610352,0.501999974250793,9.64172813487882,-5.51416683197021,41.8991661071777
2209955,"PI","SAO JOAO DA VARJOTA",2980,"0",17.6445757703672,8.533,94.2580032348633,72.1630020141602,0.437999993562698,16.599634369287,-6.41305541992188,41.864444732666
2209971,"PI","SAO JOAO DO ARRAIAL",2869,"0",30.5710605410047,12.155,96.681999206543,66.2730026245117,0.460999995470047,18.6023127199598,-3.81888890266418,42.4461097717285
2210003,"PI","SAO JOAO DO PIAUI",9865,"0",17.653997378768,13.41,82.1920013427734,44.2200012207031,0.5799999833107,16.6925897122542,-8.35805511474609,42.2466659545898
2210052,"PI","SAO JOSE DO DIVINO",3658,"0",22.1249047981721,8.516,96.6039962768555,70.9469985961914,0.418000012636185,10.9977685686962,-3.81138896942139,41.8327789306641
2210102,"PI","SAO JOSE DO PEIXE",3098,"0",33.6734693877551,11.948,91.1910018920898,58.1609992980957,0.528999984264374,7.66932270916335,-7.4936113357544,42.5636100769043
2210201,"PI","SAO JOSE DO PIAUI",5321,"0",24.1359932565327,10.785,89.0640029907227,60.8709983825684,0.510999977588654,4.20834119645216,-6.871666431427,41.4752769470215
2210300,"PI","SAO JULIAO",4640,"0",19.3522483940043,5.957,83.1100006103516,65.2580032348633,0.524999976158142,16.7065581617999,-7.08472204208374,40.825553894043
2210359,"PI","SAO LOURENCO DO PIAUI",3834,"0",19.1739295187571,8.538,85.7850036621094,50.8440017700195,0.462999999523163,26.7775229357798,-9.16916656494141,42.5447235107422
2210375,"PI","SAO LUIS DO PIAUI",1970,"0",21.5024121295658,7.818,95.4509963989258,63.6860008239746,0.418999999761581,11.2751584372171,-6.82499980926514,41.3238906860352
2210383,"PI","SAO MIGUEL DA BAIXA GRANDE",1540,"0",24.4205298013245,12.218,94.2809982299805,72.0139999389648,0.477999985218048,11.2751584372171,-5.86444425582886,42.1861114501953
2210391,"PI","SAO MIGUEL DO FIDALGO",1969,"0",28.7143956889915,12.557,97.3079986572266,63.7120018005371,0.500999987125397,11.2751584372171,-7.58611106872559,42.3699989318848
2210409,"PI","SAO MIGUEL DO TAPUIO",13071,"0",27.6707530647986,10.875,94.6620025634766,64.1579971313477,0.546999990940094,13.655818460793,-5.50361108779907,41.3233337402344
2210508,"PI","SAO PEDRO DO PIAUI",9431,"0",36.5003006614552,17.14,90.5630035400391,54.3129997253418,0.533999979496002,10.5451605451605,-5.92944431304932,42.7186126708984
2210607,"PI","SAO RAIMUNDO NONATO",15729,"0",23.0511962953435,11.24,81.338996887207,43.3610000610352,0.582000017166138,23.6394101876676,-9.01527786254883,42.6994438171387
2210623,"PI","SEBASTIAO BARROS",3024,"0",39.7314768771755,16.179,97.8209991455078,55.4070014953613,0.497000008821487,3.15217391304348,-10.8172225952148,44.8338890075684
2210631,"PI","SEBASTIAO LEAL",2239,"0",20.0720535254761,6.688,96.5439987182617,49.6619987487793,0.513000011444092,5.41095890410959,-7.56555557250977,44.0638885498047
2210656,"PI","SIGEFREDO PACHECO",6666,"0",40.3113822848727,8.982,93.5739974975586,64.3529968261719,0.495999991893768,19.150891380261,-4.91388893127441,41.7333335876465
2210706,"PI","SIMOES",9337,"0",44.9784349969193,12.577,90.1100006103516,73.1869964599609,0.592000007629395,12.8910350619358,-7.59888887405396,40.8177795410156
2210805,"PI","SIMPLICIO MENDES",8548,"0",26.8151674885224,7.126,86.2880020141602,46.310001373291,0.667999982833862,19.7062884398142,-7.85388898849487,41.9102783203125
2210904,"PI","SOCORRO DO PIAUI",3886,"0",25.4598969830758,10.85,90.7119979858398,54.2459983825684,0.523999989032745,10.3253907250833,-7.86555576324463,42.4913902282715
2210938,"PI","SUSSUAPARA",3657,"0",31.925949983761,8.705,90.8629989624023,59.2330017089844,0.483999997377396,11.2751584372171,-7.04333353042603,41.3838882446289
2210953,"PI","TAMBORIL DO PIAUI",1635,"0",23.9175257731959,12.135,96.3610000610352,67.7009963989258,0.532000005245209,11.2751584372171,-8.39999961853027,42.9136123657227
2210979,"PI","TANQUE DO PIAUI",1863,"0",30.568356374808,12.549,89.9580001831055,65.0690002441406,0.46399998664856,11.2751584372171,-6.59999990463257,42.2822227478027
2211100,"PI","UNIAO",25833,"0",44.9625354394492,24.645,93.2630004882812,57.8709983825684,0.587999999523163,22.9833965224212,-4.58583354949951,42.8641662597656
2211209,"PI","URUCUI",10295,"0",27.2762797967956,9.418,86.5739974975586,48.4160003662109,0.569000005722046,10.4472910541789,-7.22944450378418,44.5561103820801
2211308,"PI","VALENCA DO PIAUI",14409,"0",44.7989973970886,13.02,75.306999206543,48.6419982910156,0.555000007152557,18.5287734790092,-6.40749979019165,41.7455558776855
2211357,"PI","VARZEA BRANCA",3224,"0",28.4391534391534,8.704,95.2419967651367,64.3820037841797,0.435000002384186,18.3154549066349,-9.23888874053955,42.9638900756836
2211407,"PI","VARZEA GRANDE",3500,"0",40.5078125,13.145,88.3160018920898,57.7410011291504,0.483000010251999,16.3507779349363,-6.54472208023071,42.2463874816895
2211506,"PI","VERA MENDES",1985,"0",30.3765156349713,14.604,97.1419982910156,61.4500007629395,0.428999990224838,11.2751584372171,-7.60333347320557,41.4827766418457
2211605,"PI","VILA NOVA DO PIAUI",1587,"0",27.2948328267477,8.411,92.7429962158203,60.6139984130859,0.425999999046326,11.2751584372171,-7.13555574417114,40.939998626709
2211704,"PI","WALL FERRAZ",1826,"0",24.9738219895288,6.895,96.6740036010742,66.9700012207031,0.446999996900558,11.2751584372171,-7.23277759552002,41.9099998474121
2300150,"CE","ACARAPE",7162,"0",28.8309503784693,11.168,87.786003112793,49.5620002746582,0.437999993562698,19.1239485795905,-4.22416687011719,38.7083320617676
2300200,"CE","ACARAU",27420,"0",25.1810615068641,11.788,85.3109970092773,59.5740013122559,0.504000008106232,8.13024531956101,-2.88555550575256,40.1199989318848
2300309,"CE","ACOPIARA",39133,"0",28.3764800321092,12.026,89.1370010375977,58.1809997558594,0.5799999833107,8.37488881101917,-6.09527778625488,39.4524993896484
2300408,"CE","AIUABA",9954,"0",27.3369565217391,15.171,93.713996887207,62.2220001220703,0.607999980449677,6.23926116838488,-6.57361125946045,40.1236114501953
2300507,"CE","ALCANTARAS",6310,"0",22.038163136926,12.74,94.265998840332,59.2799987792969,0.462999999523163,6.56390717007274,-3.5888888835907,40.5455551147461
2300606,"CE","ALTANEIRA",4727,"0",30.8390022675737,11.651,92.5370025634766,64.1719970703125,0.592999994754791,12.2545700744753,-7.00166654586792,39.7405548095703
2300705,"CE","ALTO SANTO",10037,"0",29.7689345314506,9.493,85.8870010375977,54.5379981994629,0.483000010251999,14.7830744509909,-5.52083349227905,38.2716674804688
2300754,"CE","AMONTADA",20791,"0",27.0055374130342,7.419,95.265998840332,59.4860000610352,0.493999987840652,10.0710963810338,-3.49444437026978,39.5786094665527
2300804,"CE","ANTONINA DO NORTE",4964,"0",20.280612244898,21.247,87.859001159668,60.4280014038086,0.578000009059906,6.19469026548673,-6.77500009536743,39.9891662597656
2300903,"CE","APUIARES",7788,"0",21.4823490045173,9.399,93.5250015258789,52.5810012817383,0.514999985694885,10.4967069154775,-3.94888877868652,39.4316673278809
2301000,"CE","AQUIRAZ",32191,"0",36.8109867904053,14.911,80.0380020141602,51.7929992675781,0.488999992609024,15.3552382590745,-3.9013888835907,38.3911094665527
2301109,"CE","ARACATI",32946,"0",24.3480830316909,8.833,81.6689987182617,46.9010009765625,0.574000000953674,25.1280712630926,-4.56166648864746,37.7697219848633
2301208,"CE","ARACOIABA",16714,"0",28.1123291785553,11.293,92.1210021972656,61.9109992980957,0.554000020027161,15.7290919757513,-4.3711109161377,38.8141670227051
2301257,"CE","ARARENDA",7501,"0",17.706199962763,9.127,97.5419998168945,62.701000213623,0.446999996900558,5.00288350634371,-4.75277757644653,40.8327789306641
2301307,"CE","ARARIPE",12046,"0",31.8637516608286,10.433,94.4960021972656,67.431999206543,0.492000013589859,4.42198943172337,-7.21250009536743,40.0461120605469
2301406,"CE","ARATUBA",8005,"0",23.4366969333562,12.698,89.7149963378906,50.1080017089844,0.486000001430511,6.40868974881195,-4.41833353042603,39.0449981689453
2301505,"CE","ARNEIROZ",5614,"0",20.4087048832272,9.536,94.3899993896484,59.6139984130859,0.524999976158142,6.47198105761642,-6.32361125946045,40.1605567932129
2301604,"CE","ASSARE",13220,"0",36.8756756756757,13.612,91.6559982299805,57.9000015258789,0.528999984264374,10.0205793889505,-6.87444448471069,39.875
2301703,"CE","AURORA",18728,"0",21.2465228178332,11.519,92.1460037231445,48.6580009460449,0.652999997138977,7.5499629903775,-6.94250011444092,38.9674987792969
2301802,"CE","BAIXIO",4749,"0",17.2808132147395,6.913,93.4749984741211,51.1660003662109,0.565999984741211,17.3831336622034,-6.73000001907349,38.7169456481934
2301851,"CE","BANABUIU",9512,"0",21.1923290717065,13.586,93.2289962768555,60.1150016784668,0.524999976158142,17.2211808809747,-5.30972242355347,38.9205551147461
2301901,"CE","BARBALHA",26241,"0",31.8622896665634,11.021,85.6370010375977,45.4910011291504,0.601000010967255,15.0425170068027,-7.31111097335815,39.3041648864746
2301950,"CE","BARREIRA",10228,"0",22.5426250143037,10.243,89.8629989624023,55.3680000305176,0.509999990463257,10.6987847222222,-4.28694438934326,38.6430549621582
2302008,"CE","BARRO",14742,"0",18.6236471308965,11.706,88.3970031738281,53.0639991760254,0.497000008821487,8.85772416799884,-7.17666673660278,38.781665802002
2302057,"CE","BARROQUINHA",10523,"0",23.3572281959379,16.461,95.6320037841797,68.5540008544922,0.426999986171722,6.45374449339207,-3.0188889503479,41.1361122131348
2302107,"CE","BATURITE",19626,"0",35.6468554713469,14.261,80.306999206543,43.2130012512207,0.519999980926514,20.8691741159274,-4.32861089706421,38.8847236633301
2302206,"CE","BEBERIBE",24299,"0",35.1674511713466,11.274,85.7590026855469,55.5610008239746,0.472000002861023,11.367920294408,-4.17972230911255,38.1305541992188
2302305,"CE","BELA CRUZ",15800,"0",16.8870292887029,7.93,88.6330032348633,55.3899993896484,0.486000001430511,9.4873595505618,-3.05055546760559,40.1677780151367
2302404,"CE","BOA VIAGEM",33108,"0",31.1751771316882,7.55,91.8190002441406,57.423999786377,0.538999974727631,12.4768278505671,-5.12750005722046,39.7322235107422
2302503,"CE","BREJO SANTO",23834,"0",30.1202221143997,10.934,83.443000793457,53.0660018920898,0.65499997138977,16.3083377031987,-7.49333333969116,38.9872207641602
2302602,"CE","CAMOCIM",33196,"0",20.9306911170265,14.945,86.2279968261719,52.7229995727539,0.535000026226044,10.563143376169,-2.90222215652466,40.8411102294922
2302701,"CE","CAMPOS SALES",19702,"0",17.7517399348075,14.344,83.1179962158203,54.6189994812012,0.572000026702881,6.73103147329951,-7.07444429397583,40.3761100769043
2302800,"CE","CANINDE",39973,"0",33.6755571793935,14.725,87.9879989624023,52.3619995117188,0.510999977588654,10.5084655236874,-4.35888910293579,39.3116683959961
2302909,"CE","CAPISTRANO",10611,"0",30.4668919764676,11.18,89.5930023193359,60.7949981689453,0.490000009536743,19.4902241785239,-4.46999979019165,38.9013900756836
2303006,"CE","CARIDADE",11983,"0",25.6546420069584,15.481,91.4670028686523,56.2280006408691,0.508000016212463,9.61849919021055,-4.23222208023071,39.1925010681152
2303105,"CE","CARIRE",12642,"0",22.670489453205,10.416,94.5299987792969,58.7280006408691,0.527999997138977,4.74000707463742,-3.95055556297302,40.473331451416
2303204,"CE","CARIRIACU",16394,"0",36.7343382417008,10.71,92.4779968261719,59.5149993896484,0.527999997138977,3.59349053470608,-7.04222202301025,39.2836112976074
2303303,"CE","CARIUS",12980,"0",26.9777306468717,12.685,89.5240020751953,61.6829986572266,0.619000017642975,8.04181414108157,-6.53722238540649,39.4966659545898
2303402,"CE","CARNAUBAL",9449,"0",22.5687803442695,11.315,90.2770004272461,60.6230010986328,0.537000000476837,3.06050656660413,-4.16666650772095,40.9427795410156
2303501,"CE","CASCAVEL",33973,"0",38.6887386695345,11.158,86.0439987182617,51.0260009765625,0.493000000715256,14.17570429314,-4.13305568695068,38.241943359375
2303600,"CE","CATARINA",6686,"0",21.5203426124197,7.818,82.1340026855469,61.7080001831055,0.46900001168251,4.35288253862768,-6.1308331489563,39.877498626709
2303659,"CE","SENADOR CATUNDA",5832,"0",16.674629718108,12.437,92.7009963989258,60.2709999084473,0.521000027656555,8.33966565349544,-4.64777755737305,40.2013893127441
2303709,"CE","CAUCAIA",96871,"1",10.0138353961784,15.622,70.9520034790039,30.9489994049072,0.509999990463257,18.379378364222,-3.73611116409302,38.6530570983887
2303808,"CE","CEDRO",19114,"0",23.2115085536547,11.502,86.1490020751953,53.4749984741211,0.703000009059906,10.6332599118943,-6.60666656494141,39.0622215270996
2303907,"CE","CHAVAL",9470,"0",24.7026374762972,11.844,92.5739974975586,61.4469985961914,0.50900000333786,10.7849988353133,-3.03361105918884,41.2438888549805
2303931,"CE","CHORO",8008,"0",31.1548458967694,11.641,94.2070007324219,66.2649993896484,0.555000007152557,22.4435028248588,-4.84333324432373,39.1411094665527
2303956,"CE","CHOROZINHO",12619,"0",28.7073863636364,10.803,85.4150009155273,60.5750007629395,0.425999999046326,14.6432932147218,-4.30027770996094,38.4977760314941
2304004,"CE","COREAU",13694,"0",18.3354132667755,6.789,90.1060028076172,62.1590003967285,0.524999976158142,7.60294001422588,-3.53333330154419,40.656665802002
2304103,"CE","CRATEUS",48714,"1",11.5377376246941,15.256,80.9380035400391,48.4300003051758,0.574000000953674,10.5688596870407,-5.1783332824707,40.6775016784668
2304202,"CE","CRATO",60962,"1",11.6263021992699,14.497,75.9380035400391,38.8289985656738,0.638000011444092,17.4520591285395,-7.23416662216187,39.4094429016113
2304236,"CE","CROATA",9782,"0",20.3014933784165,9.762,94.2229995727539,63.1949996948242,0.46000000834465,2.31320842007865,-4.40000009536743,40.9105567932129
2304251,"CE","CRUZ",12680,"0",27.4674416101604,8.604,84.4049987792969,57.148998260498,0.428999990224838,5.97173144876325,-2.91777777671814,40.1716651916504
2304269,"CE","DEP IRAPUAN PINHEIRO",5566,"0",14.7225862822193,11.257,89.4850006103516,57.7830009460449,0.564000010490417,10.558395595753,-5.91694450378418,39.2677764892578
2304277,"CE","ERERE",4589,"0",26.0757867694284,11.982,93.1360015869141,61.4360008239746,0.617999970912933,6.1178587494377,-6.03194427490234,38.3486099243164
2304285,"CE","EUZEBIO",17884,"0",36.2504162504163,14.629,77.2979965209961,43.4440002441406,0.583999991416931,21.1102423768569,-3.89000010490417,38.450553894043
2304301,"CE","FARIAS BRITO",14872,"0",31.449244966443,12.195,88.9810028076172,63.0589981079102,0.597000002861023,9.8505532404081,-6.93055534362793,39.5655555725098
2304350,"CE","FORQUILHA",12290,"0",30.8011804568805,14.869,88.0619964599609,59.3619995117188,0.48199999332428,11.7173524150268,-3.79833340644836,40.260555267334
2304459,"CE","FORTIM",6896,"0",22.6643295354952,7.946,88.5619964599609,65.1019973754883,0.456999987363815,11.1701216378277,-4.45194435119629,37.7972221374512
2304509,"CE","FRECHEIRINHA",9279,"0",23.1422505307856,12.3,87.0419998168945,59.6660003662109,0.532999992370605,6.38792102206736,-3.75999999046326,40.8163871765137
2304608,"CE","GENERAL SAMPAIO",5094,"0",23.7656352863726,13.176,94.9029998779297,69.9749984741211,0.526000022888184,10.62424969988,-4.0527777671814,39.4544448852539
2304657,"CE","GRACA",9718,"0",26.8731117824773,7.11,96.6279983520508,69.8990020751953,0.416000008583069,4.13958262059528,-4.04611110687256,40.7527770996094
2304707,"CE","GRANJA",24635,"0",25.006421122926,13.434,91.3779983520508,66.515998840332,0.518999993801117,14.3552865140412,-3.12027788162231,40.8261108398438
2304806,"CE","GRANGEIRO",4319,"0",23.6104935526901,14.238,95.1360015869141,65.3649978637695,0.580999970436096,5.16066212268744,-6.88833332061768,39.2177772521973
2304905,"CE","GROAIRAS",7542,"0",26.4712565326062,8.462,86.7699966430664,52.5379981994629,0.47299998998642,11.9468400961403,-3.91333341598511,40.3833351135254
2304954,"CE","GUAIUBA",11809,"0",33.8456577815993,16.758,84.8410034179688,52.5260009765625,0.423000007867813,9.83561137790912,-4.03972244262695,38.6372222900391
2305001,"CE","GUARACIABA DO NORTE",19710,"0",28.831370336413,12.836,87.4209976196289,59.6339988708496,0.556999981403351,2.18265364732912,-4.16694450378418,40.747501373291
2305100,"CE","GUARAMIRANGA",3933,"0",37.2846312887664,13.561,91.0329971313477,51.5229988098145,0.47299998998642,13.2519863791146,-4.26333332061768,38.9330558776855
2305209,"CE","HIDROLANDIA",13088,"0",19.4059669685669,10.216,92.6989974975586,53.7220001220703,0.483000010251999,12.7966381015161,-4.40805578231812,40.4377784729004
2305233,"CE","HORIZONTE",15121,"0",39.4219472076447,12.852,77.2570037841797,51.5130004882812,0.469999998807907,18.2355686945698,-4.08583354949951,38.6513900756836
2305266,"CE","IBARETAMA",9616,"0",19.7595399895452,11.009,95.3320007324219,62.1839981079102,0.456999987363815,18.0414694613478,-4.80416679382324,38.7533340454102
2305308,"CE","IBIAPINA",13385,"0",31.4031895536765,17.087,91.4629974365234,55.443000793457,0.495000004768372,4.81085856557706,-3.92333340644836,40.8894462585449
2305332,"CE","IBICUITINGA",8354,"0",17.2285341776867,9.787,86.4879989624023,56.5929985046387,0.510999977588654,14.5335924486396,-4.97388887405396,38.6388893127441
2305357,"CE","ICAPUI",9772,"0",19.5473251028807,6.819,75.2760009765625,54.6119995117188,0.493999987840652,36.0346088228126,-4.71305561065674,37.3552780151367
2305407,"CE","ICO",38853,"0",26.9865859240221,11.928,87.3369979858398,59.0130004882812,0.554000020027161,8.81244616709733,-6.40111112594604,38.8622207641602
2305506,"CE","IGUATU",54214,"1",6.6976839306713,15.599,74.4599990844727,47.6360015869141,0.616999983787537,11.3297520339445,-6.3594446182251,39.2986106872559
2305605,"CE","INDEPENDENCIA",18852,"0",22.1855864342911,6.82,88.4150009155273,53.5900001525879,0.48199999332428,10.0593065693431,-5.39638900756836,40.3086128234863
2305654,"CE","IPAPORANGA",9044,"0",19.6516471033699,12.293,95.2799987792969,61.7470016479492,0.458999991416931,6.21009866511898,-4.90000009536743,40.7588882446289
2305704,"CE","IPAUMIRIM",7995,"0",29.9885602222585,9.191,90.8170013427734,48.4720001220703,0.59500002861023,13.9647517825911,-6.78972244262695,38.719165802002
2305803,"CE","IPU",25186,"0",24.6076233183856,9.972,88.4440002441406,53.6370010375977,0.565999984741211,6.61790017211704,-4.3222222328186,40.7108345031738
2305902,"CE","IPUEIRAS",24886,"0",23.0104001808727,9.532,93.5270004272461,64.6080017089844,0.512000024318695,13.3648271419369,-4.54166650772095,40.7188873291016
2306009,"CE","IRACEMA",9552,"0",28.2337587006961,15.724,89.4919967651367,55.7919998168945,0.504000008106232,12.7559775769363,-5.81194448471069,38.3058319091797
2306108,"CE","IRAUCUBA",11189,"0",28.5648574057038,12.565,91.9540023803711,48.4609985351562,0.499000012874603,9.09520211560257,-3.74611115455627,39.783332824707
2306207,"CE","ITAICABA",4577,"0",19.1041554236373,7.522,88.1890029907227,51.2200012207031,0.5,21.5036189586738,-4.67444467544556,37.8224983215332
2306256,"CE","ITAITINGA",13327,"0",38.5778985507246,14.243,81.6360015869141,46.2210006713867,0.437999993562698,18.4556962025316,-3.96944451332092,38.5280570983887
2306306,"CE","ITAPAGE",24854,"0",35.6160789252729,12.396,83.3880004882812,49.0550003051758,0.523000001907349,9.76270593890661,-3.68666672706604,39.5861129760742
2306405,"CE","ITAPIPOCA",52277,"1",9.00805705983358,9.388,90.8310012817383,52.2109985351562,0.547999978065491,13.1252636018558,-3.36166667938232,39.8316650390625
2306504,"CE","ITAPIUNA",10800,"0",21.9957748229154,11.376,94.4229965209961,58.4819984436035,0.526000022888184,21.0832313341493,-4.56444454193115,38.9222221374512
2306553,"CE","ITAREMA",17816,"0",23.0609418282548,10.852,92.870002746582,62.5410003662109,0.575999975204468,9.64285714285714,-2.9202778339386,39.9150009155273
2306603,"CE","ITATIRA",13114,"0",33.1035642232683,12.601,95.3099975585938,60.8720016479492,0.43299999833107,7.10530508204556,-4.52888870239258,39.6222229003906
2306702,"CE","JAGUARETAMA",13524,"0",24.419959741498,9.734,90.443000793457,53.4939994812012,0.521000027656555,10.1997896950578,-5.61277770996094,38.7669448852539
2306801,"CE","JAGUARIBARA",4732,"0",26.3367916999202,6.297,82.8010025024414,55.1440010070801,0.546999990940094,10.7055589492975,-5.65805578231812,38.6199989318848
2306900,"CE","JAGUARIBE",23537,"0",33.9497131697791,9.817,83.4130020141602,53.0089988708496,0.589999973773956,8.27613691715007,-5.8905553817749,38.6219444274902
2307007,"CE","JAGUARUANA",19394,"0",32.3226278342975,12.039,84.7539978027344,52.0940017700195,0.47299998998642,11.9025407452121,-4.83388900756836,37.7811126708984
2307106,"CE","JARDIM",17103,"0",25.8294366510799,9.046,92.0459976196289,54.673999786377,0.531000018119812,10.7439047203342,-7.58249998092651,39.2980537414551
2307205,"CE","JATI",5479,"0",14.1454352441614,11.084,89.568000793457,62.0110015869141,0.555999994277954,5.87005227781927,-7.68611097335815,39.0158348083496
2307254,"CE","JIJOCA DE JERICOACOARA",6281,"0",13.9827018121911,10.375,89.5839996337891,66.6750030517578,0.467999994754791,6.0800881704629,-2.89499998092651,40.4491653442383
2307304,"CE","JUAZEIRO DO NORTE",118151,"1",13.9276407490455,12.683,72.6129989624023,41.7270011901855,0.584999978542328,10.2701935361756,-7.21305561065674,39.3152770996094
2307403,"CE","JUCAS",16296,"0",30.4715840386941,13.975,92.7470016479492,62.193000793457,0.625999987125397,2.94848545906374,-6.52527761459351,39.5275001525879
2307502,"CE","LAVRAS DA MANGABEIRA",22266,"0",27.3528260018274,9.583,89.6490020751953,57.8440017700195,0.592000007629395,11.5263308802447,-6.753333568573,38.9644432067871
2307601,"CE","LIMOEIRO DO NORTE",31009,"0",27.0619335347432,10.488,75.1439971923828,38.8790016174316,0.521000027656555,20.2590746331531,-5.14555549621582,38.0980567932129
2307635,"CE","MADALENA",8438,"0",28.6363636363636,7.461,94.2990036010742,54.8219985961914,0.541999995708466,22.6974951830443,-4.85722208023071,39.5766677856445
2307650,"CE","MARACANAU",84413,"1",11.1749464909316,14.797,69.3939971923828,26.3400001525879,0.476000010967255,26.3443906459256,-3.8766667842865,38.6255569458008
2307700,"CE","MARANGUAPE",47783,"1",8.15774592481499,10.341,80.177001953125,38.2750015258789,0.50900000333786,17.2066367795905,-3.89083337783813,38.6855545043945
2307809,"CE","MARCO",14640,"0",23.1761692439048,12.721,90.8690032958984,56.560001373291,0.499000012874603,11.5822876099813,-3.12388896942139,40.1466674804688
2307908,"CE","MARTINOPOLE",6550,"0",13.3735778964476,10.034,88.995002746582,58.4749984741211,0.48199999332428,6.50780608052588,-3.22555565834045,40.6966667175293
2308005,"CE","MASSAPE",18623,"0",25.3668057612061,9.271,88.9150009155273,63.6920013427734,0.451999992132187,8.89881463666037,-3.52277779579163,40.3427772521973
2308104,"CE","MAURITI",22942,"0",31.4195548665707,10.166,91.7279968261719,63.5629997253418,0.550000011920929,12.6693450434458,-7.38916683197021,38.7744445800781
2308203,"CE","MERUOCA",8768,"0",23.0827638572513,17.159,92.9649963378906,53.1040000915527,0.458000004291534,6.08042635658915,-3.54166674613953,40.4550018310547
2308302,"CE","MILAGRES",17407,"0",20.2283849918434,7.852,86.3270034790039,57.2019996643066,0.560000002384186,11.0748383122883,-7.31333351135254,38.945556640625
2308351,"CE","MILHA",9256,"0",15.7760814249364,10.802,95.3369979858398,56.8230018615723,0.493000000715256,9.68147048749857,-5.67500019073486,39.1938896179199
2308377,"CE","MIRAIMA",6799,"0",18.2134358411129,13.255,95.1999969482422,58.1209983825684,0.448000013828278,9.34727503168568,-3.56944441795349,39.9700012207031
2308401,"CE","MISSAO VELHA",20819,"0",29.4399579804346,12.798,89.7490005493164,61.181999206543,0.523000001907349,9.51551777117689,-7.24972200393677,39.1430549621582
2308500,"CE","MOMBACA",30786,"0",27.1727277037599,9.467,91.5110015869141,56.6920013427734,0.672999978065491,7.2211036412654,-5.74305534362793,39.627498626709
2308609,"CE","MONSENHOR TABOSA",13051,"0",29.4506402313094,12.306,94.5479965209961,53.2200012207031,0.592999994754791,12.0665854648802,-4.78944444656372,40.0633316040039
2308708,"CE","MORADA NOVA",43174,"1",5.64608021877849,12.296,85.5640029907227,53.2220001220703,0.517000019550323,12.1068397403894,-5.10666656494141,38.372501373291
2308807,"CE","MORAUJO",5974,"0",21.6670851117248,14.282,89.036003112793,57.9679985046387,0.439000010490417,5.43012845465162,-3.46666669845581,40.6805572509766
2308906,"CE","MORRINHOS",10544,"0",17.6232187214015,10.958,92.5950012207031,54.2859992980957,0.477999985218048,8.00987654320988,-3.22944450378418,40.125
2309003,"CE","MUCAMBO",10568,"0",22.107243650047,8.847,91.7289962768555,57.7900009155273,0.446999996900558,3.48314606741573,-3.9094443321228,40.7466659545898
2309102,"CE","MULUNGU",6588,"0",36.8347987043036,17.151,85.4680023193359,50.1450004577637,0.486000001430511,8.21358589157414,-4.30555534362793,38.9963874816895
2309201,"CE","NOVA OLINDA",8979,"0",24.3906685236769,14.052,89.7710037231445,52.0800018310547,0.52700001001358,8.76765708718948,-7.09166669845581,39.6805572509766
2309300,"CE","NOVA RUSSAS",20967,"0",24.4139270356499,11.179,87.8560028076172,55.4440002441406,0.612999975681305,11.1410090556274,-4.70666646957397,40.5630569458008
2309409,"CE","NOVO ORIENTE",19662,"0",30.1866854526242,12.97,89.5059967041016,61.5639991760254,0.545000016689301,8.17708897799935,-5.5344443321228,40.7741661071777
2309458,"CE","OCARA",12901,"0",24.0158935501756,8.284,93.9899978637695,60.3429985046387,0.45100000500679,14.0476823539839,-4.4908332824707,38.5966682434082
2309508,"CE","OROS",17412,"0",26.99203187251,12.79,86.5670013427734,51.8339996337891,0.523999989032745,8.68895867972166,-6.24444437026978,38.9136123657227
2309607,"CE","PACAJUS",23872,"0",34.3645659432387,11.902,75.9560012817383,48.3580017089844,0.526000022888184,14.1696875143395,-4.1725001335144,38.4605560302734
2309706,"CE","PACATUBA",19526,"0",33.7118734764255,14.722,69.2119979858398,30.1350002288818,0.412000000476837,22.2327960506751,-3.98416662216187,38.6202774047852
2309805,"CE","PACOTI",7753,"0",29.3582704186685,11.395,87.484001159668,53.3779983520508,0.513999998569489,8.107732889074,-4.22499990463257,38.9233322143555
2309904,"CE","PACUJA",5234,"0",21.4865303472898,5.942,85.9179992675781,51.4620018005371,0.600000023841858,4.73096446700508,-3.98805546760559,40.6974983215332
2310001,"CE","PALHANO",5911,"0",16.6791323859387,10.113,92.9100036621094,58.6370010375977,0.49099999666214,10.5580969807868,-4.74527788162231,37.9588890075684
2310100,"CE","PALMACIA",8779,"0",32.0809851805469,11.956,86.2180023193359,47.3969993591309,0.509999990463257,13.957110339044,-4.15027761459351,38.8463897705078
2310209,"CE","PARACURU",16305,"0",35.074867171148,11.051,82.995002746582,48.0579986572266,0.528999984264374,9.90959422524353,-3.41000008583069,39.0305557250977
2310258,"CE","PARAIPABA",15757,"0",34.1866559161459,13.848,78.7289962768555,45.8330001831055,0.547999978065491,7.21537345902828,-3.43944454193115,39.1483345031738
2310308,"CE","PARAMBU",22457,"0",28.962379464892,11.16,86.6620025634766,59.2890014648438,0.514999985694885,10.3597893915757,-6.21111106872559,40.6944427490234
2310407,"CE","PARAMOTI",9736,"0",19.6814085097464,12.564,94.4449996948242,60.8689994812012,0.448000013828278,7.38894427827628,-4.0969443321228,39.239444732666
2310506,"CE","PEDRA BRANCA",25678,"0",29.9216536089348,9.193,93.015998840332,64.5220031738281,0.508000016212463,10.7965549923765,-5.45416688919067,39.7172241210938
2310605,"CE","PENAFORTE",4866,"0",20.8185053380783,7.809,88.5449981689453,51.8409996032715,0.564000010490417,8.51111111111111,-7.82888889312744,39.077220916748
2310704,"CE","PENTECOSTE",23064,"0",26.7009414435468,10.74,87.7600021362305,50.5480003356934,0.46399998664856,17.0274790919952,-3.79277777671814,39.2702789306641
2310803,"CE","PEREIRO",10003,"0",28.123744475693,12.3,92.6500015258789,57.8429985046387,0.607999980449677,6.47604822362104,-6.04166650772095,38.4597206115723
2310852,"CE","PINDORETAMA",10267,"0",24.9613733905579,14.883,86.9290008544922,50.4519996643066,0.444000005722046,11.4006156552331,-4.02694463729858,38.3050003051758
2310902,"CE","PIQUET CARNEIRO",11029,"0",34.8223065037224,14.832,91.6490020751953,55.2610015869141,0.537000000476837,9.78820835718374,-5.80361127853394,39.4177780151367
2310951,"CE","PIRES FERREIRA",7746,"0",13.2115101869355,8.252,94.9810028076172,60.2509994506836,0.47299998998642,2.96592043348068,-4.246666431427,40.6452789306641
2311009,"CE","PORANGA",8734,"0",24.9724366041896,10.411,92.5810012817383,68.3880004882812,0.546999990940094,4.57395794909627,-4.74472236633301,40.9261093139648
2311108,"CE","PORTEIRAS",11766,"0",23.6581552892131,9.328,89.4940032958984,62.351001739502,0.561999976634979,14.0005702879954,-7.53472232818604,39.1183319091797
2311207,"CE","POTENGI",6722,"0",26.636628677445,9.973,90.7089996337891,59.0979995727539,0.577000021934509,11.6960959015066,-7.0905556678772,40.026668548584
2311231,"CE","POTIRETAMA",4154,"0",22.8064811984103,10.85,92.9820022583008,55.2430000305176,0.535000026226044,15.9381663113006,-5.72388887405396,38.1561126708984
2311264,"CE","QUITERIANOPOLIS",11279,"0",25.0338753387534,6.984,97.2580032348633,55.6759986877441,0.476000010967255,9.42811437712457,-5.84305572509766,40.7008323669434
2311306,"CE","QUIXADA",43032,"1",7.47344830946117,8.795,81.25,46.0830001831055,0.59799998998642,15.9578443829883,-4.9713888168335,39.0152778625488
2311355,"CE","QUIXELO",13070,"0",16.8287823743115,9.886,84.8379974365234,62.9269981384277,0.521000027656555,9.11851608667104,-6.25444459915161,39.2019462585449
2311405,"CE","QUIXERAMOBIM",38875,"0",27.0147236645565,11.783,89.0250015258789,53.1240005493164,0.65200001001358,21.5622633344152,-5.19916677474976,39.2927780151367
2311504,"CE","QUIXERE",9734,"0",22.3609259483699,11.531,84.8820037841797,53.523998260498,0.486000001430511,9.33258553000561,-5.07416677474976,37.9886093139648
2311603,"CE","REDENCAO",16118,"0",29.8090930000767,12.235,87.4199981689453,53.859001159668,0.476000010967255,15.4429180483183,-4.22583341598511,38.7305564880371
2311702,"CE","RERIUTABA",13055,"0",18.6529060293319,7.539,89.3109970092773,58.773998260498,0.532000005245209,8.30564784053156,-4.14166688919067,40.5822219848633
2311801,"CE","RUSSAS",32022,"0",26.2911156001067,10.911,75.3479995727539,41.5940017700195,0.569999992847443,8.87402088772846,-4.94027757644653,37.9758338928223
2311900,"CE","SABOEIRO",13331,"0",24.891263825028,12.078,95.1019973754883,69.1660003662109,0.583999991416931,4.25531914893617,-6.54194450378418,39.906665802002
2311959,"CE","SALITRE",5843,"0",19.2684920310584,14.595,96.6389999389648,72.1989974975586,0.456999987363815,2.98108552631579,-7.28472232818604,40.4572219848633
2312007,"CE","SANTANA DO ACARAU",19020,"0",17.3990329920364,8.802,89.3349990844727,58.2319984436035,0.432000011205673,26.0934536467613,-3.46055555343628,40.2122230529785
2312106,"CE","SANTANA DO CARIRI",10868,"0",22.489539748954,10.162,91.3479995727539,60.1510009765625,0.532999992370605,11.9152691968226,-7.18833351135254,39.736946105957
2312205,"CE","SANTA QUITERIA",26716,"0",23.3672292693154,10.434,92.5950012207031,55.6949996948242,0.592999994754791,9.51658010387535,-4.33194446563721,40.156665802002
2312304,"CE","SAO BENEDITO",24947,"0",25.0515409420098,10.626,90.3170013427734,55.3170013427734,0.547999978065491,3.25559007570122,-4.04861116409302,40.8650016784668
2312403,"CE","SAO GONCALO DO AMARANTE",22074,"0",31.274481975589,11.769,86.2600021362305,49.6269989013672,0.495999991893768,10.5391668327686,-3.60722231864929,38.968334197998
2312502,"CE","SAO JOAO DO JAGUARIBE",7068,"0",22.4458204334365,6.255,80.3050003051758,40.6240005493164,0.483000010251999,16.9354838709677,-5.27111101150513,38.2736129760742
2312601,"CE","SAO LUIS DO CURU",9452,"0",21.2611422911852,12.039,81.7249984741211,43.8289985656738,0.515999972820282,13.1563210142327,-3.67000007629395,39.2433319091797
2312700,"CE","SENADOR POMPEU",20362,"0",23.7454852839468,11.888,89.1269989013672,51.7210006713867,0.648000001907349,17.7083876348851,-5.58805561065674,39.3716659545898
2312809,"CE","SENADOR SA",4158,"0",18.5633001422475,9.394,90.3320007324219,59.2239990234375,0.418000012636185,7.28602383531961,-3.35055565834045,40.4633331298828
2312908,"CE","SOBRAL",82904,"1",9.37391405073555,12.286,77.1159973144531,43.6720008850098,0.589999973773956,10.0498306787016,-3.68611121177673,40.349723815918
2313005,"CE","SOLONOPOLE",11811,"0",18.1849043793142,9.627,91.3349990844727,48.9269981384277,0.565999984741211,9.35181046043809,-5.73333311080933,39.0074996948242
2313104,"CE","TABULEIRO DO NORTE",19373,"0",26.5811182401467,8.812,79.7529983520508,47.8870010375977,0.537999987602234,14.631210957648,-5.246666431427,38.1305541992188
2313203,"CE","TAMBORIL",19072,"0",19.4779556920377,11.835,91.5699996948242,60.9910011291504,0.486999988555908,14.6809680968097,-4.83222198486328,40.320556640625
2313252,"CE","TARRAFAS",6088,"0",27.848429794965,10.745,97.0780029296875,67.2490005493164,0.509999990463257,4.93145807370482,-6.68444442749023,39.7613906860352
2313302,"CE","TAUA",38047,"0",28.2028178243775,10.084,86.0910034179688,54.3759994506836,0.610000014305115,12.20842843623,-6.00305557250977,40.2927780151367
2313351,"CE","TEJUSSUOCA",8867,"0",20.7997367121935,8.318,95.4120025634766,59.5139999389648,0.481000006198883,8.18181818181818,-3.98888897895813,39.5805549621582
2313401,"CE","TIANGUA",29924,"0",39.2443475659273,13.997,79.4869995117188,55.2000007629395,0.578999996185303,10.596629172582,-3.73222231864929,40.9916648864746
2313500,"CE","TRAIRI",23915,"0",25.350532809871,11.336,91.4619979858398,55.2709999084473,0.504999995231628,17.2260748959778,-3.27777767181396,39.2688903808594
2313559,"CE","TURURU",9047,"0",25.328947368421,15.767,93.3059997558594,57.1180000305176,0.437999993562698,11.4109673444239,-3.58083343505859,39.4372215270996
2313609,"CE","UBAJARA",16977,"0",35.1995774541613,17.143,82.1510009765625,55.6720008850098,0.507000029087067,5.1631132802466,-3.85444450378418,40.9211120605469
2313708,"CE","UMARI",5912,"0",28.8888888888889,10.573,94.8779983520508,54.0429992675781,0.570999979972839,17.5580966433051,-6.64777755737305,38.7000007629395
2313757,"CE","UMIRIM",10459,"0",29.805751765893,17.412,93.9089965820312,57.6720008850098,0.497000008821487,11.2832321540716,-3.67722225189209,39.3502769470215
2313807,"CE","URUBURETAMA",12881,"0",29.9582947173309,17.33,87.3720016479492,52.6380004882812,0.48199999332428,13.4102255121363,-3.625,39.5083351135254
2313906,"CE","URUOCA",7325,"0",15.4003407155026,11.915,93.3929977416992,66.7870025634766,0.455000013113022,10.524067217317,-3.31388878822327,40.5566673278809
2313955,"CE","VARJOTA",11232,"0",26.2208398133748,7.346,86.4260025024414,54.1459999084473,0.559000015258789,4.72208558780128,-4.19444465637207,40.4766654968262
2314003,"CE","VARZEA ALEGRE",24006,"0",26.8814675446849,15.333,91.3300018310547,52.7000007629395,0.593999981880188,13.5279568942673,-6.78888893127441,39.2958335876465
2314102,"CE","VICOSA DO CEARA",27681,"0",21.0311772083856,13.615,93.9410018920898,68.9720001220703,0.527999997138977,6.361559608162,-3.56222224235535,41.0922241210938
2400109,"RN","ACARI",7842,"0",27.7930402930403,11.016,73.6139984130859,39.2029991149902,0.527999997138977,9.98374424275264,-6.43555545806885,36.6388893127441
2400208,"RN","ASSU",29209,"0",30.4056277768636,13.106,73.3560028076172,45.0769996643066,0.555999994277954,18.3038637851997,-5.57666683197021,36.9086112976074
2400307,"RN","AFONSO BEZERRA",7191,"0",27.1543408360129,9.527,91.5839996337891,55.2630004882812,0.5,12.2922068018911,-5.49833345413208,36.5055541992188
2400406,"RN","AGUA NOVA",0,"0",18.2555780933063,8.713,85.6949996948242,58.9720001220703,0.547999978065491,2.8476821192053,-6.20916652679443,38.2972221374512
2400505,"RN","ALEXANDRIA",10307,"0",30.569702712306,8.304,84.9560012817383,55.0299987792969,0.591000020503998,23.5126582278481,-6.41249990463257,38.0158348083496
2400604,"RN","ALMINO AFONSO",4893,"0",27.0099842354178,12.38,85.072998046875,46.7159996032715,0.554000020027161,14.9435273675065,-6.15222215652466,37.7661094665527
2400703,"RN","ALTO DO RODRIGUES",6656,"0",34.5982511136776,8.723,80.161003112793,45.2799987792969,0.49099999666214,17.9151474975141,-5.28833341598511,36.7622222900391
2400802,"RN","ANGICOS",7680,"0",21.1475409836066,7.538,84.8430023193359,49.9179992675781,0.550999999046326,8.99394638224272,-5.66555547714233,36.6011123657227
2400901,"RN","ANTONIO MARTINS",5132,"0",35.5798280269579,11.604,90.5210037231445,43.5320014953613,0.635999977588654,15.2912621359223,-6.21277761459351,37.9055557250977
2401008,"RN","APODI",20223,"0",36.0322965827031,10.666,83.1350021362305,51.9140014648438,0.522000014781952,15.5252330607781,-5.66416645050049,37.7988891601562
2401107,"RN","AREIA BRANCA",15754,"0",27.8443113772455,11.044,68.1019973754883,34.5190010070801,0.533999979496002,22.8071389042612,-4.95611095428467,37.1369438171387
2401206,"RN","ARES",7616,"0",34.1029123283537,12.995,83.2080001831055,55.1720008850098,0.465999990701675,9.94393626438477,-6.19444465637207,35.1602783203125
2401305,"RN","CAMPO GRANDE",6715,"0",28.9288231148696,15.19,91.8690032958984,53.5779991149902,0.52700001001358,11.2751584372171,-5.86388874053955,37.310001373291
2401404,"RN","BAIA FORMOSA",5652,"0",38.7228915662651,12.742,80.4860000610352,50.1510009765625,0.515999972820282,14.6575057255882,-6.36944437026978,35.0077781677246
2401453,"RN","BARAUNA",11468,"0",32.5807132306394,14.309,86.7949981689453,62.1980018615723,0.495999991893768,12.7915797458752,-5.07999992370605,37.6166648864746
2401503,"RN","BARCELONA",3221,"0",29.4773519163763,10.575,90.1790008544922,59.3320007324219,0.499000012874603,5.96650383810188,-5.95055532455444,35.9263877868652
2401602,"RN","BENTO FERNANDES",3178,"0",41.1318150448585,9.453,93.5220031738281,60.8720016479492,0.486000001430511,14.2697048935375,-5.6938886642456,35.8197212219238
2401651,"RN","BODO",1491,"0",28.7745429925525,10.327,94.1070022583008,70.4499969482422,0.45100000500679,6.47010647010647,-5.98833322525024,36.4130554199219
2401701,"RN","BOM JESUS",5473,"0",39.2950963222417,14.077,84.5029983520508,60.4609985351562,0.497000008821487,5.88117221999197,-5.98388910293579,35.5813903808594
2401800,"RN","BREJINHO",6200,"0",33.9589783281734,18.624,87.5390014648438,64.8570022583008,0.493000000715256,4.46868402533427,-6.190833568573,35.3566665649414
2401859,"RN","CAICARA DO NORTE",3654,"0",36.2332695984704,9.991,90.7630004882812,52.2229995727539,0.499000012874603,13.3625730994152,-5.06444454193115,36.0558319091797
2401909,"RN","CAICARA DO RIO DO VENTO",2390,"0",27.3841961852861,8.146,87.4509963989258,49.5229988098145,0.483999997377396,7.95880149812734,-5.76027774810791,35.9983329772949
2402006,"RN","CAICO",34296,"0",19.4143025232056,9.246,56.9609985351562,33.015998840332,0.537000000476837,13.6401288541187,-6.45833349227905,37.0977783203125
2402105,"RN","CAMPO REDONDO",6722,"0",31.0465976331361,14.707,85.6569976806641,59.5359992980957,0.483000010251999,6.35118306351183,-6.24138879776001,36.1824989318848
2402204,"RN","CANGUARETAMA",17168,"0",46.5549204387456,20.507,85.0899963378906,59.7179985046387,0.444999992847443,10.7851483203458,-6.38000011444092,35.1288871765137
2402303,"RN","CARAUBAS",14666,"0",31.7002404045428,11.103,84.3659973144531,51.132999420166,0.547999978065491,15.8866279069767,-5.79250001907349,37.5566673278809
2402402,"RN","CARNAUBA DOS DANTAS",4143,"0",21.3157213157213,11.85,68.7789993286133,34.0779991149902,0.465999990701675,6.06297163674213,-6.55555534362793,36.5950012207031
2402501,"RN","CARNAUBAIS",5484,"0",25.5089576547231,10.397,85.5800018310547,53.9539985656738,0.497000008821487,17.3043060669121,-5.34833335876465,36.8344459533691
2402600,"RN","CEARA MIRIM",33921,"0",42.6219192448873,13.623,80.1559982299805,50.3730010986328,0.488000005483627,11.0459307010475,-5.63444423675537,35.4255561828613
2402709,"RN","CERRO-CORA",6775,"0",36.0604956268222,16.638,91.0039978027344,56.9609985351562,0.485000014305115,4.46658097686375,-6.04555559158325,36.345832824707
2402808,"RN","CORONEL EZEQUIEL",4351,"0",24.5923460898502,19.136,93.838996887207,64.6520004272461,0.512000024318695,3.51842987075156,-6.38250017166138,36.2147216796875
2402907,"RN","CORONEL JOAO PESSOA",3406,"0",17.7768696362893,10.098,92.677001953125,56.1809997558594,0.587000012397766,7.1157495256167,-6.2597222328186,38.4436111450195
2403004,"RN","CRUZETA",5792,"0",22.5467735777014,11.504,71.515998840332,42.6209983825684,0.519999980926514,5.1834276327797,-6.41166687011719,36.789722442627
2403103,"RN","CURRAIS NOVOS",26855,"0",37.1426026543155,17.008,70.2129974365234,38.7200012207031,0.606000006198883,10.3303515379787,-6.26083326339722,36.5177764892578
2403202,"RN","DOUTOR SEVERIANO",4057,"0",23.3390119250426,9.68,91.8880004882812,51.8489990234375,0.537999987602234,4.96742671009772,-6.09444427490234,38.3747215270996
2403251,"RN","PARNAMIRIM",42367,"1",15.4063092742338,13.026,54.0559997558594,31.3269996643066,0.526000022888184,15.7382747890443,-5.91555547714233,35.2627792358398
2403301,"RN","ENCANTO",0,"0",39.9096385542169,13.771,80.0339965820312,48.8429985046387,0.524999976158142,9.56284153005464,-6.11055564880371,38.3052787780762
2403400,"RN","EQUADOR",3754,"0",28.5315660969655,11.768,85.2009963989258,48.7190017700195,0.483000010251999,7.53462603878116,-6.94500017166138,36.718334197998
2403509,"RN","ESPIRITO SANTO",6669,"0",26.9199346405229,13.776,92.681999206543,67.2080001831055,0.465999990701675,6.64182731248988,-6.33222198486328,35.3094444274902
2403608,"RN","EXTREMOZ",12633,"0",41.3003153403821,17.685,73.7959976196289,42.6959991455078,0.462999999523163,11.8033556259533,-5.70555543899536,35.3072204589844
2403707,"RN","FELIPE GUERRA",4444,"0",16.752698263726,8.783,85.0179977416992,48.3330001831055,0.522000014781952,17.4142480211082,-5.60249996185303,37.6886100769043
2403756,"RN","FERNANDO PEDROSA",1872,"0",23.1161473087819,7.688,90.1360015869141,64.875,0.5,7.78642936596218,-5.6972222328186,36.5311126708984
2403806,"RN","FLORANIA",7028,"0",23.9082785365031,10.283,86.7570037841797,51.4480018615723,0.526000022888184,10.3126534621051,-6.12722206115723,36.8180541992188
2403905,"RN","FRANCISCO DANTAS",0,"0",29.4411177644711,9.833,87.3000030517578,56.2709999084473,0.483999997377396,7.21987810595406,-6.07833337783813,38.1194458007812
2404002,"RN","FRUTUOSO GOMES",3534,"0",23.6720554272517,6.853,74.8669967651367,43.5999984741211,0.550999999046326,19.2355889724311,-6.15833330154419,37.8397216796875
2404101,"RN","GALINHOS",1317,"0",33.6688014638609,12.577,80.0979995727539,61.1139984130859,0.486999988555908,8.8006902502157,-5.0905556678772,36.275276184082
2404200,"RN","GOIANINHA",13788,"0",41.8463548959208,17.048,82.9189987182617,60.8240013122559,0.521000027656555,10.4718417047184,-6.26472234725952,35.2125015258789
2404309,"RN","GOVERNADOR DIX-SEPT ROSADO",7605,"0",37.338795326961,10.87,85.2429962158203,47.5340003967285,0.48199999332428,15.187210769878,-5.45888900756836,37.5208320617676
2404408,"RN","GROSSOS",5906,"0",35.834516325289,15.723,81.1100006103516,44.2669982910156,0.46900001168251,24.2342978122795,-4.97972202301025,37.1547241210938
2404507,"RN","GUAMARE",5745,"0",29.4286226043346,14.496,78.3050003051758,55.7410011291504,0.533999979496002,12.2364532019704,-5.10750007629395,36.3202781677246
2404606,"RN","IELMO MARINHO",5699,"0",40.8549677923092,14.01,92.0289993286133,70.0339965820312,0.46900001168251,6.69208770257388,-5.82416677474976,35.5527763366699
2404705,"RN","IPANGUACU",8155,"0",32.2804896478767,10.843,88.9120025634766,57.0989990234375,0.414000004529953,18.0494905385735,-5.49833345413208,36.8549995422363
2404804,"RN","IPUEIRA",1617,"0",11.430625449317,3.269,72.1790008544922,36.2900009155273,0.46399998664856,10.498687664042,-6.81416654586792,37.1988906860352
2404853,"RN","ITAJA",4404,"0",28.4615384615385,9.205,91.9619979858398,56.3629989624023,0.432000011205673,8.02959714990408,-5.64416646957397,36.8713874816895
2404903,"RN","ITAU",3432,"0",22.0999685633449,10.667,75.5690002441406,40.3559989929199,0.600000023841858,13.0808402291534,-5.83972215652466,37.9927787780762
2405009,"RN","JACANA",5377,"0",28.4589997461285,12.021,86.7099990844727,52.6300010681152,0.515999972820282,5.24635946538999,-6.42583322525024,36.2050018310547
2405108,"RN","JANDAIRA",4131,"0",38.0165289256198,12.254,88.3290023803711,61.9640007019043,0.439999997615814,6.42916782632897,-5.35638904571533,36.1280555725098
2405207,"RN","JANDUIS",4219,"0",19.9370709382151,9.899,88.5339965820312,51.4690017700195,0.580999970436096,31.5274642588412,-6.0155553817749,37.4088897705078
2405306,"RN","JANUARIO CICCO",5207,"0",18.9308030548484,14.347,89.7470016479492,61.359001159668,0.509999990463257,3.42580916351408,-6.15833330154419,35.6005554199219
2405405,"RN","JAPI",5043,"0",25.7940573770492,16.123,89.6480026245117,61.3230018615723,0.528999984264374,4.54545454545455,-6.46500015258789,35.9466667175293
2405504,"RN","JARDIM DE ANGICOS",2400,"0",19.6713147410359,7.815,90.5270004272461,55.0050010681152,0.505999982357025,9.63541666666667,-5.6536111831665,35.9688873291016
2405603,"RN","JARDIM DE PIRANHAS",7463,"0",34.6227013316424,12.13,66.2870025634766,48.148998260498,0.474999994039536,19.1709090909091,-6.37861108779907,37.3519439697266
2405702,"RN","JARDIM DO SERIDO",8570,"0",28.8939967550027,9.061,71.2070007324219,35.2610015869141,0.486000001430511,9.82571356403132,-6.58444452285767,36.7744445800781
2405801,"RN","JOAO CAMARA",17101,"0",31.1572507159594,14.231,78.9280014038086,55.6440010070801,0.501999974250793,11.2285677452623,-5.53749990463257,35.8197212219238
2405900,"RN","JOAO DIAS",2090,"0",31.3336904124263,6.214,91.1760025024414,62.0750007629395,0.564000010490417,14.0600315955766,-6.27444458007812,37.7961120605469
2406007,"RN","JOSE DA PENHA",3870,"0",29.0023201856148,9.696,87.9410018920898,57.382999420166,0.568000018596649,14.2155446402774,-6.31666660308838,38.2813873291016
2406106,"RN","JUCURUTU",12195,"0",20.5643277585724,8.96,85.4899978637695,56.1020011901855,0.52700001001358,8.69764038778123,-6.0338888168335,37.0202789306641
2406205,"RN","LAGOA D ANTA",3612,"0",22.1269296740995,13.509,93.4530029296875,60.560001373291,0.5,7.73904700991366,-6.39111089706421,35.598331451416
2406304,"RN","LAGOA DE PEDRAS",3669,"0",23.0330672748005,14.863,93.2470016479492,73.9100036621094,0.510999977588654,4.725168756027,-6.14916658401489,35.4377784729004
2406403,"RN","LAGOA DE VELHOS",1932,"0",33.1281477336318,9.441,88.0490036010742,46.9449996948242,0.497000008821487,7.37898465171192,-6.0038890838623,35.8716659545898
2406502,"RN","LAGOA NOVA",7752,"0",23.4282325029656,15.763,89.9700012207031,58.4360008239746,0.49099999666214,3.76260116427659,-6.1211109161377,35.477222442627
2406601,"RN","LAGOA SALGADA",5884,"0",40.4719056188762,22.28,89.556999206543,63.4339981079102,0.474999994039536,4.91489768598202,-6.12083339691162,35.477222442627
2406700,"RN","LAJES",6807,"0",25.9384023099134,9.58,87.7289962768555,51.7169990539551,0.569999992847443,13.7991685321394,-5.69999980926514,36.2447204589844
2406809,"RN","LAJES PINTADAS",4448,"0",31.2270803949224,15.694,89.4010009765625,50.3930015563965,0.486000001430511,6.40346653827636,-6.15027761459351,36.1172218322754
2406908,"RN","LUCRECIA",2714,"0",15.080875356803,9.83,88.9219970703125,50.3860015869141,0.592000007629395,16.579053780833,-6.11999988555908,37.8155555725098
2407005,"RN","LUIS GOMES",5946,"0",33.7128020770921,9.538,88.9580001831055,53.0460014343262,0.601999998092651,9.05789792213032,-6.41388893127441,38.3886108398438
2407104,"RN","MACAIBA",28290,"0",34.9633944100635,16.4,75.3310012817383,50.984001159668,0.499000012874603,11.2738656566437,-5.85833311080933,35.353889465332
2407203,"RN","MACAU",19237,"0",27.6879469174773,10.924,69.6070022583008,37.8279991149902,0.574999988079071,27.1786886157611,-5.11499977111816,36.6344451904297
2407252,"RN","MAJOR SALES",1971,"0",24.0046838407494,7.121,92.5960006713867,55.4980010986328,0.547999978065491,7.12358337830545,-6.40611124038696,38.3238906860352
2407302,"RN","MARCELINO VIEIRA",5424,"0",28.6781977364937,13.565,93.1809997558594,58.1150016784668,0.526000022888184,11.8421052631579,-6.29416656494141,38.1672210693359
2407401,"RN","MARTINS",5595,"0",27.1899088997898,9.361,88.6490020751953,39.5379981994629,0.616999983787537,10.858312266763,-6.08777761459351,37.9111099243164
2407500,"RN","MAXARANGUAPE",5631,"0",31.0920676774335,9.948,81.911003112793,54.8230018615723,0.497999995946884,6.59642190758424,-5.51722240447998,35.2563896179199
2407609,"RN","MESSIAS TARGINO",3254,"0",20.9792709077913,9.599,86.8430023193359,51.6139984130859,0.541000008583069,25.2900232018561,-6.07888889312744,37.5138893127441
2407708,"RN","MONTANHAS",6338,"0",38.4891406987724,14.781,86.3000030517578,63.9669990539551,0.568000018596649,25.6364607441695,-6.48583316802979,35.2874984741211
2407807,"RN","MONTE ALEGRE",9831,"0",32.0470197102826,12.2,86.8809967041016,63.5410003662109,0.547999978065491,8.56456194013546,-6.06777763366699,35.3322219848633
2407906,"RN","MONTE DAS GAMELEIRAS",1806,"0",27.4336283185841,11.88,91.6999969482422,63.0620002746582,0.526000022888184,8.73850197109067,-6.4413890838623,35.7825012207031
2408003,"RN","MOSSORO",114218,"1",12.1662023856899,11.456,63.6570014953613,31.8010005950928,0.574999988079071,26.8089704460579,-5.1875,37.344165802002
2408201,"RN","NISIA FLORESTA",8534,"0",38.5737643063766,10.072,80.6940002441406,50.5169982910156,0.617999970912933,11.3580583583311,-6.0911111831665,35.208610534668
2408300,"RN","NOVA CRUZ",21600,"0",38.175508180466,12.887,87.245002746582,61.1629981994629,0.578999996185303,11.3398970463292,-6.47805547714233,35.4338874816895
2408409,"RN","OLHO D'AGUA DO BORGES",3737,"0",32.5109306683323,11.219,83.4899978637695,48.7490005493164,0.542999982833862,9.9796924862199,-5.9563889503479,37.7055549621582
2408508,"RN","OURO BRANCO",3969,"0",25.9051186017478,7.197,82.6050033569336,38.6780014038086,0.493999987840652,6.44981929385599,-6.70111131668091,36.945556640625
2408607,"RN","PARANA",2768,"0",40.1731601731602,5.646,78.5199966430664,65.6780014038086,0.523000001907349,11.9058196357175,-6.48638868331909,38.3130569458008
2408805,"RN","PARAZINHO",3545,"0",34.2427422175586,13.142,92.1520004272461,64.8010025024414,0.46000000834465,8.51145038167939,-5.22305536270142,35.8383331298828
2408904,"RN","PARELHAS",12874,"0",28.7125124580955,11.558,73.5899963378906,34.1949996948242,0.526000022888184,10.7681872138375,-6.68777799606323,36.6575012207031
2408953,"RN","RIO DO FOGO",5728,"0",25.6319197827449,10.923,83.7259979248047,58.0439987182617,0.476000010967255,11.2751584372171,-5.27277755737305,35.383056640625
2409100,"RN","PASSA E FICA",4804,"0",32.6167531504818,13.649,86.4420013427734,65.3249969482422,0.52700001001358,4.58509843010217,-6.43555545806885,35.6433334350586
2409209,"RN","PASSAGEM",1844,"0",22.7958236658933,14.347,88.463996887207,54.9529991149902,0.504000008106232,7.66400980993256,-6.27888870239258,35.377498626709
2409308,"RN","PATU",9003,"0",28.3519173239054,9.456,80.6869964599609,46.5940017700195,0.568000018596649,10.327983251919,-6.1100001335144,37.6366653442383
2409332,"RN","SANTA MARIA",1864,"0",33.0543933054393,10.11,90.677001953125,61.507999420166,0.493999987840652,11.2751584372171,-5.83972215652466,35.6952781677246
2409407,"RN","PAU DOS FERROS",0,"0",39.2248580020047,15.236,61.5279998779297,37.9630012512207,0.591000020503998,15.336859048057,-6.10916662216187,38.2044448852539
2409506,"RN","PEDRA GRANDE",2782,"0",28.2323018228063,10.299,90.3990020751953,62.9830017089844,0.532000005245209,11.9097367321354,-5.15027761459351,35.8788871765137
2409605,"RN","PEDRA PRETA",2423,"0",28.021978021978,9.715,92.4720001220703,54.0180015563965,0.518999993801117,7.73751224289912,-5.58249998092651,36.1047210693359
2409704,"RN","PEDRO AVELINO",6755,"0",25.6396396396396,11.379,89.0139999389648,60.4109992980957,0.462000012397766,10.0801068090788,-5.52166652679443,36.388053894043
2409803,"RN","PEDRO VELHO",10532,"0",40.621313409359,14.696,85.5999984741211,58.8899993896484,0.527999997138977,12.6370862259785,-6.43916654586792,35.2213897705078
2409902,"RN","PENDENCIAS",8354,"0",31.0891640005564,12.833,81.0400009155273,51.5750007629395,0.507000029087067,20.3640200474809,-5.26000022888184,36.7222213745117
2410009,"RN","PILOES",2005,"0",25.3804347826087,6.421,86.8740005493164,56.4739990234375,0.523999989032745,8.13692480359147,-6.26861095428467,38.0433349609375
2410108,"RN","POCO BRANCO",7158,"0",29.0706785770255,13.502,90.6750030517578,64.9749984741211,0.50900000333786,12.1322314049587,-5.62277793884277,35.6627769470215
2410207,"RN","PORTALEGRE",4467,"0",20.9825750242014,9.821,91.8280029296875,50.2970008850098,0.532999992370605,3.95674612927009,-6.02388906478882,37.9877777099609
2410256,"RN","PORTO DO MANGUE",1685,"0",23.9651416122004,10.506,86.3010025024414,58.5379981994629,0.488999992609024,11.2751584372171,-5.06777763366699,36.781665802002
2410306,"RN","PRESIDENTE JUSCELINO",5187,"0",23.2062514799905,16.433,89.8550033569336,65.7440032958984,0.569000005722046,5.64223124599273,-6.10555553436279,35.7133331298828
2410405,"RN","PUREZA",5241,"0",32.8041035661944,10.112,88.7440032958984,62.0050010681152,0.465000003576279,10.750923266311,-5.46694421768188,35.5561103820801
2410504,"RN","RAFAEL FERNANDES",2843,"0",33.0045523520486,11.751,75.6640014648438,41.2849998474121,0.524999976158142,8.2347972972973,-6.19472217559814,38.2258338928223
2410603,"RN","RAFAEL GODEIRO",2645,"0",23.1463878326996,10.124,86.8330001831055,51.0120010375977,0.552999973297119,12.0883233532934,-6.07555532455444,37.716667175293
2410702,"RN","RIACHO DA CRUZ",2003,"0",16.7824074074074,8.721,83.1019973754883,48.2210006713867,0.532999992370605,5.66448801742919,-5.93638896942139,37.9463882446289
2410801,"RN","RIACHO DE SANTANA",0,"0",22.5620567375887,10.874,83.8450012207031,50.6129989624023,0.532000005245209,7.1187710753091,-6.26333332061768,38.3155555725098
2410900,"RN","RIACHUELO",3891,"0",27.8874056877539,12.333,92.5009994506836,59.2919998168945,0.458000004291534,12.1041331186259,-5.81500005722046,35.8250007629395
2411007,"RN","RODOLFO FERNANDES",3732,"0",21.9744275944098,13.51,86.8990020751953,54.4010009765625,0.488000005483627,6.66294954000558,-5.78805541992188,38.060001373291
2411056,"RN","TIBAU",1890,"0",37.7459749552773,14.793,84.0920028686523,50.1720008850098,0.485000014305115,11.2751584372171,-4.8372220993042,37.252498626709
2411106,"RN","RUY BARBOSA",2697,"0",18.9469320066335,11.084,94.8529968261719,65.0960006713867,0.495000004768372,3.47341337907376,-5.8813886642456,35.9347229003906
2411205,"RN","SANTA CRUZ",17650,"0",19.5345911949686,13.065,82.1350021362305,49.6669998168945,0.526000022888184,12.0784794604537,-6.22944450378418,36.022777557373
2411403,"RN","SANTANA DO MATOS",9702,"0",27.2368892605423,11.259,91.1959991455078,59.0410003662109,0.483000010251999,10.25390625,-5.95749998092651,36.6555557250977
2411429,"RN","SANTANA DO SERIDO",1888,"0",18.4595798854233,5.74,84.3600006103516,38.4650001525879,0.474999994039536,10.0783874580067,-6.77055549621582,36.7333335876465
2411502,"RN","SANTO ANTONIO",13528,"0",35.3874037154508,18.551,82.2630004882812,56.3969993591309,0.59500002861023,15.1096733470096,-6.31055545806885,35.478889465332
2411601,"RN","SAO BENTO DO NORTE",2208,"0",33.9167455061495,7.821,88.125,58.7789993286133,0.493000000715256,21.2847033206315,-5.0663890838623,36.0380554199219
2411700,"RN","SAO BENTO DO TRAIRI",2847,"0",23.2067510548523,17.691,92.109001159668,56.7430000305176,0.52999997138977,3.91207153502235,-6.34166669845581,36.0872230529785
2411809,"RN","SAO FERNANDO",2437,"0",20.8974358974359,5.685,78.7460021972656,49.632999420166,0.460999995470047,8.66601752677702,-6.37638902664185,37.1844444274902
2411908,"RN","SAO FRANCISCO DO OESTE",0,"0",38.1572600096479,11.537,83.1849975585938,52.2150001525879,0.509999990463257,9.37027707808564,-5.97499990463257,38.151668548584
2412005,"RN","SAO GONCALO DO AMARANTE",38447,"0",39.5275110501448,18.143,72.1669998168945,41.6349983215332,0.439999997615814,11.5527092358887,-5.79333353042603,35.3294448852539
2412104,"RN","SAO JOAO DO SABUGI",4597,"0",12.8785950623568,5.898,70.7129974365234,37.7319984436035,0.493000000715256,11.9805589307412,-6.71833324432373,37.200553894043
2412203,"RN","SAO JOSE DE MIPIBU",19518,"0",39.4326759191624,18.976,78.2099990844727,53.5800018310547,0.504999995231628,11.0347883890982,-6.07472229003906,35.2377777099609
2412302,"RN","SAO JOSE DE CAMPESTRE",8108,"0",28.0268056589724,11.791,84.9990005493164,60.5859985351562,0.549000024795532,6.1937533086289,-6.31555557250977,35.7138900756836
2412401,"RN","SAO JOSE DO SERIDO",3090,"0",17.8955453149002,8.705,75.9970016479492,40.1300010681152,0.512000024318695,8.81133379405667,-6.44916677474976,36.8777770996094
2412500,"RN","SAO MIGUEL",13044,"0",33.6868314275175,15.139,84.9700012207031,55.4080009460449,0.560000002384186,8.2578678382498,-6.21194458007812,38.4969444274902
2412559,"RN","SAO MIGUEL DE TOUROS",2708,"0",34.8165495706479,8.646,92.5370025634766,74.5999984741211,0.456999987363815,8.4985835694051,-5.12472200393677,35.6391677856445
2412609,"RN","SAO PAULO DO POTENGI",8872,"0",37.5150140130789,16.125,84.7939987182617,53.7089996337891,0.514999985694885,7.49201915403033,-5.89499998092651,35.7627792358398
2412708,"RN","SAO PEDRO",5231,"0",26.7054714784633,11.76,91.7119979858398,66.4889984130859,0.519999980926514,8.4453781512605,-5.89805555343628,35.6344451904297
2412807,"RN","SAO RAFAEL",6437,"0",26.656243892906,11.709,85.6230010986328,54.689998626709,0.518999993801117,11.8688098717324,-5.79944467544556,36.9205551147461
2412906,"RN","SAO TOME",7556,"0",36.4734299516908,24.901,89.7249984741211,58.1069984436035,0.507000029087067,6.99235002013153,-5.97249984741211,36.0752792358398
2413003,"RN","SAO VICENTE",4010,"0",28.8120567375887,9.168,84.318000793457,48.3759994506836,0.495000004768372,5.98476605005441,-6.21722221374512,36.6844444274902
2413102,"RN","SENADOR ELOI DE SOUZA",3730,"0",29.6421336934504,15.328,93.515998840332,71.2229995727539,0.470999985933304,5.05926568372362,-6.03555536270142,35.6927795410156
2413201,"RN","SENADOR GEORGINO AVELINO",2442,"0",41.7013407304669,10.498,87.4240036010742,54.7630004882812,0.486999988555908,5.71870170015456,-6.1627779006958,35.122501373291
2413300,"RN","SERRA DE SAO BENTO",4468,"0",36.5816169689517,15.211,94.8410034179688,67.3050003051758,0.523000001907349,5.09983160933365,-6.41722202301025,35.7044448852539
2413359,"RN","SERRA DO MEL",5357,"0",27.6939655172414,6.275,88.4720001220703,51.7509994506836,0.476999998092651,21.3205537806177,-5.17000007629395,37.0294456481934
2413409,"RN","SERRA NEGRA DO NORTE",6007,"0",30.6387434554974,11.509,81.6259994506836,54.068000793457,0.521000027656555,9.96056917538145,-6.66555547714233,37.3972206115723
2413508,"RN","SERRINHA",5208,"0",30.4040627069993,18.016,95.6100006103516,65.5029983520508,0.483000010251999,9.149072296865,-6.27611112594604,35.4988899230957
2413557,"RN","SERRINHA DOS PINTOS",3207,"0",19.588785046729,6.723,93.9879989624023,49.7980003356934,0.53600001335144,11.2751584372171,-6.1100001335144,37.9563903808594
2413607,"RN","SEVERIANO MELO",5951,"0",37.5188455739823,7.801,89.4300003051758,58.2360000610352,0.416000008583069,10.1030182541117,-5.77722215652466,37.9577789306641
2413706,"RN","SITIO NOVO",3380,"0",27.3246951219512,14.831,93.7040023803711,62.6349983215332,0.510999977588654,7.92798483891346,-6.10388898849487,35.9111099243164
2413805,"RN","TABOLEIRO GRANDE",1873,"0",15.7413056741916,7.93,88.4059982299805,45.9690017700195,0.546999990940094,10.9208972845336,-5.92999982833862,38.0449981689453
2413904,"RN","TAIPU",8621,"0",33.0503512880562,12.13,93.4929962158203,64.8170013427734,0.479999989271164,11.7472118959108,-5.621666431427,35.5966682434082
2414001,"RN","TANGARA",8040,"0",28.5714285714286,12.671,86.2249984741211,57.2630004882812,0.573000013828278,6.05892162312396,-6.19944429397583,35.8016662597656
2414100,"RN","TENENTE ANANIAS",6556,"0",23.6146095717884,8.705,93.1920013427734,61.4000015258789,0.554000020027161,8.07093138879682,-6.46500015258789,38.1797218322754
2414159,"RN","TENENTE LAURENTINO CRUZ",2149,"0",17.4307762142533,9.1,93.7289962768555,58.6450004577637,0.465999990701675,3.64025695931478,-6.14805555343628,36.719165802002
2414209,"RN","TIBAU DO SUL",5061,"0",22.5453699395067,8.124,89.6740036010742,59.1189994812012,0.493000000715256,9.99356637357924,-6.18666648864746,35.0919456481934
2414308,"RN","TIMBAUBA DOS BATISTAS",1767,"0",12.0047309284447,5.191,72.2279968261719,36.8769989013672,0.467999994754791,11.5089514066496,-6.46500015258789,37.2744445800781
2414407,"RN","TOUROS",13503,"0",35.505331267657,10.978,89.7590026855469,58.3300018310547,0.541999995708466,7.40941888431996,-5.19888877868652,35.4608345031738
2414456,"RN","TRIUNFO POTIGUAR",1576,"0",23.5138004246284,16.243,94.9970016479492,63.201000213623,0.49099999666214,6.37450199203187,-5.86694431304932,37.1886100769043
2414506,"RN","UMARIZAL",8119,"0",26.5734265734266,12.462,80.9169998168945,44.4640007019043,0.59799998998642,11.1081689394942,-5.99055576324463,37.8144454956055
2414605,"RN","UPANEMA",6546,"0",27.2176759410802,11.709,87.2639999389648,50.4469985961914,0.546999990940094,19.7847257816504,-5.64194440841675,37.2577781677246
2414704,"RN","VARZEA",6092,"0",23.8296488946684,12.023,88.370002746582,66.0759963989258,0.497000008821487,7.0990990990991,-6.34805536270142,35.3758316040039
2414753,"RN","VENHA VER",1884,"0",24.5854774156661,13.605,94.7819976806641,63.5940017700195,0.488999992609024,6.79672750157332,-6.32638883590698,38.4841651916504
2414803,"RN","VERA CRUZ",5690,"0",28.9369708372531,11.977,81.8089981079102,64.9649963378906,0.497000008821487,5.42759863809333,-6.04416656494141,35.4283332824707
2414902,"RN","VICOSA",1235,"0",9.91580916744621,8.068,90.984001159668,52.8219985961914,0.602999985218048,10.2884615384615,-5.99444437026978,37.9444427490234
2415008,"RN","VILA FLOR",1738,"0",51.4089347079038,15.742,85.8109970092773,60.2389984130859,0.458999991416931,5.92495062541146,-6.31444454193115,35.077220916748
2500205,"PB","AGUIAR",5281,"0",28.8418708240535,12.467,91.1019973754883,63.2350006103516,0.490000009536743,20.5282112845138,-7.09194421768188,38.1705551147461
2500304,"PB","ALAGOA GRANDE",22152,"0",38.9348396207384,15.075,89.1630020141602,62.6279983520508,0.521000027656555,18.7310735567061,-7.15833330154419,35.6300010681152
2500403,"PB","ALAGOA NOVA",13301,"0",42.973718948758,18.759,91.1070022583008,52.5769996643066,0.519999980926514,9.62802357883325,-7.07083320617676,35.7583351135254
2500502,"PB","ALAGOINHA",9206,"0",34.5739330363558,20.762,93.254997253418,70.9759979248047,0.477999985218048,18.858501783591,-6.94999980926514,35.5449981689453
2500536,"PB","ALCANTIL",3362,"0",21.1764705882353,12.355,86.9390029907227,57.6559982299805,0.437000006437302,11.2751584372171,-7.74388885498047,36.0561103820801
2500577,"PB","ALGODAO DE JANDAIRA",1328,"0",27.1276595744681,8.679,95.9410018920898,66.2529983520508,0.442999988794327,11.2751584372171,-6.90527772903442,36.0069427490234
2500601,"PB","ALHANDRA",10284,"0",45.6037806243005,22.315,82.4609985351562,62.6669998168945,0.483000010251999,9.80920556214293,-7.43861103057861,34.9144439697266
2500700,"PB","SAO JOAO DO RIO DO PEIXE",14160,"0",24.6992552988352,7.791,90.4769973754883,54.4910011291504,0.541000008583069,14.21230730668,-6.72916650772095,38.4488906860352
2500734,"PB","AMPARO",1203,"0",29.2338709677419,10.636,93.5579986572266,54.7830009460449,0.474000006914139,11.2751584372171,-7.56805562973022,37.0636100769043
2500775,"PB","APARECIDA",4730,"0",28.5003317850033,10.63,91.9509963989258,59.943000793457,0.485000014305115,11.2751584372171,-6.7844443321228,38.0866661071777
2500809,"PB","ARACAGI",11844,"0",38.3216256899147,12.906,93.3280029296875,68.5490036010742,0.446999996900558,13.1852551984877,-6.85305547714233,35.3811111450195
2500908,"PB","ARARA",8220,"0",36.5066225165563,22.595,87.8430023193359,64.7779998779297,0.540000021457672,10.6857217778943,-6.82833337783813,35.7583351135254
2501005,"PB","ARARUNA",12306,"0",36.334328358209,11.102,89.2220001220703,61.0690002441406,0.614000022411346,11.4976855308347,-6.55833339691162,35.7416648864746
2501104,"PB","AREIA",18252,"0",44.6642170275975,23.408,87.7799987792969,60.0120010375977,0.570999979972839,12.8083209509658,-6.96333312988281,35.6916656494141
2501153,"PB","AREIA DE BARAUNAS",1462,"0",14.5559210526316,11.355,95.8860015869141,66.870002746582,0.479999989271164,11.2751584372171,-7.12277793884277,36.9411125183105
2501203,"PB","AREIAL",5257,"0",38.6177413608835,19.865,81.3560028076172,50.7190017700195,0.561999976634979,12.0424084816963,-7.06138896942139,35.9258346557617
2501302,"PB","AROEIRAS",14730,"0",37.1365328503874,19.184,90.8990020751953,66.3850021362305,0.542999982833862,6.34441087613293,-7.54527759552002,35.7075004577637
2501351,"PB","ASSUNCAO",1906,"0",12.7979924717691,8.588,91.5820007324219,50.7840003967285,0.492000013589859,11.2751584372171,-7.07444429397583,36.7311096191406
2501401,"PB","BAIA DA TRAICAO",4197,"0",56.990434142752,15.079,91.5,62.1069984436035,0.479000002145767,7.09933774834437,-6.68833351135254,34.9358329772949
2501500,"PB","BANANEIRAS",15523,"0",33.7812748651755,12.136,90.6740036010742,65.5759963989258,0.583999991416931,16.9671335459714,-6.75,35.6333351135254
2501534,"PB","BARAUNAS",2490,"0",23.4806629834254,13.185,94.4720001220703,66.9440002441406,0.441000014543533,11.2751584372171,-6.64277791976929,36.2536125183105
2501575,"PB","BARRA DE SANTANA",6505,"0",32.4080051646223,11.582,85.7529983520508,55.0559997558594,0.509999990463257,11.2751584372171,-7.52027797698975,35.9997215270996
2501609,"PB","BARRA DE SANTA ROSA",9634,"0",29.0598290598291,13.785,92.0279998779297,59.5929985046387,0.467999994754791,11.2682926829268,-6.71972227096558,36.0605545043945
2501708,"PB","BARRA DE SAO MIGUEL",3457,"0",28.975882558546,13.354,83.4380035400391,48.3790016174316,0.469999998807907,7.43801652892562,-7.75111103057861,36.3180541992188
2501807,"PB","BAYEUX",56664,"1",19.2299062065252,22.804,72.4339981079102,37.5979995727539,0.462000012397766,15.4337845325734,-7.125,34.9322204589844
2501906,"PB","BELEM",13575,"0",37.5139043381535,13.407,88.9059982299805,60.9959983825684,0.490000009536743,16.8074260062391,-6.69166660308838,35.533332824707
2502003,"PB","BELEM DO BREJO DO CRUZ",5544,"0",44.0073917634636,17.264,87.2040023803711,66.1210021972656,0.467000007629395,7.90319531102288,-6.18861103057861,37.535831451416
2502052,"PB","BERNARDINO BATISTA",2025,"0",15.8338741077223,12.725,96.3130035400391,62.765998840332,0.512000024318695,11.2751584372171,-6.45194435119629,38.5508346557617
2502102,"PB","BOA VENTURA",4772,"0",25.7725390251673,12.652,93.3079986572266,59.2630004882812,0.513999998569489,8.33149658364558,-7.41388893127441,38.2161102294922
2502151,"PB","BOA VISTA",3048,"0",31.4148681055156,7.344,81.4459991455078,35.6479988098145,0.533999979496002,11.2751584372171,-7.25944423675537,36.2400016784668
2502201,"PB","BOM JESUS",1608,"0",17.1860245514636,5.81,92.6549987792969,54.5800018310547,0.58899998664856,25.5392579810181,-6.815833568573,38.6561126708984
2502300,"PB","BOM SUCESSO",5052,"0",40.1967005076142,12.244,89.2269973754883,58.507999420166,0.488000005483627,16.7700534759358,-6.44500017166138,37.929443359375
2502409,"PB","BONITO DE SANTA FE",6714,"0",26.6497461928934,7.143,93.3130035400391,60.2060012817383,0.606000006198883,15.7340985174558,-7.31333351135254,38.5149993896484
2502508,"PB","BOQUEIRAO",11187,"0",20.5356162880035,14.71,83.7009963989258,47.1629981994629,0.513999998569489,7.2125930067524,-7.48166656494141,36.1349983215332
2502607,"PB","IGARACY",5387,"0",31.1475409836066,10.473,94.0419998168945,56.3540000915527,0.485000014305115,10.0804828973843,-7.18055534362793,38.1486129760742
2502706,"PB","BORBOREMA",4046,"0",35.5759922555663,17.461,88.2559967041016,60.1539993286133,0.547999978065491,9.55941255006675,-6.8033332824707,35.5800018310547
2502805,"PB","BREJO DO CRUZ",8198,"0",41.8932360742706,13.017,86.9909973144531,55.6020011901855,0.449000000953674,8.85012232741198,-6.34861087799072,37.4983329772949
2502904,"PB","BREJO DOS SANTOS",5781,"0",31.371359223301,11.248,89.9560012817383,56.0029983520508,0.492000013589859,11.4101184068891,-6.37666654586792,37.8247222900391
2503001,"PB","CAAPORA",11271,"0",41.4426523297491,15.403,88.1139984130859,58.9669990539551,0.45100000500679,12.974030207541,-7.5155553817749,34.908332824707
2503100,"PB","CABACEIRAS",3917,"0",30.5424528301887,9.048,84.0059967041016,34.9179992675781,0.51800000667572,9.8195226081894,-7.48888874053955,36.287223815918
2503209,"PB","CABEDELO",21830,"0",41.8572225320692,12.67,69.302001953125,33.4080009460449,0.611000001430511,18.5232471539525,-6.9811110496521,34.8338890075684
2503308,"PB","CACHOEIRA DOS INDIOS",6678,"0",30.6877113866967,8.805,93.1679992675781,54.7569999694824,0.574000000953674,12.6175548589342,-6.92694425582886,38.6741676330566
2503407,"PB","CACIMBA DE AREIA",1900,"0",35.237007424329,10.538,92.318000793457,55.7550010681152,0.46900001168251,12.3857269242111,-7.12944459915161,37.1572227478027
2503506,"PB","CACIMBA DE DENTRO",12158,"0",42.74386406545,12.469,89.9660034179688,71.1790008544922,0.597000002861023,7.45094649494338,-6.64166688919067,35.7900009155273
2503555,"PB","CACIMBAS",4225,"0",42.0735785953177,18.064,94.3880004882812,73.6569976806641,0.492000013589859,11.2751584372171,-7.21111106872559,37.0574989318848
2503605,"PB","CAICARA",6594,"0",29.8040283070223,8.858,91.1500015258789,64.6169967651367,0.467999994754791,12.065962141447,-6.61499977111816,35.4686126708984
2503704,"PB","CAJAZEIRAS",35866,"0",39.5474554019615,13.643,74.9769973754883,41.7299995422363,0.605000019073486,22.5780039184724,-6.89027786254883,38.5552787780762
2503753,"PB","CAJAZEIRINHAS",2417,"0",35.7105401153644,12.683,92.2890014648438,64.9349975585938,0.495000004768372,11.2751584372171,-6.96111106872559,37.8061103820801
2503803,"PB","CALDAS BRANDAO",3332,"0",28.7640449438202,12.646,88.8339996337891,64.5830001831055,0.455000013113022,13.5414555037503,-7.10249996185303,35.3263893127441
2503902,"PB","CAMALAU",4626,"0",55.0301491589971,11.799,90.7210006713867,53.4049987792969,0.448000013828278,14.2857142857143,-7.88888883590698,36.8233337402344
2504009,"PB","CAMPINA GRANDE",194772,"1",16.7984213006598,10.522,61.6769981384277,27.6159992218018,0.605000019073486,22.9456154892114,-7.23055553436279,35.8811111450195
2504033,"PB","CAPIM",2425,"0",49.4013534617387,21.441,91.625,75.0410003662109,0.425999999046326,11.2751584372171,-6.91611099243164,35.1716651916504
2504074,"PB","CARAUBAS",3130,"0",31.0656517602284,17.605,89.4130020141602,51.5660018920898,0.476000010967255,11.2751584372171,-7.72666645050049,36.4922218322754
2504108,"PB","CARRAPATEIRA",1292,"0",11.7549668874172,4.126,78.4550018310547,53.0060005187988,0.589999973773956,15.0964812712826,-7.03888893127441,38.3436126708984
2504157,"PB","CASSERENGUE",4496,"0",27.0337922403004,15.209,94.3130035400391,79.0350036621094,0.490000009536743,11.2751584372171,-6.75111103057861,35.7180557250977
2504207,"PB","CATINGUEIRA",4642,"0",24.2228502220428,12.706,93.7600021362305,67.5719985961914,0.519999980926514,11.3954039327174,-7.12555551528931,37.6088905334473
2504306,"PB","CATOLE DO ROCHA",18361,"0",31.1760227036755,11.65,81.7610015869141,48.4259986877441,0.528999984264374,22.5757758724792,-6.34388875961304,37.7466659545898
2504355,"PB","CATURITE",2838,"0",20.5292702485966,11.157,88.3259963989258,47.882999420166,0.430999994277954,11.2751584372171,-7.42027759552002,36.0272216796875
2504405,"PB","CONCEICAO",13944,"0",30.1133033795663,10.884,88.5589981079102,61.8839988708496,0.51800000667572,10.3343078683107,-7.56222200393677,38.5088882446289
2504504,"PB","CONDADO",6898,"0",26.814462918976,13.232,87.1009979248047,47.6119995117188,0.479999989271164,9.83150409646004,-6.90972232818604,37.6008338928223
2504603,"PB","CONDE",9751,"0",54.470816539782,23.23,86.3119964599609,55.8680000305176,0.418000012636185,11.2742830712303,-7.2597222328186,34.9075012207031
2504702,"PB","CONGO",3806,"0",34.7134935304991,9.949,90.2939987182617,54.7799987792969,0.474000006914139,16.0994057266343,-7.7969446182251,36.6597213745117
2504801,"PB","COREMAS",11836,"0",21.648595367176,9.681,85.8980026245117,58.4300003051758,0.512000024318695,9.12201710941018,-7.01444435119629,37.9458351135254
2504850,"PB","COXIXOLA",1092,"0",31.7264573991031,10.089,91.4619979858398,46.689998626709,0.497999995946884,11.2751584372171,-7.62666654586792,36.6058349609375
2504900,"PB","CRUZ DO ESPIRITO SANTO",11460,"0",50.4221667261268,17.888,90.6579971313477,68.1999969482422,0.449000000953674,15.1103249231915,-7.1399998664856,35.0863876342773
2505006,"PB","CUBATI",5253,"0",41.0025344973247,11.596,90.2259979248047,53.8600006103516,0.492000013589859,9.41103789126853,-6.86833333969116,36.3752784729004
2505105,"PB","CUITE",13699,"0",32.9146445903511,12.512,90.6050033569336,58.8580017089844,0.492000013589859,8,-6.48361110687256,36.1536102294922
2505204,"PB","CUITEGI",5450,"0",42.642089093702,18.386,93.0169982910156,67.7060012817383,0.439000010490417,9.10800083559641,-6.89333343505859,35.5233345031738
2505238,"PB","CUITE DE MAMANGUAPE",3512,"0",56.1029738126942,18.791,92.8639984130859,73.7009963989258,0.453000009059906,11.2751584372171,-6.91472244262695,35.2519454956055
2505279,"PB","CURRAL DE CIMA",3736,"0",39.7770945426595,16.048,94.9710006713867,73.4970016479492,0.493000000715256,11.2751584372171,-6.71694421768188,35.2694435119629
2505303,"PB","CURRAL VELHO",2270,"0",18.4090909090909,7.885,92.8430023193359,60.6660003662109,0.517000019550323,6.35226179018287,-7.58111095428467,38.1983337402344
2505352,"PB","DAMIAO",1553,"0",17.8016726403823,17.279,97.8550033569336,79.1520004272461,0.430999994277954,11.2751584372171,-6.60277795791626,35.9366683959961
2505402,"PB","DESTERRO",5684,"0",39.3801965230537,13.847,90.9540023803711,57.4000015258789,0.569999992847443,5.92193808882907,-7.29055547714233,37.0938873291016
2505501,"PB","VISTA SERRANA",2282,"0",35.9952324195471,10.447,85.1350021362305,45.6689987182617,0.518999993801117,10.6615897191813,-6.73833322525024,37.5666656494141
2505600,"PB","DIAMANTE",5378,"0",29.8209568535368,13.945,96.2570037841797,65.8759994506836,0.465999990701675,8.86075949367089,-7.4277777671814,38.2641677856445
2505709,"PB","DONA INES",7314,"0",17.7394338891043,11.701,89.3880004882812,66.8949966430664,0.563000023365021,11.7944899478779,-6.60333347320557,35.2916679382324
2505808,"PB","DUAS ESTRADAS",3910,"0",25.8778258778259,14.908,93.1330032348633,64.4769973754883,0.47299998998642,13.7629418064977,-6.68499994277954,35.4183349609375
2505907,"PB","EMAS",2267,"0",17.8052716514255,9.329,96.2050018310547,57.6730003356934,0.493000000715256,9.32367149758454,-7.10777759552002,37.7155570983887
2506004,"PB","ESPERANCA",19244,"0",33.2679509632224,18.385,81.6330032348633,51.390998840332,0.569999992847443,11.4559408436502,-7.03305578231812,35.8572235107422
2506103,"PB","FAGUNDES",10198,"0",27.5178291876848,19.194,91.1910018920898,59.3339996337891,0.486000001430511,14.4518785383428,-7.35500001907349,35.7750015258789
2506202,"PB","FREI MARTINHO",2101,"0",34.941050375134,7.814,84.7850036621094,49.3339996337891,0.488999992609024,6.11790878754171,-6.4030556678772,36.4555549621582
2506251,"PB","GADO BRAVO",4569,"0",38.2185396167789,20.607,94.3410034179688,63.9329986572266,0.46399998664856,11.2751584372171,-7.58333349227905,35.7908325195312
2506301,"PB","GUARABIRA",33552,"0",30.2975440806045,13.677,78.6790008544922,46.4860000610352,0.566999971866608,14.1979608637832,-6.85472202301025,35.4900016784668
2506400,"PB","GURINHEM",9046,"0",38.3128295254833,13.726,95.3059997558594,66.1969985961914,0.433999985456467,10.4808877928483,-7.12388896942139,35.424446105957
2506509,"PB","GURJAO",2530,"0",27.0712401055409,11.048,89.2200012207031,43.0480003356934,0.505999982357025,10.1544752385279,-7.246666431427,36.489444732666
2506608,"PB","IBIARA",5679,"0",40.0108873162765,8.64,96.2239990234375,63.2799987792969,0.510999977588654,7.42857142857143,-7.50138902664185,38.4047241210938
2506707,"PB","IMACULADA",7290,"0",46.3508843260825,13.215,95.1890029907227,60.9749984741211,0.538999974727631,14.8821950492097,-7.38972234725952,37.5091667175293
2506806,"PB","INGA",11946,"0",35.713464413016,13.137,86.4800033569336,64.4029998779297,0.453000009059906,17.677341206753,-7.28083324432373,35.6044425964355
2506905,"PB","ITABAIANA",20635,"0",36.2892320831258,15.311,78.8359985351562,50.6240005493164,0.495999991893768,14.2555549691244,-7.32861089706421,35.3325004577637
2507002,"PB","ITAPORANGA",13568,"0",34.5373827060841,9.367,86.5859985351562,51.5439987182617,0.535000026226044,12.3953098827471,-7.30444431304932,38.150276184082
2507101,"PB","ITAPOROROCA",10455,"0",45.9349020712977,21.131,90.036003112793,64.7269973754883,0.460999995470047,6.74915635545557,-6.82972240447998,35.2472229003906
2507200,"PB","ITATUBA",6901,"0",22.2326630332644,13.026,92.3870010375977,65.2419967651367,0.462000012397766,10.3073286052009,-7.375,35.6283340454102
2507309,"PB","JACARAU",10328,"0",45.8692040477269,14.957,92.8119964599609,66.1800003051758,0.517000019550323,12.2842468636861,-6.61222219467163,35.2927780151367
2507408,"PB","JERICO",5597,"0",27.1329007450132,13.437,85.0790023803711,57.4090003967285,0.493000000715256,11.4689016321129,-6.55361127853394,37.8086128234863
2507606,"PB","JUAREZ TAVORA",5690,"0",34.5758661887694,16.065,87.2490005493164,66.6060028076172,0.474000006914139,17.8227002967359,-7.17166662216187,35.5833320617676
2507705,"PB","JUAZEIRINHO",9611,"0",36.1955793703952,10.478,90.6460037231445,49.492000579834,0.5,12.5928712498824,-7.0683331489563,36.5777778625488
2507804,"PB","JUNCO DO SERIDO",3690,"0",26.6627940749346,8.547,93.9209976196289,47.9570007324219,0.460999995470047,6.01469237832874,-6.996666431427,36.7130546569824
2507903,"PB","JURIPIRANGA",8181,"0",45.03861003861,20.969,89.1539993286133,66.6480026245117,0.446000009775162,18.5640886965928,-7.37333345413208,35.2380561828613
2508000,"PB","JURU",6717,"0",36.3002114164905,10.278,95.4240036010742,64.0319976806641,0.523999989032745,7.36756316218419,-7.53694438934326,37.8186111450195
2508109,"PB","LAGOA",4721,"0",29.3384135781088,14.061,95.3740005493164,59.3849983215332,0.442999988794327,17.0098478066249,-6.57055568695068,37.9158325195312
2508208,"PB","LAGOA DE DENTRO",5957,"0",19.0124858115778,13.757,91.431999206543,64.1350021362305,0.570999979972839,16.7119319210574,-6.67333316802979,35.3788871765137
2508307,"PB","LAGOA SECA",15968,"0",40.9895178197065,21.353,82.4940032958984,45.757999420166,0.603999972343445,10.8826680953657,-7.17083311080933,35.8536109924316
2508406,"PB","LASTRO",1969,"0",13.6340852130326,7.579,96.3170013427734,61.0299987792969,0.455000013113022,24.3600562587904,-6.5155553817749,38.1802787780762
2508505,"PB","LIVRAMENTO",5317,"0",48.2758620689655,13.08,96.197998046875,49.3050003051758,0.572000026702881,5.39979231568017,-7.37416648864746,36.9463882446289
2508554,"PB","LOGRADOURO",2744,"0",26.6995614035088,10.005,94.245002746582,69.5619964599609,0.462000012397766,11.2751584372171,-6.61666679382324,35.4022216796875
2508604,"PB","LUCENA",6511,"0",50.4304160688666,16.764,89.6760025024414,65.7710037231445,0.412000000476837,10.2537365311088,-6.90027761459351,34.8688888549805
2508703,"PB","MAE D AGUA",3540,"0",31.8293683347006,13.513,92.9150009155273,59.2550010681152,0.540000021457672,9.19171286839802,-7.25861120223999,37.426944732666
2508802,"PB","MALTA",5374,"0",22.8646517739816,16.029,84.1920013427734,54.0139999389648,0.505999982357025,11.1989205859676,-6.90444421768188,37.5219459533691
2508901,"PB","MAMANGUAPE",22277,"0",48.7622692758812,21.066,82.1949996948242,56.0439987182617,0.49099999666214,6.6682156133829,-6.83861112594604,35.1261100769043
2509008,"PB","MANAIRA",7581,"0",34.5238095238095,11.849,95.2109985351562,61.8580017089844,0.485000014305115,11.4747131321717,-7.70611095428467,38.1544456481934
2509057,"PB","MARCACAO",2479,"0",44.954128440367,18.023,95.0410003662109,76.8939971923828,0.469999998807907,11.2751584372171,-6.76999998092651,35.014720916748
2509107,"PB","MARI",14411,"0",41.7674120038515,21.046,90.0319976806641,65.6309967041016,0.428000003099442,10.7145507160347,-7.05999994277954,35.3194427490234
2509156,"PB","MARIZOPOLIS",4945,"0",31.8537130094919,15.45,85.0419998168945,54.0470008850098,0.467000007629395,11.2751584372171,-6.84166669845581,38.3472213745117
2509206,"PB","MASSARANDUBA",10724,"0",43.9615384615385,22.963,91.7180023193359,58.851001739502,0.483000010251999,13.9083661511862,-7.20027780532837,35.7891654968262
2509305,"PB","MATARACA",2550,"0",37.0554493307839,14.792,82.484001159668,56.4189987182617,0.460999995470047,6.90966010733453,-6.60138893127441,35.0511093139648
2509339,"PB","MATINHAS",2491,"0",42.0923379174853,22.875,90.8570022583008,56.3160018920898,0.474999994039536,11.2751584372171,-7.125,35.7666664123535
2509370,"PB","MATO GROSSO",1622,"0",12.1096725057121,16.527,93.7080001831055,70.6110000610352,0.41100001335144,11.2751584372171,-6.5338888168335,37.7249984741211
2509396,"PB","MATUREIA",3269,"0",46.5286236297199,16.588,89.6900024414062,65.3659973144531,0.538999974727631,11.2751584372171,-7.26694440841675,37.3513870239258
2509404,"PB","MOGEIRO",8190,"0",28.4360950545922,16.941,91.8249969482422,63.2589988708496,0.507000029087067,19.8738170347003,-7.29944467544556,35.4794425964355
2509503,"PB","MONTADAS",3499,"0",33.502024291498,13.12,91.1740036010742,52.3219985961914,0.514999985694885,7.43724821815928,-7.1405553817749,35.9127769470215
2509602,"PB","MONTE HOREBE",4008,"0",31.8777292576419,7.606,87.7149963378906,56.3470001220703,0.583000004291534,14.4703568418095,-7.21500015258789,38.5863876342773
2509701,"PB","MONTEIRO",20396,"0",34.4963699161204,12.79,82.9290008544922,49.7750015258789,0.53600001335144,8.03613144370036,-7.88944435119629,37.1199989318848
2509800,"PB","MULUNGU",8129,"0",31.0777816532961,15.004,93.3499984741211,65.9369964599609,0.451999992132187,20.6761325219743,-7.02444458007812,35.4619445800781
2509909,"PB","NATUBA",7635,"0",37.2025145936237,21.99,92.6910018920898,68.7429962158203,0.542999982833862,7.45601787210276,-7.64138889312744,35.5499992370605
2510006,"PB","NAZAREZINHO",4020,"0",31.224593495935,12.123,94.0289993286133,51.4070014953613,0.5,13.0377606612812,-6.91583347320557,38.3247222900391
2510105,"PB","NOVA FLORESTA",6551,"0",33.4309705135716,15.146,87.4380035400391,57.6510009765625,0.505999982357025,9.47618240379725,-6.45527791976929,36.2033348083496
2510204,"PB","NOVA OLINDA",4759,"0",31.047741108619,14.198,91.1959991455078,60.818000793457,0.547999978065491,6.18532996091055,-7.47972202301025,38.0422210693359
2510303,"PB","NOVA PALMEIRA",2321,"0",30.3655107778819,9.866,89.4189987182617,50.4329986572266,0.479999989271164,12.3145400593472,-6.67749977111816,36.4205551147461
2510402,"PB","OLHO D AGUA",7228,"0",24.8707753479125,13.987,92.6569976806641,58.7709999084473,0.500999987125397,10.6528189910979,-7.22777795791626,37.7505569458008
2510501,"PB","OLIVEDOS",3231,"0",30.9932397295892,8.811,89.7610015869141,45.609001159668,0.483999997377396,10.0064557779212,-6.99055576324463,36.2441673278809
2510600,"PB","OURO VELHO",2724,"0",33.7889557135046,16.147,91.0149993896484,49.2070007324219,0.497999995946884,5.06230529595016,-7.62333345413208,37.1494445800781
2510659,"PB","PARARI",1622,"0",31.8826868495743,15.303,95.7689971923828,45.6319999694824,0.48199999332428,11.2751584372171,-7.32055568695068,36.6555557250977
2510709,"PB","PASSAGEM",1288,"0",23.7842617152962,8.92,91.1760025024414,53.5029983520508,0.505999982357025,8.39622641509434,-7.13749980926514,37.049446105957
2510808,"PB","PATOS",49465,"1",9.96952118769049,15.045,70.0810012817383,35.5730018615723,0.5799999833107,14.6185965069815,-7.02444458007812,37.2799987792969
2510907,"PB","PAULISTA",8349,"0",33.1961816984858,13.954,89.2669982910156,57.5200004577637,0.537000000476837,7.9789284337659,-6.59388875961304,37.6241683959961
2511004,"PB","PEDRA BRANCA",3237,"0",20.8528784648188,7.489,91.1389999389648,59.8110008239746,0.510999977588654,7.82312925170068,-7.42722225189209,38.0675010681152
2511103,"PB","PEDRA LAVRADA",4041,"0",35.4122621564482,11.885,91.2109985351562,56.5359992980957,0.448000013828278,9.77428456267634,-6.75777769088745,36.470832824707
2511202,"PB","PEDRAS DE FOGO",16143,"0",40.861130020422,22.48,80.1230010986328,65.4670028686523,0.546999990940094,13.3097066351644,-7.40194463729858,35.1163902282715
2511301,"PB","PIANCO",12305,"0",29.389400921659,10.731,87.7580032348633,54.7910003662109,0.504999995231628,11.2081639712877,-7.19805574417114,37.9291648864746
2511400,"PB","PICUI",11023,"0",33.3846661533385,11.738,82.6529998779297,49.5719985961914,0.523000001907349,7.21056721056721,-6.51055574417114,36.3469429016113
2511509,"PB","PILAR",7913,"0",37.6396066011002,21.261,91.0410003662109,64.411003112793,0.449000000953674,21.0509917956174,-7.26722240447998,35.2599983215332
2511608,"PB","PILOES",5608,"0",43.8066465256798,19.568,91.3649978637695,69.8410034179688,0.52700001001358,23.4817813765182,-6.69999980926514,35.6150016784668
2511707,"PB","PILOEZINHOS",5042,"0",42.8691275167785,19.054,95.2289962768555,68.2050018310547,0.435999989509583,17.8202923473775,-6.85666656494141,35.5233345031738
2511806,"PB","PIRPIRITUBA",8406,"0",46.4341488807913,14.385,89.5820007324219,60.5929985046387,0.453000009059906,17.0454545454545,-6.78000020980835,35.4986114501953
2511905,"PB","PITIMBU",5132,"0",35.0796716562047,18.284,83.1480026245117,57.7799987792969,0.486999988555908,6.71710224667584,-7.47055578231812,34.8086128234863
2512002,"PB","POCINHOS",10676,"0",22.4288067780654,11.569,88.6399993896484,55.0099983215332,0.526000022888184,7.7849767159344,-7.07666683197021,36.0611114501953
2512036,"PB","POCO DANTAS",2600,"0",27.0656779661017,10.503,97.1439971923828,71.0339965820312,0.470999985933304,11.2751584372171,-6.40388870239258,38.469165802002
2512077,"PB","POCO DE JOSE DE MOURA",3066,"0",18.7525313892264,7.821,95.0879974365234,58.398998260498,0.533999979496002,11.2751584372171,-6.57499980926514,38.5119438171387
2512101,"PB","POMBAL",22756,"0",29.2939936775553,15.137,78.2429962158203,47.1699981689453,0.574999988079071,12.6949170603488,-6.77027797698975,37.8016662597656
2512200,"PB","PRATA",3225,"0",38.8492629576795,11.693,91.3430023193359,48.9990005493164,0.559000015258789,9.68468468468468,-7.690833568573,37.0802764892578
2512309,"PB","PRINCESA ISABEL",12625,"0",33.7653478854025,11.51,86.4509963989258,55.8019981384277,0.554000020027161,9.47672320461927,-7.73666667938232,37.9933319091797
2512408,"PB","PUXINANA",9076,"0",38.0973451327434,19.025,86.7249984741211,56.6020011901855,0.523999989032745,10.1427584618927,-7.16111087799072,35.9605560302734
2512507,"PB","QUEIMADAS",25933,"0",36.7177447654696,13.029,87.734001159668,50.2210006713867,0.476999998092651,10.0564499268242,-7.35833311080933,35.8983345031738
2512606,"PB","QUIXABA",1022,"0",28.6679536679537,6.928,95.1500015258789,62.7389984130859,0.419999986886978,7.33307603241991,-7.03138875961304,37.1486129760742
2512705,"PB","REMIGIO",11417,"0",31.8635502210992,14.2,83.443000793457,53.3419990539551,0.563000023365021,12.4870645050017,-7.82083320617676,38.1527786254883
2512747,"PB","RIACHAO",1618,"0",16.9912693082606,7.68,96.4400024414062,71.4929962158203,0.504999995231628,11.2751584372171,-6.54333353042603,35.6288871765137
2512754,"PB","RIACHAO DO BACAMARTE",2638,"0",30.1762114537445,14.173,90.2440032958984,65.5920028686523,0.407000005245209,11.2751584372171,-7.24805545806885,35.6627769470215
2512762,"PB","RIACHAO DO POCO",3004,"0",33.8619402985075,15.83,93.5759963989258,67.4980010986328,0.414000004529953,11.2751584372171,-7.15222215652466,35.2638893127441
2512788,"PB","RIACHO DE SANTO ANTONIO",1130,"0",14.3712574850299,10.744,86.6050033569336,63.1650009155273,0.505999982357025,11.2751584372171,-7.69277763366699,36.1569442749023
2512804,"PB","RIACHO DOS CAVALOS",7031,"0",32.7576054955839,11.707,92.5380020141602,61.7809982299805,0.456000000238419,15.7262201377693,-6.43777799606323,37.6511116027832
2512903,"PB","RIO TINTO",16944,"0",51.619414625195,12.99,83.0930023193359,54.2949981689453,0.479000002145767,7.77977932897996,-6.80305576324463,35.0805549621582
2513000,"PB","SALGADINHO",1758,"0",26.2158956109134,10.661,94.6169967651367,64.0130004882812,0.42399999499321,5.95878136200717,-7.10277795791626,36.8452758789062
2513109,"PB","SALGADO DE SAO FELIX",7806,"0",45.2398661212347,18.477,89.9980010986328,63.1279983520508,0.465000003576279,18.665552305335,-7.35694456100464,35.4405555725098
2513158,"PB","SANTA CECILIA DE UMBUZEIRO",3715,"0",32.8155339805825,13.069,93.6959991455078,68.5070037841797,0.398000001907349,11.2751584372171,-7.73944425582886,35.8794441223145
2513208,"PB","SANTA CRUZ",4096,"0",22.7831881086622,7.932,92.0350036621094,50.2449989318848,0.512000024318695,20.3783783783784,-6.53305578231812,38.0619430541992
2513307,"PB","SANTA HELENA",4649,"0",36.3007778738116,12.971,91.1969985961914,52.2330017089844,0.559000015258789,22.6393629124005,-6.72027778625488,38.638053894043
2513356,"PB","SANTA INES",2927,"0",32.7738927738928,8.056,92.1949996948242,67.5579986572266,0.52999997138977,11.2751584372171,-7.62055540084839,38.5536117553711
2513406,"PB","SANTA LUZIA",8535,"0",13.4838099740014,7.912,80.9179992675781,38.6879997253418,0.510999977588654,12.0743978046549,-6.87222242355347,36.9186096191406
2513505,"PB","SANTANA DE MANGUEIRA",4886,"0",29.2637465051258,11,91.7740020751953,73.515998840332,0.532999992370605,6.04661389621812,-7.55499982833862,38.3322219848633
2513604,"PB","SANTANA DOS GARROTES",5853,"0",28.1315605318404,9.791,96.6949996948242,61.4519996643066,0.495999991893768,14.0360766629087,-7.38388872146606,37.9858322143555
2513653,"PB","SANTAREM",1630,"0",10.5084745762712,8.706,96.0579986572266,62.3580017089844,0.514999985694885,11.2751584372171,-6.48972225189209,38.4755554199219
2513703,"PB","SANTA RITA",60156,"1",21.087253859013,20.407,75.5449981689453,46.3289985656738,0.467000007629395,13.4416357145433,-7.11388874053955,34.9780540466309
2513802,"PB","SANTA TERESINHA",3093,"0",27.5636613902271,11.923,95.5230026245117,61.1310005187988,0.469999998807907,11.4506627393225,-7.03888893127441,37.4452781677246
2513851,"PB","SANTO ANDRE",2162,"0",46.1977186311787,15.937,87.0490036010742,47.5460014343262,0.474000006914139,11.2751584372171,-7.21833324432373,36.633056640625
2513901,"PB","SAO BENTO",14672,"0",34.2523293111349,14.397,67.9400024414062,56.3769989013672,0.391999989748001,2.98462915982689,-6.48611116409302,37.450553894043
2513968,"PB","SAO DOMINGOS DE POMBAL",2347,"0",34.973544973545,16.614,94.5589981079102,65.2580032348633,0.467999994754791,11.2751584372171,-6.81444454193115,37.9416656494141
2513984,"PB","SAO FRANCISCO",2756,"0",25.375,6.122,93.25,55.0900001525879,0.476999998092651,11.2751584372171,-6.61888885498047,38.0944442749023
2514008,"PB","SAO JOAO DO CARIRI",3864,"0",27.4598743893929,11.071,88.2850036621094,39.1660003662109,0.538999974727631,10.0486470051687,-7.39083337783813,36.5327758789062
2514107,"PB","SAO JOAO DO TIGRE",3699,"0",37.5050464271296,15.494,96.5169982910156,63.9729995727539,0.437000006437302,9.45174186179326,-8.07916641235352,36.8477783203125
2514206,"PB","SAO JOSE DA LAGOA TAPADA",5079,"0",29.6785958513791,13.384,93.818000793457,65.1890029907227,0.589999973773956,12.7803639441388,-6.94055557250977,38.162223815918
2514305,"PB","SAO JOSE DE CAIANA",4200,"0",33.6366700370745,9.316,97.1340026855469,69.1859970092773,0.504000008106232,9.69681129116571,-7.24861097335815,38.3008346557617
2514404,"PB","SAO JOSE DE ESPINHARAS",3286,"0",21.3188220230474,7.327,95.9339981079102,57.3779983520508,0.446000009775162,12.7554882664648,-6.84722232818604,37.3258323669434
2514453,"PB","SAO JOSE DOS RAMOS",2376,"0",35.5404089581305,16.772,91.5479965209961,73.75,0.428000003099442,11.2751584372171,-7.25111103057861,35.3841667175293
2514503,"PB","SAO JOSE DE PIRANHAS",12626,"0",43.6383928571429,9.199,89.8349990844727,53.5750007629395,0.542999982833862,18.099132176235,-7.12055540084839,38.5019454956055
2514552,"PB","SAO JOSE DE PRINCESA",2464,"0",31.3071543840775,12.852,93.1969985961914,55.2350006103516,0.477999985218048,11.2751584372171,-7.73833322525024,38.094165802002
2514602,"PB","SAO JOSE DO BONFIM",2012,"0",31.6861946001019,8.657,94.2399978637695,49.2430000305176,0.469999998807907,8.52005532503458,-7.16249990463257,37.3088874816895
2514651,"PB","SAO JOSE DO BREJO CRUZ",1650,"0",27.5862068965517,11.409,90.9179992675781,68.9899978637695,0.465999990701675,11.2751584372171,-6.21277761459351,37.352222442627
2514701,"PB","SAO JOSE DO SABUGI",2827,"0",15.7553956834532,8.973,91.6790008544922,44.2840003967285,0.432000011205673,5.69035239745812,-6.77555561065674,36.7988891601562
2514800,"PB","SAO JOSE DOS CORDEIROS",3522,"0",35.3702954269527,17.666,91.8639984130859,46.6520004272461,0.47299998998642,7.44101633393829,-7.39083337783813,36.8077774047852
2514909,"PB","SAO MAMEDE",5306,"0",21.8388429752066,8.156,85.7170028686523,45.173999786377,0.46000000834465,11.9932690836775,-6.92666673660278,37.0955543518066
2515005,"PB","SAO MIGUEL DE TAIPU",4198,"0",40.0577756379393,14.964,92.4629974365234,70.5449981689453,0.439999997615814,19.616368286445,-7.24972200393677,35.2097206115723
2515104,"PB","SAO SEB. DE LAGOA DE ROCA",7265,"0",38.1309547942429,19.503,87.3239974975586,60.2410011291504,0.569000005722046,8.80788485607009,-7.11499977111816,35.8655548095703
2515203,"PB","SAO SEBASTIAO DO UMBUZEIRO",2472,"0",31.0178817056396,10.657,90.0329971313477,54.9140014648438,0.462999999523163,10.5684754521964,-8.15222263336182,37.0102767944336
2515302,"PB","SAPE",31230,"0",48.3966498542409,20.169,87.0820007324219,59.7849998474121,0.485000014305115,12.1653878942882,-7.0963888168335,35.2327766418457
2515401,"PB","SAO VICENTE DO SERIDO",5844,"0",28.9851868229052,12.508,94.0019989013672,53.1310005187988,0.456000000238419,9.08430232558139,-6.934166431427,36.4022216796875
2515500,"PB","SERRA BRANCA",9584,"0",34.9339910053678,6.825,83.9509963989258,41.1049995422363,0.583000004291534,10.8361604470166,-7.48333311080933,36.6650009155273
2515609,"PB","SERRA DA RAIZ",3065,"0",21.889400921659,11.993,92.9580001831055,63.5299987792969,0.497000008821487,15.1546750086896,-6.68666648864746,35.4438896179199
2515708,"PB","SERRA GRANDE",2365,"0",26.5682656826568,8.727,92.9280014038086,62.818000793457,0.514999985694885,16.0689968225148,-7.21527767181396,38.3697204589844
2515807,"PB","SERRA REDONDA",6352,"0",31.0369487485101,13.818,92.4400024414062,61.2150001525879,0.495000004768372,13.0478420876547,-7.1783332824707,35.6749992370605
2515906,"PB","SERRARIA",7086,"0",45.7872564507636,25.554,93.7419967651367,69.0299987792969,0.537000000476837,13.2824427480916,-6.83333349227905,35.625
2515930,"PB","SERTAOZINHO",2500,"0",26.0429835651075,11.159,92.6110000610352,57.2610015869141,0.446000009775162,11.2751584372171,-6.75138902664185,35.4422225952148
2515971,"PB","SOBRADO",2717,"0",36.3606664488729,17.503,93.8150024414062,70.9629974365234,0.426999986171722,11.2751584372171,-7.14527797698975,35.2363891601562
2516003,"PB","SOLANEA",18252,"0",43.3827004884197,14.125,85.9029998779297,56.6319999694824,0.623000025749207,10.2689365901801,-6.75500011444092,35.5400009155273
2516102,"PB","SOLEDADE",8831,"0",32.0848525024859,10.524,86.6999969482422,45.5750007629395,0.528999984264374,12.3170731707317,-7.05722236633301,36.3627777099609
2516151,"PB","SOSSEGO",1642,"0",23.0286113049546,22.342,92.6080017089844,60.6889991760254,0.453999996185303,11.2751584372171,-6.76944446563721,36.2533340454102
2516201,"PB","SOUSA",39595,"0",33.9716729577172,13.582,77.5100021362305,44.1730003356934,0.560000002384186,19.3025645001841,-6.7591667175293,38.2280540466309
2516300,"PB","SUME",10955,"0",48.7035830618892,12.263,84.9169998168945,46.5439987182617,0.477999985218048,6.9937369519833,-7.67166662216187,36.8800010681152
2516508,"PB","TAPEROA",10277,"0",38.8317107093185,12.349,93.6119995117188,50.7330017089844,0.510999977588654,6.08114054387046,-7.20749998092651,36.8266677856445
2516607,"PB","TAVARES",10120,"0",32.2835867204468,13.549,94.0309982299805,62.4090003967285,0.574999988079071,9.36695278969957,-7.63583326339722,37.8783340454102
2516706,"PB","TEIXEIRA",9654,"0",43.0478476076196,17.083,82.0439987182617,43.7159996032715,0.5,11.2720761780744,-7.22277784347534,37.2541656494141
2516755,"PB","TENORIO",1485,"0",43.6527436527437,11.287,92.1579971313477,57.4889984130859,0.46000000834465,11.2751584372171,-6.94194459915161,36.6294441223145
2516805,"PB","TRIUNFO",5800,"0",25.4416150493232,8.135,91.0240020751953,54.4020004272461,0.589999973773956,11.0154434877682,-6.57861089706421,38.5969429016113
2516904,"PB","UIRAUNA",11432,"0",22.7165354330709,12.306,85.2669982910156,50.8019981384277,0.5799999833107,11.222646055009,-6.51833343505859,38.412223815918
2517001,"PB","UMBUZEIRO",8931,"0",28.4320897342112,15.708,89.5699996948242,62.7569999694824,0.513000011444092,8.07600950118765,-7.69555568695068,35.6636123657227
2517100,"PB","VARZEA",1768,"0",13.4347275031686,3.495,90.7249984741211,31.0349998474121,0.458000004291534,16.3891323400526,-6.77194452285767,36.991943359375
2517209,"PB","VIEIROPOLIS",3559,"0",21.0672210672211,8.383,95.7310028076172,65.1669998168945,0.428999990224838,11.2751584372171,-6.54416656494141,38.2777786254883
2517407,"PB","ZABELE",1481,"0",40.7725321888412,12.174,91.0869979858398,57.5870018005371,0.488000005483627,11.2751584372171,-8.0755558013916,37.098331451416
2600054,"PE","ABREU E LIMA",51148,"1",14.3671427927725,11.016,57.3079986572266,25.3680000305176,0.47299998998642,26.4420231074474,-7.91166687011719,34.9027786254883
2600104,"PE","AFOGADOS DA INGAZEIRA",20518,"0",32.1006017172605,12.203,80.1620025634766,43.2360000610352,0.591000020503998,23.9585503020204,-7.75083351135254,37.6391677856445
2600203,"PE","AFRANIO",9859,"0",18.9807290457395,6.759,90.6719970703125,63.9259986877441,0.493000000715256,20.0920686678815,-8.51500034332275,41.0050010681152
2600302,"PE","AGRESTINA",14489,"0",29.7788167595756,14.615,76.2360000610352,64.1480026245117,0.508000016212463,18.3352512466437,-8.45805549621582,35.9447212219238
2600401,"PE","AGUA PRETA",19414,"0",37.7695104422085,19.823,89.359001159668,63.2229995727539,0.522000014781952,18.8501874694343,-8.70750045776367,35.5305557250977
2600500,"PE","AGUAS BELAS",24875,"0",39.3234406438632,20.543,89.8629989624023,69.6470031738281,0.531000018119812,9.75218785200589,-9.11138916015625,37.1230545043945
2600609,"PE","ALAGOINHA",9164,"0",27.9259361613928,14.002,83.6220016479492,44.7290000915527,0.523000001907349,11.7911684621759,-8.46638870239258,36.7758331298828
2600708,"PE","ALIANCA",25062,"0",37.9514658148282,19.481,87.5869979858398,55.7859992980957,0.509999990463257,24.8934955421845,-7.60333347320557,35.2308349609375
2600807,"PE","ALTINHO",15156,"0",35.5369099076193,15.27,86.734001159668,67.0339965820312,0.504000008106232,12.6403123474866,-8.48972225189209,36.0594444274902
2600906,"PE","AMARAJI",13377,"0",29.4487090020935,19.691,85.9049987792969,61.4309997558594,0.537999987602234,15.7816723341181,-8.38305568695068,35.4524993896484
2601003,"PE","ANGELIM",7233,"0",37.3785445171525,24.465,86.7750015258789,61.9360008239746,0.559000015258789,21.6846400466336,-8.89027786254883,36.285831451416
2601052,"PE","ARACOIABA",8102,"0",42.4502784407319,21.132,91.2050018310547,61.2299995422363,0.444000005722046,11.2751584372171,-7.79027795791626,35.0908317565918
2601102,"PE","ARARIPINA",39705,"0",29.2786044808416,13.137,85.7509994506836,53.2270011901855,0.593999981880188,15.1459562928697,-7.57611131668091,40.4983329772949
2601201,"PE","ARCOVERDE",39146,"0",32.2880210679511,12.195,62.4729995727539,36.6059989929199,0.565999984741211,17.582017691188,-8.41888904571533,37.0538902282715
2601300,"PE","BARRA DE GUABIRABA",7848,"0",31.87029738445,21.271,82.9660034179688,63.2120018005371,0.453999996185303,14.3593314763231,-8.42000007629395,35.6580543518066
2601409,"PE","BARREIROS",26718,"0",44.456079115765,17.204,87.7910003662109,45.0460014343262,0.730000019073486,17.2555397438504,-8.81833362579346,35.1863899230957
2601508,"PE","BELEM DE MARIA",9006,"0",37.4051069703244,18.532,88.9990005493164,61.0029983520508,0.531000018119812,11.1124121779859,-8.62555599212646,35.8300018310547
2601607,"PE","BELEM DE SAO FRANCISCO",14080,"0",21.9498418436512,9.828,81.0660018920898,49.4739990234375,0.551999986171722,21.8458933107536,-8.7538890838623,38.9658317565918
2601706,"PE","BELO JARDIM",43680,"1",9.67801401007742,19.044,76.8899993896484,54.117000579834,0.518999993801117,13.6734790201539,-8.33555603027344,36.4241676330566
2601805,"PE","BETANIA",8287,"0",31.9297082228117,13.408,92.0830001831055,58.2540016174316,0.503000020980835,9.248478433448,-8.2747220993042,38.0341682434082
2601904,"PE","BEZERROS",33895,"0",39.1549089845749,21.305,78.8619995117188,57.2809982299805,0.508000016212463,11.8261913032494,-8.23333358764648,35.7969436645508
2602001,"PE","BODOCO",18647,"0",26.7962924245592,12.407,91.6439971923828,56.3790016174316,0.625,16.5321878446624,-7.77833318710327,39.9411125183105
2602100,"PE","BOM CONSELHO",27041,"0",41.5233545647558,17.879,85.0429992675781,60.4039993286133,0.616999983787537,9.03579913164578,-9.16972255706787,36.6797218322754
2602209,"PE","BOM JARDIM",23213,"0",31.0531264692055,18.463,82.4250030517578,60.8120002746582,0.472000002861023,18.5299770308911,-7.79583311080933,35.5872230529785
2602308,"PE","BONITO",22384,"0",41.0895825858151,27.543,83.6849975585938,63.6279983520508,0.527999997138977,13.8799317147193,-8.47027778625488,35.7286109924316
2602407,"PE","BREJAO",9423,"0",47.5319350260211,24.669,91.5469970703125,64.4140014648438,0.493000000715256,13.3239004834336,-9.03027820587158,36.5686111450195
2602506,"PE","BREJINHO",5657,"0",34.8808030112923,13.2,87.5810012817383,57.4879989624023,0.578000009059906,14.7415562604964,-7.34944438934326,37.2861099243164
2602605,"PE","BREJO DA MADRE DE DEUS",18773,"0",32.181512605042,17.028,74.1230010986328,58.0989990234375,0.476000010967255,8.87477419730785,-8.1458330154419,36.3711128234863
2602704,"PE","BUENOS AIRES",8972,"0",30.8573064262201,19.784,89.556999206543,58.1920013427734,0.446000009775162,22.8765717218373,-7.72555541992188,35.327220916748
2602803,"PE","BUIQUE",25611,"0",44.2883895131086,20.835,89.5550003051758,66.2900009155273,0.551999986171722,6.26625175838697,-8.62305545806885,37.155834197998
2602902,"PE","CABO",91865,"1",13.8223241874097,19.415,64.4820022583008,32.0509986877441,0.508000016212463,27.1208839616754,-8.28666687011719,35.0349998474121
2603009,"PE","CABROBO",17534,"0",29.7394501278772,12.28,80.2620010375977,49.798999786377,0.569999992847443,11.8661322135268,-8.51416683197021,39.310001373291
2603108,"PE","CACHOEIRINHA",12428,"0",33.4946650533495,14.892,70.5970001220703,59.568000793457,0.587999999523163,14.3691990374699,-8.48638916015625,36.2330551147461
2603207,"PE","CAETES",12582,"0",38.7421383647799,18.197,88.0810012817383,69.5899963378906,0.449000000953674,17.8971293879956,-8.77305603027344,36.622501373291
2603306,"PE","CALCADO",6185,"0",44.519798731131,19.337,89.1859970092773,60.1749992370605,0.507000029087067,8.86828756340738,-8.74222183227539,36.3338890075684
2603405,"PE","CALUMBI",5819,"0",27.6881720430108,12.387,93.1719970703125,62.0820007324219,0.537999987602234,17.1293042867182,-7.9413890838623,38.1500015258789
2603454,"PE","CAMARAGIBE",72544,"1",12.9192707071686,21.452,66.2289962768555,26.8929996490479,0.537000000476837,28.8815769704619,-8.02166652679443,34.9811096191406
2603504,"PE","CAMOCIM DE SAO FELIX",11190,"0",40.467520263127,23.011,72.6480026245117,58.2449989318848,0.564999997615814,12.2116561529046,-8.35861110687256,35.7619438171387
2603603,"PE","CAMUTANGA",6649,"0",33.2556167867741,12.882,85.1539993286133,50.3009986877441,0.574000000953674,18.3799068529607,-7.40694427490234,35.2744445800781
2603702,"PE","CANHOTINHO",16563,"0",41.4013887636396,17.317,85.9789962768555,65.2429962158203,0.518999993801117,11.3143007499013,-8.88222217559814,36.1911125183105
2603801,"PE","CAPOEIRAS",12281,"0",26.6689847009736,16.465,84.75,62.0800018310547,0.504000008106232,17.4883146661963,-8.73472213745117,36.6266670227051
2603900,"PE","CARNAIBA",13933,"0",33.8014433391847,11.248,89.0709991455078,58.2060012817383,0.569999992847443,16.7894413750767,-7.80527782440186,37.793888092041
2603926,"PE","CARNAUBEIRA DA PENHA",6478,"0",25.7877813504823,12.621,93.6429977416992,58.6030006408691,0.476000010967255,21.0517666392769,-8.319167137146,38.7447204589844
2604007,"PE","CARPINA",37762,"0",40.2624198072149,17.382,69.9209976196289,36.7569999694824,0.565999984741211,17.1155136696525,-7.85083341598511,35.2547225952148
2604106,"PE","CARUARU",133278,"1",15.7824509969743,15.095,51.6679992675781,35.3629989624023,0.551999986171722,14.5568895577074,-8.28333377838135,35.9761123657227
2604155,"PE","CASINHAS",8551,"0",37.3079847908745,20.424,89.4830017089844,62.4119987487793,0.485000014305115,11.2751584372171,-7.74111127853394,35.7211112976074
2604205,"PE","CATENDE",21088,"0",46.6714285714286,14.024,84.8249969482422,50.9570007324219,0.568000018596649,15.8962404523361,-8.6666669845581,35.716667175293
2604304,"PE","CEDRO",6927,"0",27.513332016591,9.176,90.1169967651367,49.8440017700195,0.519999980926514,14.3893972862102,-7.72166681289673,39.2388877868652
2604403,"PE","CHA DE ALEGRIA",9025,"0",35.8100399315459,20.505,88.5309982299805,58.3650016784668,0.467999994754791,26.7956469165659,-8.00111103057861,35.212776184082
2604502,"PE","CHA GRANDE",14778,"0",37.5929274663452,22.355,83.1719970703125,61.0060005187988,0.566999971866608,10.8063592093956,-8.2383337020874,35.4616661071777
2604601,"PE","CONDADO",14394,"0",37.0842045238548,16.853,84.625,53.6450004577637,0.572000026702881,25.2712581762216,-7.58583354949951,35.1058349609375
2604700,"PE","CORRENTES",11531,"0",32.7586206896552,19.535,89.1419982910156,63.9519996643066,0.596000015735626,9.63911742707554,-9.1288890838623,36.3302764892578
2604809,"PE","CORTES",11822,"0",46.497139224412,22.795,87.3470001220703,58.5449981689453,0.497000008821487,11.0313736314288,-8.47027778625488,35.5411109924316
2604908,"PE","CUMARU",12959,"0",22.5309605578104,9.959,87.0530014038086,63.0670013427734,0.555000007152557,19.6025917926566,-8.00611114501953,35.6972236633301
2605004,"PE","CUPIRA",16996,"0",31.423850179014,14.746,78.9680023193359,59.0789985656738,0.523000001907349,11.5285970761734,-8.61666679382324,35.9500007629395
2605103,"PE","CUSTODIA",21087,"0",37.7834946855325,14.939,82.7770004272461,54.7290000915527,0.550999999046326,17.0256728136784,-8.08749961853027,37.6430549621582
2605152,"PE","DORMENTES",9364,"0",21.2321095208463,9.021,94.5309982299805,56.4620018005371,0.449000000953674,21.2946375253792,-8.44722175598145,40.771110534668
2605202,"PE","ESCADA",35632,"0",38.3143133116302,19.341,84.536003112793,47.7729988098145,0.514999985694885,20.7522407170294,-8.35916709899902,35.2236099243164
2605301,"PE","EXU",21641,"0",28.2051282051282,13.355,87.8199996948242,57.9020004272461,0.552999973297119,15.7977187056347,-7.51194429397583,39.7241668701172
2605400,"PE","FEIRA NOVA",14340,"0",43.1688893033666,24.105,85.4680023193359,59.4580001831055,0.476000010967255,12.6063418406806,-7.95083332061768,35.3891677856445
2605509,"PE","FERREIROS",7463,"0",29.6068796068796,12.587,85.2949981689453,56.4529991149902,0.540000021457672,24.7369223730364,-7.44750022888184,35.2441673278809
2605608,"PE","FLORES",15407,"0",25.5807572708981,11.779,93.3330001831055,56.3779983520508,0.570999979972839,26.6357439032961,-7.86805534362793,37.974723815918
2605707,"PE","FLORESTA",17529,"0",19.3361188486537,10.92,79.7360000610352,36.9539985656738,0.555999994277954,25.5989679321784,-8.60111141204834,38.5686111450195
2605806,"PE","FREI MIGUELINHO",11310,"0",25.3713172632092,10.086,84.6380004882812,61.9480018615723,0.477999985218048,10.7342995169082,-7.93972206115723,35.912223815918
2605905,"PE","GAMELEIRA",13326,"0",41.9518235029266,19.684,89.5130004882812,55.3349990844727,0.507000029087067,16.1834520176331,-8.58444404602051,35.3866653442383
2606002,"PE","GARANHUNS",60391,"1",12.525658477561,19.892,64.8949966430664,38.0509986877441,0.605000019073486,20.3582358235824,-8.89027786254883,36.4927787780762
2606101,"PE","GLORIA DO GOITA",16943,"0",37.3859716366424,21.282,87.3990020751953,58.4959983825684,0.503000020980835,14.302066772655,-8.00166702270508,35.2927780151367
2606200,"PE","GOIANA",43049,"1",12.3236067926333,16.11,77.7160034179688,39.2179985046387,0.556999981403351,16.1466214453431,-7.56055545806885,35.002498626709
2606309,"PE","GRANITO",5406,"0",28.1156827668456,9.518,92.6719970703125,54.6769981384277,0.513000011444092,22.5466342254663,-7.7161111831665,39.6147232055664
2606408,"PE","GRAVATA",39387,"0",48.9921593700575,20.52,69.9349975585938,50.2060012817383,0.517000019550323,10.7119168693345,-8.20111083984375,35.5647239685059
2606507,"PE","IATI",11649,"0",33.261035978566,20.279,92.1569976806641,75.3249969482422,0.46900001168251,12.2358816749904,-9.04583358764648,36.8461112976074
2606606,"PE","IBIMIRIM",17130,"0",30.0276243093923,11.195,84.8679962158203,60.3110008239746,0.490000009536743,9.5694087403599,-8.54055595397949,37.6902770996094
2606705,"PE","IBIRAJUBA",5786,"0",17.2004479283315,11.181,89.9670028686523,62.2330017089844,0.532000005245209,3.74025974025974,-8.58055591583252,36.179443359375
2606804,"PE","IGARASSU",45688,"1",15.6372616271093,19.315,74.6790008544922,39.0909996032715,0.526000022888184,23.1864876788303,-7.83416652679443,34.9063873291016
2606903,"PE","IGUARACI",8440,"0",35.8001693480102,13.36,89.9049987792969,53.0400009155273,0.577000021934509,17.1278503715091,-7.83527755737305,37.5152778625488
2607000,"PE","INAJA",7549,"0",23.8495879120879,11.25,86.4179992675781,63.4550018310547,0.49099999666214,10.7910271546635,-8.90166664123535,37.8238906860352
2607109,"PE","INGAZEIRA",3430,"0",27.4906367041199,11.176,89.6399993896484,48.0219993591309,0.554000020027161,18.8839848675914,-7.67611122131348,37.4597206115723
2607208,"PE","IPOJUCA",31788,"0",39.2795816422104,17.358,84.7519989013672,54.0429992675781,0.462000012397766,15.9219830600668,-8.39888858795166,35.0638885498047
2607307,"PE","IPUBI",14763,"0",35.2579070261091,17.551,90.6740036010742,72.4889984130859,0.574000000953674,7.2699870819578,-7.65194463729858,40.1488876342773
2607406,"PE","ITACURUBA",3357,"0",24.8660714285714,6.333,63.4449996948242,45.2799987792969,0.580999970436096,16.3903659680951,-8.72722244262695,38.6833343505859
2607505,"PE","ITAIBA",14772,"0",30.5678233438486,16.987,90.6890029907227,73.4980010986328,0.573000013828278,9.47791721555848,-8.94750022888184,37.422779083252
2607604,"PE","ITAMARACA",9224,"0",33.7215388641717,19.27,64.4209976196289,33.8759994506836,0.547999978065491,19.3461538461538,-7.74777793884277,34.825553894043
2607653,"PE","ITAMBE",19225,"0",37.2485921158488,22.265,88.8040008544922,61.7960014343262,0.577000021934509,21.3804613458902,-7.41027784347534,35.1127777099609
2607703,"PE","ITAPETIM",11062,"0",46.4913422731415,17.93,81.5279998779297,48.5750007629395,0.52999997138977,16.0477198383683,-7.378333568573,37.1902770996094
2607752,"PE","ITAPISSUMA",12062,"0",45.4395207106704,20.888,80.3619995117188,43.2919998168945,0.504000008106232,23.62007513727,-7.77638912200928,34.8922233581543
2607802,"PE","ITAQUITINGA",10373,"0",30.6272129489125,14.601,90.1940002441406,55.0429992675781,0.488999992609024,28.9079229122056,-7.66777801513672,35.1016654968262
2607901,"PE","JABOATAO",281811,"1",15.4792316754424,16.238,54.0279998779297,21.7029991149902,0.612999975681305,25.036317924203,-8.11277770996094,35.014720916748
2607950,"PE","JAQUEIRA",5905,"0",35.4035922960398,17.445,87.0490036010742,65.3479995727539,0.474000006914139,11.2751584372171,-8.72666645050049,35.7933349609375
2608008,"PE","JATAUBA",9313,"0",34.0431532929065,11.849,80.4380035400391,60.7560005187988,0.458000004291534,23.7690606448609,-7.98999977111816,36.4963874816895
2608057,"PE","JATOBA",7000,"0",32.5064496923993,11.2,68.8919982910156,39.8549995422363,0.559000015258789,11.2751584372171,-9.18305587768555,38.2688903808594
2608107,"PE","JOAO ALFREDO",19741,"0",33.8821067317754,16.719,77.5839996337891,64.3779983520508,0.49099999666214,14.2075036229939,-7.85583353042603,35.5883331298828
2608206,"PE","JOAQUIM NABUCO",12113,"0",30.7586206896552,18.604,86.7990036010742,57.4630012512207,0.479000002145767,21.8067944581515,-8.62444400787354,35.533332824707
2608255,"PE","JUCATI",6374,"0",39.2471981391415,19.061,88.765998840332,63.6349983215332,0.485000014305115,9.46459412780656,-8.70638847351074,36.4888877868652
2608305,"PE","JUPI",9788,"0",45.1871657754011,16.124,87.8740005493164,57.798999786377,0.44200000166893,11.3182897862233,-8.71166706085205,36.4150009155273
2608404,"PE","JUREMA",9963,"0",32.3898895111246,19.509,91.1460037231445,69.9520034790039,0.499000012874603,4.90153646396884,-8.71805572509766,36.1358337402344
2608453,"PE","LAGOA DO CARRO",8678,"0",33.4768259434639,18.104,82.5459976196289,54.5460014343262,0.48199999332428,22.5602586713698,-7.84472227096558,35.3197212219238
2608503,"PE","LAGOA DE ITAENGA",14724,"0",39.1676219028304,21.434,86.8619995117188,61.7360000610352,0.433999985456467,22.5159594442358,-7.93611097335815,35.2902793884277
2608602,"PE","LAGOA DO OURO",9454,"0",27.8342202870505,16.317,90.3759994506836,63.515998840332,0.568000018596649,8.51187029530979,-9.1274995803833,36.4583320617676
2608701,"PE","LAGOA DOS GATOS",10793,"0",39.3103448275862,17.272,90.2470016479492,72.0559997558594,0.493000000715256,10.7302059010826,-8.65833377838135,35.9000015258789
2608750,"PE","LAGOA GRANDE",11355,"0",30.5159165751921,19.301,79.6269989013672,51.5900001525879,0.490000009536743,11.2751584372171,-8.99694442749023,40.2719459533691
2608800,"PE","LAJEDO",22770,"0",25.5859600508024,14.888,71.4749984741211,54.3629989624023,0.575999975204468,11.8557194864917,-8.66361141204834,36.3199996948242
2608909,"PE","LIMOEIRO",38924,"0",38.9203688181056,17.954,74.75,45.0299987792969,0.533999979496002,15.473239820237,-7.87472200393677,35.4502792358398
2609006,"PE","MACAPARANA",19780,"0",42.8312554363584,19.999,88.6900024414062,59.7849998474121,0.559000015258789,15.1934156378601,-7.55472230911255,35.4530563354492
2609105,"PE","MACHADOS",7570,"0",33.297277807824,20.91,86.0859985351562,60.6580009460449,0.474000006914139,26.8189755529686,-7.68222236633301,35.522777557373
2609154,"PE","MANARI",7068,"0",25.621687729311,16.79,92.8580017089844,79.1399993896484,0.42399999499321,11.2751584372171,-8.96388912200928,37.6283340454102
2609204,"PE","MARAIAL",9325,"0",40.0954653937947,16.867,94.0619964599609,68.943000793457,0.583000004291534,17.8590598880454,-8.78250026702881,35.8088874816895
2609303,"PE","MIRANDIBA",9558,"0",31.2037941135444,10.372,87.3199996948242,47.6860008239746,0.532999992370605,22.6025734401554,-8.12027740478516,38.7294425964355
2609402,"PE","MORENO",29425,"0",45.9306782875358,23.747,70.6989974975586,34.6349983215332,0.497999995946884,25.0777846919726,-8.1186113357544,35.0922241210938
2609501,"PE","NAZARE DA MATA",20350,"0",40.6047516198704,20.842,77.1240005493164,38.9160003662109,0.60699999332428,16.3524390902707,-7.74166679382324,35.2277793884277
2609600,"PE","OLINDA",236069,"1",14.9636900447977,15.884,48.7019996643066,16.5650005340576,0.603999972343445,32.2760025062657,-8.00888919830322,34.8552780151367
2609709,"PE","OROBO",14666,"0",43.3184537942825,14.359,89.2740020751953,59.818000793457,0.458000004291534,21.2818964215612,-7.74499988555908,35.602222442627
2609808,"PE","OROCO",8227,"0",29.7041223404255,15.62,75.4980010986328,56.3419990539551,0.467000007629395,19.8247678828299,-8.5533332824707,39.4633331298828
2609907,"PE","OURICURI",31285,"0",30.0069150315498,14.788,87.3109970092773,57.0289993286133,0.638000011444092,11.4601841382652,-7.88250017166138,40.0816650390625
2610004,"PE","PALMARES",37982,"0",47.8853769707838,18.932,75.1539993286133,47.2719993591309,0.544000029563904,21.3289395187637,-8.68333339691162,35.591667175293
2610103,"PE","PALMEIRINA",6118,"0",41.8151579947731,21.435,91.4309997558594,58.015998840332,0.563000023365021,8.12392426850258,-9.00444412231445,36.3258323669434
2610202,"PE","PANELAS",17585,"0",15.1645444021829,12.464,89.4280014038086,73.9380035400391,0.542999982833862,16.6513677253534,-8.66361141204834,36.0058326721191
2610301,"PE","PARANATAMA",10226,"0",36.6112650046168,22.121,83.754997253418,67.7229995727539,0.493000000715256,12.4756966947505,-8.92083358764648,36.6580543518066
2610400,"PE","PARNAMIRIM",12847,"0",23.6322961155176,9.984,90.072998046875,50.0349998474121,0.546999990940094,21.0842877152509,-8.09055519104004,39.5783348083496
2610509,"PE","PASSIRA",19474,"0",38.1441301821,16.748,84.4609985351562,65.0260009765625,0.400999993085861,21.8405739788713,-7.99499988555908,35.5805549621582
2610608,"PE","PAUDALHO",25735,"0",41.2752764795706,19.419,81.0279998779297,48.0690002441406,0.486000001430511,17.5103014530471,-7.89666652679443,35.1797218322754
2610707,"PE","PAULISTA",130358,"1",15.2990215125932,17.519,42.1699981689453,14.7510004043579,0.549000024795532,30.9156524809867,-7.940833568573,34.8730545043945
2610806,"PE","PEDRA",14826,"0",35.5551546856679,15.192,85.2389984130859,57.0019989013672,0.559000015258789,9.03729913017839,-8.49694442749023,36.9408340454102
2610905,"PE","PESQUEIRA",39258,"0",38.8485677220294,14.172,76.7389984130859,49.2360000610352,0.555999994277954,14.2344945684165,-8.35777759552002,36.6963882446289
2611002,"PE","PETROLANDIA",14728,"0",34.6749777382012,11.298,73.8779983520508,37.6660003662109,0.528999984264374,31.6165299301124,-8.9791669845581,38.2194442749023
2611101,"PE","PETROLINA",100738,"1",7.0556121032664,13.085,64.1360015869141,30.2870006561279,0.628000020980835,23.6255215045543,-9.39861106872559,40.5008316040039
2611200,"PE","POCAO",8458,"0",27.743208377599,15.502,84.3560028076172,58.6780014038086,0.448000013828278,7.74284978098428,-8.18638896942139,36.7050018310547
2611309,"PE","POMBOS",17988,"0",44.4714459295261,24.054,87.1340026855469,61.1529998779297,0.616999983787537,11.2712424187834,-8.14138889312744,35.3958320617676
2611408,"PE","PRIMAVERA",8272,"0",42.5094925785295,18.534,90.7030029296875,58.310001373291,0.46900001168251,20.0128865979381,-8.33138847351074,35.3541679382324
2611507,"PE","QUIPAPA",14341,"0",43.5429564461823,22.03,87.3310012817383,64.5920028686523,0.453999996185303,10.1130279595479,-8.82777786254883,36.0116653442383
2611533,"PE","QUIXABA",5233,"0",25.5468539022414,8.487,90.4919967651367,59.351001739502,0.546000003814697,25.4979207704093,-7.72027778625488,37.848331451416
2611705,"PE","RIACHO DAS ALMAS",15033,"0",31.4717183450987,15.403,83.6269989013672,60.0919990539551,0.513999998569489,14.5845231296402,-8.13388919830322,35.856388092041
2611804,"PE","RIBEIRAO",27612,"0",41.7050932718508,19.458,81.5599975585938,51.7480010986328,0.564000010490417,14.9353456746453,-8.51444435119629,35.3777770996094
2611903,"PE","RIO FORMOSO",15940,"0",38.9888143176734,26.724,88.7330017089844,53.9249992370605,0.486999988555908,20.8851674641148,-8.66361141204834,35.1586112976074
2612000,"PE","SAIRE",12127,"0",45.7560158027056,26.651,86.6910018920898,59.5130004882812,0.414000004529953,9.72875844955934,-8.32750034332275,35.7055549621582
2612109,"PE","SALGADINHO",5531,"0",27.141162514828,14.817,92.1210021972656,61.6619987487793,0.469999998807907,18.6578743211792,-7.93638896942139,35.6327781677246
2612208,"PE","SALGUEIRO",29198,"0",26.1373317430567,10.434,76.4079971313477,40.7669982910156,0.610000014305115,19.4763894538328,-8.0741662979126,39.1191673278809
2612307,"PE","SALOA",8806,"0",35.8500814774579,18.121,88.7419967651367,61.0139999389648,0.657999992370605,9.64923551329821,-8.97583293914795,36.6875
2612406,"PE","SANHARO",13053,"0",27.5521296570807,14.453,82.7310028076172,51.2799987792969,0.544000029563904,9.15492957746479,-8.36055564880371,36.5655555725098
2612455,"PE","SANTA CRUZ",6738,"0",27.4709813577207,11.637,97.2779998779297,66.318000793457,0.504999995231628,12.0720141456357,-8.23999977111816,40.3347206115723
2612471,"PE","SANTA CRUZ DA BAIXA VERDE",8743,"0",35.7889578569095,15.814,92.7519989013672,53.476001739502,0.490000009536743,12.0277953253316,-7.82055568695068,38.1527786254883
2612505,"PE","SANTA CRUZ DO CAPIBARIBE",30775,"0",31.8958122124308,13.029,46.9090003967285,40.3419990539551,0.545000016689301,18.4116291437688,-7.95749998092651,36.2047233581543
2612554,"PE","SANTA FILOMENA",7890,"0",27.6890513757937,10.843,98.0660018920898,69.7080001831055,0.465000003576279,11.2751584372171,-8.16250038146973,40.6155548095703
2612604,"PE","SANTA MARIA DA BOA VISTA",16502,"0",26.0551532440933,16.492,70.9000015258789,50.0579986572266,0.510999977588654,21.0393282495073,-8.80777740478516,39.825553894043
2612703,"PE","SANTA MARIA DO CAMBUCA",9032,"0",36.7070675271525,12.825,89.9100036621094,63.0989990234375,0.460999995470047,15.575136937366,-7.82916688919067,35.8805541992188
2612802,"PE","SANTA TEREZINHA",7060,"0",31.733746130031,11.675,88.306999206543,50.1040000915527,0.522000014781952,16.4393939393939,-7.37777757644653,37.4799995422363
2612901,"PE","SAO BENEDITO DO SUL",7043,"0",37.5028274146121,24.736,91.7360000610352,76.0380020141602,0.472000002861023,9.27787227462502,-8.80833339691162,35.9516677856445
2613008,"PE","SAO BENTO DO UNA",25397,"0",32.2417071624762,16.743,80.6559982299805,57.3479995727539,0.5799999833107,11.6472399384209,-8.52277755737305,36.4444427490234
2613107,"PE","SAO CAETANO",23334,"0",37.993430530744,18.548,82.4779968261719,65.1650009155273,0.485000014305115,10.0982086023461,-8.32583332061768,36.1427764892578
2613206,"PE","SAO JOAO",12309,"0",44.3804347826087,17.759,86.9680023193359,63.8610000610352,0.493999987840652,21.4722868718214,-8.87555599212646,36.3666648864746
2613305,"PE","SAO JOAQUIM DO MONTE",13746,"0",43.955616118357,16.55,83.3470001220703,65.806999206543,0.523999989032745,8.10548454942566,-8.43249988555908,35.804443359375
2613404,"PE","SAO JOSE DA COROA GRANDE",10596,"0",44.8506533914126,18.791,87.4300003051758,54.4459991455078,0.564000010490417,9.7422794934459,-8.89777755737305,35.147777557373
2613503,"PE","SAO JOSE DO BELMONTE",20847,"0",32.5391280044718,12.821,89.7360000610352,53.7589988708496,0.554000020027161,15.6463334067386,-7.86138868331909,38.7597236633301
2613602,"PE","SAO JOSE DO EGITO",20672,"0",37.2945970816353,13.599,79.5149993896484,42.1459999084473,0.657999992370605,16.3105303612606,-7.47888898849487,37.2744445800781
2613701,"PE","SAO LOURENCO DA MATA",52664,"1",12.8984017197869,25.789,69.8420028686523,36.5880012512207,0.515999972820282,23.0222111305216,-8.00222206115723,35.0183334350586
2613800,"PE","SAO VICENTE FERRER",10863,"0",33.2988223113757,26.783,90.2990036010742,59.0690002441406,0.574000000953674,18.7053140096618,-7.5911111831665,35.4913902282715
2613909,"PE","SERRA TALHADA",46664,"1",10.38885476937,16.944,80.7679977416992,48.6450004577637,0.620000004768372,13.9417283017085,-7.99194431304932,38.2983322143555
2614006,"PE","SERRITA",10768,"0",13.9273153575615,8.114,92.681999206543,56.3790016174316,0.603999972343445,21.2451599755451,-7.93333339691162,39.2958335876465
2614105,"PE","SERTANIA",22795,"0",33.0587086537288,12.838,84.7099990844727,49.064998626709,0.512000024318695,15.810605011768,-8.07361125946045,37.2644462585449
2614204,"PE","SIRINHAEM",21643,"0",40.8635794743429,17.991,92.6480026245117,58.3279991149902,0.555000007152557,18.5181276056784,-8.59083366394043,35.1161117553711
2614303,"PE","MOREILANDIA",8128,"0",23.4607790342847,9.282,94.2570037841797,59.4500007629395,0.547999978065491,15.8069221588649,-7.6308331489563,39.5511093139648
2614402,"PE","SOLIDAO",4574,"0",27.2589448150394,9.366,96.2519989013672,54.1640014648438,0.532000005245209,22.8216758176176,-7.6002779006958,37.6519432067871
2614501,"PE","SURUBIM",30716,"0",36.3542055686958,18.639,73.7799987792969,50.6879997253418,0.524999976158142,17.0175196578838,-7.83305549621582,35.7547225952148
2614600,"PE","TABIRA",16008,"0",31.374694839633,11.199,86.6480026245117,42.5999984741211,0.616999983787537,25.2353415814954,-7.59083318710327,37.5394439697266
2614709,"PE","TACAIMBO",7907,"0",33.2240814214249,22.296,86.0790023803711,74.5019989013672,0.479999989271164,8.03490037765334,-8.31611156463623,36.2933349609375
2614808,"PE","TACARATU",11014,"0",28.5861314807668,10.168,86.068000793457,49.4020004272461,0.569999992847443,12.4602486267707,-9.10527801513672,38.1491661071777
2614857,"PE","TAMANDARE",8216,"0",34.2653787493645,21.1,88.984001159668,56.1080017089844,0.527999997138977,11.2751584372171,-8.75972175598145,35.1047210693359
2615003,"PE","TAQUARITINGA DO NORTE",12005,"0",38.8212180746562,10.81,66.1460037231445,42.4729995727539,0.523999989032745,14.7868321640583,-7.9030556678772,36.0441665649414
2615102,"PE","TEREZINHA",5167,"0",35.3585112205802,16.074,91.0670013427734,68.5660018920898,0.467999994754791,9.90773286467487,-9.0561113357544,36.6227760314941
2615201,"PE","TERRA NOVA",6296,"0",21.715976331361,8.794,75.661003112793,47.7929992675781,0.541000008583069,17.0362548398451,-8.22972202301025,39.3755569458008
2615300,"PE","TIMBAUBA",37919,"0",32.8525973576814,15.486,78.3219985961914,46.5060005187988,0.574000000953674,20.4298363595606,-7.50527763366699,35.3183326721191
2615409,"PE","TORITAMA",12650,"0",40.0187930674462,12.217,34.5009994506836,38.9539985656738,0.426999986171722,8.97009966777409,-8.006667137146,36.0566673278809
2615508,"PE","TRACUNHAEM",8902,"0",42.3940149625935,24.175,86.8830032348633,56.451000213623,0.488999992609024,16.9390967429471,-7.80472230911255,35.2400016784668
2615607,"PE","TRINDADE",13845,"0",39.2706728299949,11.822,80.984001159668,56.132999420166,0.515999972820282,8.60649119974164,-7.76194429397583,40.2677764892578
2615706,"PE","TRIUNFO",11475,"0",29.0446934104325,13.974,85.3119964599609,40.7569999694824,0.601000010967255,17.3174559217207,-7.83805561065674,38.1016654968262
2615805,"PE","TUPANATINGA",12995,"0",30.7937554969217,18.802,92.4150009155273,75.4339981079102,0.526000022888184,2.78170257859414,-8.75333309173584,37.3397216796875
2615904,"PE","TUPARETAMA",7233,"0",32.9214659685864,12.601,81.9440002441406,47.0499992370605,0.620000004768372,13.8599743333809,-7.60222244262695,37.3113899230957
2616001,"PE","VENTUROSA",10252,"0",25.3551326722058,11.716,84.7310028076172,54.0060005187988,0.531000018119812,11.7105943152455,-8.57472229003906,36.8741683959961
2616100,"PE","VERDEJANTE",6755,"0",28.4615384615385,10.772,90.911003112793,54.9469985961914,0.52700001001358,13.5214761978601,-7.92555570602417,38.9716682434082
2616183,"PE","VERTENTE DO LERIO",6853,"0",29.4627383015598,13.291,88.7089996337891,67.8649978637695,0.474000006914139,12.7903327055869,-7.77138900756836,35.8499984741211
2616209,"PE","VERTENTES",11382,"0",31.3167259786477,12.112,82.6949996948242,53.5009994506836,0.486000001430511,10.4156803333018,-7.90277767181396,35.9883346557617
2616308,"PE","VICENCIA",19925,"0",35.1278877887789,19.063,87.3659973144531,57.0040016174316,0.566999971866608,17.7269751200349,-7.65694427490234,35.3266677856445
2616407,"PE","VITORIA DE SANTO ANTAO",72585,"1",16.9779318227909,18.957,73.6129989624023,43.818000793457,0.550000011920929,12.5745616677713,-8.11805534362793,35.291389465332
2616506,"PE","XEXEU",7234,"0",33.2528003514167,14.626,94.5149993896484,67.0439987182617,0.493000000715256,21.6830466830467,-8.80222225189209,35.6269454956055
2800209,"SE","AQUIDABA",13201,"0",32.9126213592233,14.665,85.7539978027344,54.3279991149902,0.541000008583069,13.8485648300891,-10.2813892364502,37.018611907959
2800407,"SE","ARAUA",6623,"0",29.9162418062637,18.342,88.3150024414062,60.4039993286133,0.5,8.50401441913813,-11.2622222900391,37.6197204589844
2800506,"SE","AREIA BRANCA",8849,"0",43.4691011235955,15.452,81.6029968261719,58.0460014343262,0.442999988794327,13.1650485436893,-10.7577781677246,37.3152770996094
2800605,"SE","BARRA DOS COQUEIROS",10878,"0",36.6054550364569,14.838,67.4229965209961,32.4570007324219,0.538999974727631,27.9458097038437,-10.9088888168335,37.0386123657227
2800670,"SE","BOQUIM",16540,"0",27.7626811594203,13.293,69.8460006713867,44.5820007324219,0.540000021457672,17.8722263189649,-11.1469440460205,37.6205558776855
2800704,"SE","BREJO GRANDE",4574,"0",33.4357713583282,21.962,91.120002746582,61.0769996643066,0.444000005722046,11.8106617647059,-10.4294443130493,36.4661102294922
2801009,"SE","CAMPO DO BRITO",11242,"0",30.5003883279707,14.067,80.8539962768555,57.5069999694824,0.560000002384186,9.77353992848629,-10.7333335876465,37.4933319091797
2801108,"SE","CANHOBA",3251,"0",25.193199381762,11.581,92.161003112793,60.8349990844727,0.504999995231628,20.3490286466908,-10.1383333206177,36.9847221374512
2801207,"SE","CANINDE DO SAO FRANCISCO",8222,"0",38.470605569471,14.742,84.9329986572266,63.9090003967285,0.462999999523163,15.2891470821231,-9.65999984741211,37.7894439697266
2801306,"SE","CAPELA",15550,"0",49.1235835694051,19.426,81.9059982299805,48.5890007019043,0.578000009059906,14.3361869819269,-10.5033330917358,37.0527763366699
2801405,"SE","CARIRA",11772,"0",24.4789979483857,14.389,76.4940032958984,62.8310012817383,0.52700001001358,16.1422836336477,-10.3608331680298,37.7011108398438
2801504,"SE","CARMOPOLIS",5709,"0",43.3810195446303,11.531,77.4820022583008,38.8819999694824,0.564000010490417,20.9613299602458,-10.6480560302734,36.9888877868652
2801603,"SE","CEDRO DE SAO JOAO",3891,"0",28.6590709903593,8.785,74.9169998168945,42.734001159668,0.517000019550323,22.5776105362183,-10.2516670227051,36.8844451904297
2801702,"SE","CRISTINAPOLIS",8639,"0",33.1214240305149,16.538,86.515998840332,66.5400009155273,0.501999974250793,12.6200459894495,-11.4755554199219,37.7552795410156
2801900,"SE","CUMBE",2933,"0",29.4187898089172,13.114,87.2799987792969,59.4580001831055,0.503000020980835,13.7147048038137,-10.3549995422363,37.1830558776855
2802007,"SE","DIVINA PASTORA",2529,"0",33.729216152019,10.687,86.5240020751953,46.1139984130859,0.541000008583069,20.5578047683311,-10.6886110305786,37.1483345031738
2802106,"SE","ESTANCIA",33405,"0",41.0771355296903,15.838,72.8379974365234,41.273998260498,0.554000020027161,19.841712915832,-11.2683334350586,37.4383316040039
2802205,"SE","FEIRA NOVA",4175,"0",29.4777220419003,12.618,90.2720031738281,65.4369964599609,0.45100000500679,12.5593667546174,-10.2641668319702,37.3130569458008
2802304,"SE","FREI PAULO",6840,"0",35.1471758154336,16.952,82.2649993896484,54.4370002746582,0.513999998569489,11.8172404866684,-10.5494441986084,37.5344429016113
2802403,"SE","GARARU",7146,"0",24.5441342585122,15.465,91.6149978637695,60.4010009765625,0.50900000333786,22.7607165706974,-9.96749973297119,37.0833320617676
2802502,"SE","GENERAL MAYNARD",1937,"0",37.5551354757404,9.804,77.0189971923828,42.3349990844727,0.497999995946884,20.2061096797939,-10.6888885498047,36.9838905334473
2802601,"SE","GRACCHO CARDOSO",4055,"0",27.6377734699529,14.149,90.5350036621094,56.9249992370605,0.467000007629395,21.4527408075795,-10.2266664505005,37.1983337402344
2802700,"SE","ILHA DAS FLORES",5200,"0",34.7781482431393,16.913,91.4550018310547,56.8660011291504,0.48199999332428,8.51747689835275,-10.4363889694214,36.5400009155273
2802809,"SE","INDIAROBA",7028,"0",39.5841069439287,12.162,90.8610000610352,63.5099983215332,0.453000009059906,8.04520155169506,-11.5191669464111,37.5116653442383
2802908,"SE","ITABAIANA",44767,"1",9.58233069783431,12.939,60.234001159668,47.5340003967285,0.499000012874603,28.875533994642,-10.6850004196167,37.4252777099609
2803005,"SE","ITABAIANINHA",21558,"0",28.1543703007519,20.752,88.7580032348633,59.7249984741211,0.5,7.67657137012223,-11.2738885879517,37.7900009155273
2803104,"SE","ITABI",4258,"0",23.696682464455,13.988,84.6969985961914,52.2140007019043,0.512000024318695,25.8611955420466,-10.1263885498047,37.1030540466309
2803203,"SE","ITAPORANGA D AJUDA",15309,"0",38.0231590100658,21.312,90.1470031738281,63.1559982299805,0.470999985933304,14.3559143559144,-10.9980554580688,37.3105545043945
2803302,"SE","JAPARATUBA",9284,"0",42.0838183934808,14.934,83.7160034179688,46.1660003662109,0.541999995708466,17.3706324635117,-10.5933332443237,36.9402770996094
2803401,"SE","JAPOATA",8143,"0",41.5969701751617,15.8,90.7639999389648,61.625,0.458000004291534,12.7520673146671,-10.3466663360596,36.8011093139648
2803500,"SE","LAGARTO",48950,"1",10.3141564318035,14.881,74.1340026855469,52.0110015869141,0.513000011444092,18.4331576425491,-10.9172220230103,37.6500015258789
2803609,"SE","LARANJEIRAS",15152,"0",52.3890389810884,13.119,84.0019989013672,46.1129989624023,0.535000026226044,21.1584454409567,-10.8063888549805,37.1699981689453
2803708,"SE","MACAMBIRA",3965,"0",18.5185185185185,14.785,86.3249969482422,54.5909996032715,0.449000000953674,8.92743812143008,-10.6663885116577,37.5408325195312
2803807,"SE","MALHADA DOS BOIS",2060,"0",28.5090114691425,12.486,89.7620010375977,57.8059997558594,0.503000020980835,27.7956741831569,-10.3494443893433,36.9241676330566
2803906,"SE","MALHADOR",7659,"0",30.2332963021743,8.437,76.3759994506836,49.6839981079102,0.425999999046326,11.9557195571956,-10.6577777862549,37.3047218322754
2804003,"SE","MARUIM",12639,"0",41.0746685275645,16.124,77.318000793457,40.7109985351562,0.537999987602234,23.65,-10.7375001907349,37.0816650390625
2804102,"SE","MOITA BONITA",7102,"0",31.1537200917732,12.469,78.5579986572266,51.867000579834,0.453999996185303,11.2364553955767,-10.5775003433228,37.3427772521973
2804201,"SE","MONTE ALEGRE DE SERGIPE",8059,"0",30.5026842362128,12.15,88.6510009765625,66.3960037231445,0.46399998664856,12.2144713445493,-10.0272226333618,37.5622215270996
2804300,"SE","MURIBECA",5390,"0",51.430781129157,15.669,86.3720016479492,54.6769981384277,0.456999987363815,13.0165289256198,-10.4272222518921,36.9591674804688
2804409,"SE","NEOPOLIS",11465,"0",46.7262569832402,12.687,78.1149978637695,47.1790008544922,0.485000014305115,12.9735389301352,-10.3199996948242,36.5794448852539
2804458,"SE","NOSSA SENHORA APARECIDA",6100,"0",20.7254941919707,14.428,87.1620025634766,70.484001159668,0.418000012636185,9.87700335445397,-10.4425001144409,37.4891662597656
2804508,"SE","NOSSA SENHORA DA GLORIA",15039,"0",28.057210965435,10.632,85.109001159668,55.2330017089844,0.535000026226044,22.6351112681031,-10.2183332443237,37.4202766418457
2804607,"SE","NOSSA SENHORA DAS DORES",13618,"0",42.7968047011294,12.954,80.6890029907227,54.6100006103516,0.521000027656555,13.3931511359895,-10.4916667938232,37.1933326721191
2804706,"SE","NOSSA SENHORA DE LOURDES",4231,"0",26.1836027713626,13.031,79.4889984130859,57.226001739502,0.524999976158142,22.9582806573957,-10.0794448852539,37.0577774047852
2804805,"SE","NOSSA SENHORA DO SOCORRO",38518,"0",41.9395502916948,15.793,71.7669982910156,29.0470008850098,0.52700001001358,23.8603513453413,-10.8549995422363,37.1261100769043
2804904,"SE","PACATUBA",6964,"0",53.2545488651285,18.815,91.8270034790039,64.734001159668,0.439999997615814,9.65316144874156,-10.453332901001,36.6513900756836
2805000,"SE","PEDRA MOLE",1496,"0",25.0647668393782,11.911,87.359001159668,54.6549987792969,0.460999995470047,15.5618431689572,-10.6166667938232,37.6869430541992
2805109,"SE","PEDRINHAS",5579,"0",29.1334894613583,18.801,80.6100006103516,54.7820014953613,0.433999985456467,14.8245260185559,-11.1916666030884,37.6738891601562
2805208,"SE","PINHAO",3432,"0",31.8691888425777,13.7,86.8450012207031,64.1510009765625,0.493999987840652,13.041276272474,-10.5672225952148,37.7227783203125
2805307,"SE","PIRAMBU",4355,"0",29.7461368653422,9.105,81.2979965209961,51.2830009460449,0.514999985694885,17.4485786919344,-10.7377777099609,36.8561096191406
2805406,"SE","POCO REDONDO",10440,"0",37.9469715397713,21.336,90.9560012817383,74.0189971923828,0.500999987125397,13.4782608695652,-9.80500030517578,37.6844444274902
2805505,"SE","POCO VERDE",15149,"0",31.5951754783713,11.879,83.4209976196289,56.7229995727539,0.497000008821487,13.0355081811392,-10.7083330154419,38.1833343505859
2805604,"SE","PORTO DA FOLHA",13955,"0",27.4628938460203,12.006,90.8330001831055,58.0750007629395,0.486999988555908,21.2730583485076,-9.91722202301025,37.2783317565918
2805703,"SE","PROPRIA",16754,"0",27.4220405691795,11.27,75.9970016479492,39.4739990234375,0.574999988079071,28.8539811752735,-10.2111110687256,36.8402786254883
2805802,"SE","RIACHAO DO DANTAS",12641,"0",34.1429699842022,17.906,87.4509963989258,68.8030014038086,0.453000009059906,11.4680906942134,-11.0688886642456,37.7249984741211
2805901,"SE","RIACHUELO",6295,"0",35.6771799628943,12.748,78.765998840332,47.359001159668,0.52999997138977,25.3337897980144,-10.7283334732056,37.1872215270996
2806008,"SE","RIBEIROPOLIS",9457,"0",18.7836061656112,12.171,80.0989990234375,55.7929992675781,0.504999995231628,20.9622795749153,-10.5394439697266,37.4166679382324
2806107,"SE","ROSARIO DO CATETE",4621,"0",29.9115044247788,12.053,73.7819976806641,43.9850006103516,0.513000011444092,19.4125159642401,-10.6961107254028,37.0305557250977
2806206,"SE","SALGADO",12402,"0",36.9247922156902,16.442,87.9390029907227,60.7980003356934,0.486000001430511,15.7581426992091,-11.0319442749023,37.4749984741211
2806305,"SE","SANTA LUZIA DO ITANHY",7740,"0",55.1348013994649,20.945,92.6640014648438,68.4100036621094,0.465000003576279,10.2097348634745,-11.350832939148,37.4483337402344
2806404,"SE","SANTANA DO SAO FRANCISCO",3505,"0",45.6712232737469,13.184,92.0910034179688,56.2319984436035,0.46900001168251,6.43615200273879,-10.2911109924316,36.6080551147461
2806503,"SE","SANTA ROSA DE LIMA",2828,"0",36.2264150943396,9.042,90.8190002441406,55.8479995727539,0.521000027656555,26.4114462490333,-10.6463890075684,37.1938896179199
2806602,"SE","SANTO AMARO DAS BROTAS",8628,"0",38.6550846188408,12.758,85.9179992675781,48.1269989013672,0.521000027656555,19.8405554841198,-10.7888889312744,37.054443359375
2806701,"SE","SAO CRISTOVAO",31381,"0",36.953393114137,15.922,70.552001953125,31.1800003051758,0.541000008583069,25.1288512197915,-11.0147218704224,37.2063903808594
2806800,"SE","SAO DOMINGOS",5739,"0",36.2999299229152,14.954,78.2639999389648,64.9909973144531,0.437999993562698,11.4751029576937,-10.7913885116577,37.5677795410156
2806909,"SE","SAO FRANCISCO",1873,"0",17.0896785109983,9.565,83.1039962768555,50.8489990234375,0.499000012874603,11.5577889447236,-10.3333330154419,36.8877792358398
2807006,"SE","SAO MIGUEL DO ALEIXO",2908,"0",17.9905538857879,12.04,92.0770034790039,70.6380004882812,0.485000014305115,6.91226737561717,-10.3880558013916,37.3811111450195
2807105,"SE","SIMAO DIAS",26432,"0",33.0473739395673,15.394,79.870002746582,51.9570007324219,0.492000013589859,21.4081486776269,-10.7383337020874,37.8111114501953
2807204,"SE","SIRIRI",4870,"0",41.4652956298201,13.26,86.3320007324219,51.0289993286133,0.512000024318695,14.3187066974596,-10.6038885116577,37.1127777099609
2807303,"SE","TELHA",1851,"0",26.8203883495146,7.41,86.2050018310547,51.943000793457,0.474000006914139,21.1981566820277,-10.2083330154419,36.8838882446289
2807402,"SE","TOBIAS BARRETO",28322,"0",23.0398656412976,12.842,78.9219970703125,52.1949996948242,0.507000029087067,11.498659916617,-11.1838884353638,37.9983329772949
2807501,"SE","TOMAR DO GERU",7947,"0",25.4548461792921,13.442,89.2630004882812,62.140998840332,0.425999999046326,4.43029016277424,-11.3733329772949,37.8405570983887
2807600,"SE","UMBAUBA",11573,"0",39.1128566477995,17.127,81.3239974975586,55.1279983520508,0.583000004291534,7.98459823690344,-11.3833332061768,37.6577758789062
2900207,"BA","ABARE",8182,"0",28.5325216276834,17.433,82.2519989013672,51.5120010375977,0.47299998998642,17.4047487575925,-8.72027778625488,39.1138877868652
2900306,"BA","ACAJUTIBA",8828,"0",33.491142333537,12.566,87.1330032348633,53.0250015258789,0.555999994277954,13.3991894630193,-11.6622219085693,38.0172233581543
2900355,"BA","ADUSTINA",7508,"0",30.9005628517824,16.77,85.8870010375977,70.5910034179688,0.442999988794327,13.8622199764191,-10.5333337783813,38.0999984741211
2900405,"BA","AGUA FRIA",10379,"0",37.4714394516375,25.109,93.3040008544922,58.2019996643066,0.476999998092651,12.2990185842556,-11.8666667938232,38.7666664123535
2900504,"BA","AGUA QUENTE",6492,"0",17.0323928944619,16.141,92.2320022583008,57.8699989318848,0.50900000333786,9.85622726485363,-13.4177780151367,42.1402778625488
2900603,"BA","AIQUARA",4948,"0",30.7441016333938,15.095,88.8789978027344,52.6790008544922,0.601000010967255,9.09484625378952,-14.1294441223145,39.8877792358398
2900702,"BA","ALAGOINHAS",74336,"1",11.5327580354112,17.047,65.5,27.9150009155273,0.611000001430511,30.8549530899,-12.135555267334,38.4191665649414
2900801,"BA","ALCOBACA",10795,"0",29.6977837474815,20.322,82.6569976806641,51.7120018005371,0.580999970436096,12.5818419903972,-17.5194435119629,39.195556640625
2900900,"BA","ALMADINA",6014,"0",22.4597364568082,20.608,94.4589996337891,62.1940002441406,0.519999980926514,13.5296310100634,-14.7052774429321,39.6372222900391
2901007,"BA","AMARGOSA",19961,"0",34.9310197695918,16.936,85.6370010375977,48.1829986572266,0.596000015735626,16.1529745042493,-13.0302782058716,39.6047210693359
2901106,"BA","AMELIA RODRIGUES",16067,"0",42.1862348178138,22.721,77.1240005493164,37.7849998474121,0.519999980926514,17.0266923500275,-12.3916664123535,38.7566680908203
2901155,"BA","AMERICA DOURADA",10742,"0",27.6525955504849,11.133,89.4339981079102,42.1640014648438,0.52999997138977,13.6229116945107,-11.4552774429321,41.4361114501953
2901205,"BA","ANAGE",22163,"0",34.9931553730322,13.166,93.963996887207,55.7939987182617,0.421999990940094,7.82441855023632,-14.6122226715088,41.135555267334
2901304,"BA","ANDARAI",7756,"0",26.2983209683717,21.097,92.1080017089844,61.6679992675781,0.66100001335144,20.0460497913369,-12.807222366333,41.3313903808594
2901353,"BA","ANDORINHA",8748,"0",30.1345722524832,15.213,90.8649978637695,56.1529998779297,0.50900000333786,28.304108872023,-10.3447217941284,39.8355560302734
2901403,"BA","ANGICAL",10381,"0",21.7981888745149,11.496,88.0110015869141,58.3199996948242,0.5,16.6703224391314,-12.0069446563721,44.6944427490234
2901502,"BA","ANGUERA",9016,"0",27.0199826238054,20.032,86.0459976196289,51.951000213623,0.476999998092651,11.0107850514171,-12.1511106491089,39.2463874816895
2901601,"BA","ANTAS",8717,"0",18.8127208480565,10.383,87.4680023193359,64.0179977416992,0.513000011444092,17.3038799207024,-10.3999996185303,38.3333320617676
2901700,"BA","ANTONIO CARDOSO",9750,"0",40.721940214326,18.86,91.5199966430664,61.4290008544922,0.428000003099442,15.2900022568269,-12.4352779388428,39.1197204589844
2901809,"BA","ANTONIO GONCALVES",7225,"0",30.4069329314243,13.61,90.1809997558594,52.8549995422363,0.501999974250793,14.7749364438463,-10.5727777481079,40.275276184082
2901908,"BA","APORA",10126,"0",30.5,20.069,90.161003112793,58.6020011901855,0.470999985933304,10.3194642661104,-11.6602773666382,38.0813903808594
2901957,"BA","APUAREMA",5769,"0",23.1951290229052,11.185,92.3270034790039,57.367000579834,0.514999985694885,5.42286609240407,-13.8563890457153,39.7438888549805
2902005,"BA","ARACATU",8556,"0",25.2403049386808,9.952,96.2300033569336,51.306999206543,0.458000004291534,4.65542521994135,-14.4274997711182,41.4619445800781
2902054,"BA","ARACAS",7212,"0",20.0092958401115,16.759,91.6600036621094,62.8209991455078,0.488000005483627,9.78260869565217,-12.2111110687256,38.2024993896484
2902104,"BA","ARACI",24813,"0",36.6617923542929,16.922,93.1190032958984,65.0390014648438,0.499000012874603,11.8594043466595,-11.3333330154419,38.966667175293
2902203,"BA","ARAMARI",7219,"0",28.6211129296236,19.119,85.1019973754883,46.2840003967285,0.518999993801117,21.7464962267057,-12.0816669464111,38.4991683959961
2902252,"BA","ARATACA",9708,"0",34.3318511584367,21.626,94.0400009155273,60.4199981689453,0.515999972820282,11.635147601476,-15.2633333206177,39.4144439697266
2902302,"BA","ARATUIPE",5572,"0",39.957264957265,22.339,88.1240005493164,61.4070014953613,0.497999995946884,11.1846318036286,-13.0788888931274,39.0016670227051
2902401,"BA","AURELINO LEAL",10779,"0",36.8897637795276,17.214,86.9820022583008,56.9939994812012,0.550000011920929,6.44704931285368,-14.3166666030884,39.327220916748
2902500,"BA","BAIANOPOLIS",8336,"0",19.9778726094516,12.37,89.9150009155273,61.701000213623,0.541999995708466,5.98752598752599,-12.3063888549805,44.5347213745117
2902609,"BA","BAIXA GRANDE",13704,"0",47.5208913649025,25.143,94.9120025634766,59.6980018615723,0.437000006437302,11.9501940491591,-11.9597225189209,40.1680564880371
2902658,"BA","BANZAE",8613,"0",26.2486716259299,11.844,89.1660003662109,61.2879981994629,0.404000014066696,10.5780574125049,-10.5769443511963,38.6147232055664
2902708,"BA","BARRA",21206,"0",21.2515237708249,13.66,91.5749969482422,54.4210014343262,0.589999973773956,13.751139226934,-11.0894441604614,43.1416664123535
2902807,"BA","BARRA DA ESTIVA",11273,"0",18.9303710490151,11.397,89.3509979248047,44.2089996337891,0.521000027656555,4.48479983947025,-13.6261110305786,41.3269462585449
2902906,"BA","BARRA DO CHOCA",17669,"0",37.4547143520669,18.335,87.4309997558594,63.4179992675781,0.510999977588654,10.8290918832039,-14.8811111450195,40.5794448852539
2903003,"BA","BARRA DO MENDES",11130,"0",23.0133752950433,8.424,82.5609970092773,34.9749984741211,0.53600001335144,14.4770283479961,-11.8100004196167,42.0586128234863
2903102,"BA","BARRA DO ROCHA",7434,"0",42.6161680458307,21.895,95.7129974365234,68.765998840332,0.532999992370605,9.68645016797312,-14.2105560302734,39.6019439697266
2903201,"BA","BARREIRAS",52618,"1",6.6958712576889,13.58,59.9290008544922,30.8600006103516,0.615000009536743,14.721152598105,-12.152777671814,44.9900016784668
2903235,"BA","BARRO ALTO",7313,"0",30.5794392523364,11.156,87.6900024414062,38.6059989929199,0.453000009059906,16.1815336463224,-11.7608337402344,41.9116668701172
2903300,"BA","GOVERNADOR LOMANTO JUNIOR",6231,"0",35.1138353765324,18.948,96.379997253418,56.6230010986328,0.460999995470047,13.0621693121693,-14.8097219467163,39.4713897705078
2903409,"BA","BELMONTE",14713,"0",30.8139534883721,19.345,87.9260025024414,49.6650009155273,0.541999995708466,6.05412016511237,-15.863055229187,38.8827781677246
2903508,"BA","BELO CAMPO",7867,"0",20.9389943486451,10.187,84.859001159668,56.7400016784668,0.495000004768372,7.30757711889787,-15.038332939148,41.2597236633301
2903607,"BA","BIRITINGA",8749,"0",46.6928515318146,22.663,87.1380004882812,51.5200004577637,0.517000019550323,10.8040201005025,-11.6166667938232,38.7999992370605
2903706,"BA","BOA NOVA",11632,"0",39.932753164557,14.443,92.1699981689453,68.6259994506836,0.568000018596649,5.4324377328888,-14.3625001907349,40.2075004577637
2903805,"BA","BOA VISTA DO TUPIM",10810,"0",27.7971351142083,17.87,94.2330017089844,61.8740005493164,0.787999987602234,22.8066528066528,-12.6602773666382,40.6091651916504
2903904,"BA","BOM JESUS DA LAPA",30810,"0",25.5396544297133,16.204,79.161003112793,43.9850006103516,0.558000028133392,10.8348457350272,-13.2550001144409,43.4180564880371
2903953,"BA","BOM JESUS DA SERRA",5269,"0",21.0318579080913,9.562,91.984001159668,63.8279991149902,0.425000011920929,5.30002334812048,-14.3736114501953,40.5052795410156
2904001,"BA","BONINAL",7618,"0",30.5391578118851,12.224,86.2750015258789,50.7099990844727,0.474999994039536,13.8747884940778,-12.7016668319702,41.8274993896484
2904050,"BA","BONITO",7427,"0",26.9453090262339,21.023,86.8359985351562,40.4290008544922,0.446000009775162,6.19341859462566,-11.9694442749023,41.2658348083496
2904100,"BA","BOQUIRA",15048,"0",24.9797077922078,14.79,90.0410003662109,48.9379997253418,0.583999991416931,13.3485327645804,-12.823055267334,42.7305564880371
2904209,"BA","BOTUPORA",7428,"0",23.211100099108,14.313,94.9329986572266,64.9560012817383,0.485000014305115,12.363582000299,-13.381667137146,42.5224990844727
2904308,"BA","BREJOES",8474,"0",42.9000500584015,25.623,88.2590026855469,53.9379997253418,0.485000014305115,7.21786521334574,-13.1044445037842,39.7958335876465
2904407,"BA","BREJOLANDIA",7578,"0",21.9759341355288,13.219,88.9800033569336,57.2280006408691,0.435000002384186,9.84962406015038,-12.4830551147461,43.9663887023926
2904506,"BA","BROTAS DE MACAUBAS",8369,"0",21.0294615645107,13.281,90.7180023193359,39.2919998168945,0.583999991416931,15.4714560615779,-11.9988889694214,42.6258316040039
2904605,"BA","BRUMADO",36449,"0",28.5250051310118,12.436,71.7649993896484,40.5719985961914,0.708999991416931,16.1931733492324,-14.2036113739014,41.6652793884277
2904704,"BA","BUERAREMA",15833,"0",30.0169779286927,18.654,89.4209976196289,47.9090003967285,0.600000023841858,16.1633403361345,-14.9594440460205,39.2997207641602
2904753,"BA","BURITIRAMA",9705,"0",22.7750525578136,11.326,92.2360000610352,60.3610000610352,0.46399998664856,6.72097759674134,-10.7077779769897,43.6305541992188
2904803,"BA","CAATIBA",6623,"0",32.4948209529447,18.263,92.8619995117188,67.0139999389648,0.60699999332428,6.47191736604261,-14.9766664505005,40.4075012207031
2904852,"BA","CABACEIRAS DO PARAGUACU",8368,"0",28.308635666837,20.385,96.4909973144531,61.185001373291,0.500999987125397,9.08835904628331,-12.5355558395386,39.1908340454102
2904902,"BA","CACHOEIRA",19699,"0",38.7668223015655,18.418,85.2900009155273,40.2239990234375,0.648999989032745,20.9770433625374,-12.618332862854,38.9558334350586
2905008,"BA","CACULE",13602,"0",26.4330543933054,14.964,82.3820037841797,45.9080009460449,0.621999979019165,14.3201617921593,-14.5033330917358,42.2222213745117
2905107,"BA","ANSELMO DA FONSECA",9875,"0",31.5588773642465,18.219,93.6429977416992,48.2200012207031,0.45100000500679,11.2751584372171,-11.09055519104,40.4352760314941
2905156,"BA","CAETANOS",5500,"0",29.4369819948557,11.18,91.3040008544922,66.6080017089844,0.439000010490417,5.6657848324515,-14.3374996185303,40.9086112976074
2905206,"BA","CAETITE",29772,"0",26.3764287991256,16.652,85.5029983520508,51.0890007019043,0.615000009536743,12.2807673609813,-14.0694446563721,42.4749984741211
2905305,"BA","CAFARNAUM",9630,"0",25.8561105874961,13.747,88.8470001220703,44.4980010986328,0.569000005722046,6.50575973669775,-11.6936111450195,41.468334197998
2905404,"BA","CAIRU",7502,"0",21.0401423769033,15.654,81.8610000610352,58.7299995422363,0.42399999499321,8.18097303997521,-13.4869441986084,39.043888092041
2905503,"BA","CALDEIRAO GRANDE",6654,"0",16.041621504444,16.919,91.2570037841797,51.1570014953613,0.444000005722046,15.418646567262,-11.0200004577637,40.3027763366699
2905602,"BA","CAMACAN",23347,"0",30.2517607059014,18.657,86.8160018920898,49.257999420166,0.690999984741211,14.526218951242,-15.4191665649414,39.4958343505859
2905701,"BA","CAMACARI",90291,"1",11.8733919534055,15.157,53.0849990844727,23.0300006866455,0.500999987125397,24.8665236265655,-12.6975002288818,38.3241653442383
2905800,"BA","CAMAMU",18889,"0",31.3915266617969,15.638,91.1230010986328,53.4809989929199,0.550999999046326,9.04307391091532,-13.9447221755981,39.103889465332
2905909,"BA","CAMPO ALEGRE DE LOURDES",17033,"0",23.9108776378951,8.171,94.9049987792969,54.3370018005371,0.623000025749207,20.601652892562,-9.5155553817749,43.0111122131348
2906006,"BA","CAMPO FORMOSO",38849,"0",32.7686150024153,15.229,89.8140029907227,51.3339996337891,0.563000023365021,13.7263217415889,-10.5074996948242,40.3213882446289
2906105,"BA","CANAPOLIS",7012,"0",22.9995427526292,12.036,95.5419998168945,59.898998260498,0.45100000500679,7.98732171156894,-13.0697221755981,44.202220916748
2906204,"BA","CANARANA",13702,"0",40.3581117742811,13.57,83.2720031738281,35.9550018310547,0.59799998998642,18.0976778778613,-11.6847219467163,41.7688903808594
2906303,"BA","CANAVIEIRAS",21358,"0",34.2534504391468,15.44,85.8030014038086,46.1570014953613,0.558000028133392,10.6919215442737,-15.6750001907349,38.9472236633301
2906402,"BA","CANDEAL",6884,"0",29.5478080773214,17.408,91.1650009155273,49.3400001525879,0.462000012397766,16.0357770324229,-11.8080558776855,39.1191673278809
2906501,"BA","CANDEIAS",34742,"0",35.4073002798126,18.162,59.6640014648438,27.9759998321533,0.560000002384186,25.1257356875334,-12.6677780151367,38.5505561828613
2906600,"BA","CANDIBA",10294,"0",18.2445141065831,16.181,90.8470001220703,56.726001739502,0.52999997138977,10.6677778935306,-14.4108333587646,42.8672218322754
2906709,"BA","CANDIDO SALES",18450,"0",29.3451229621442,12.845,81.2389984130859,56.1720008850098,0.472000002861023,7.32470907909504,-15.5050001144409,41.2391662597656
2906808,"BA","CANSANCAO",18986,"0",21.5771477418436,16.087,92.0739974975586,53.1559982299805,0.691999971866608,15.480386583286,-10.6672220230103,39.4991683959961
2906824,"BA","CANUDOS",8330,"0",19.8032172419178,18.35,87.7710037231445,57.5929985046387,0.46399998664856,19.6829590488771,-9.89666652679443,39.0263900756836
2906857,"BA","CAPELA DO ALTO ALEGRE",8704,"0",26.7413370668533,14.786,83.0279998779297,50.5470008850098,0.421000003814697,12.4485845632712,-11.6680555343628,39.837776184082
2906873,"BA","CAPIM GROSSO",15813,"0",33.894449499545,14.076,81.6289978027344,52.9119987487793,0.460999995470047,11.7630564318261,-11.3811111450195,40.0127792358398
2906899,"BA","CARAIBAS",9227,"0",27.875673029858,12.168,86.8320007324219,63.2700004577637,0.533999979496002,6.71479160991555,-14.725832939148,41.2591667175293
2906907,"BA","CARAVELAS",12953,"0",35.5171047417778,19.607,82.2699966430664,56.6339988708496,0.513999998569489,17.3661360347323,-17.7319450378418,39.2658348083496
2907004,"BA","CARDEAL DA SILVA",4874,"0",37.3758136348064,22.324,93.786003112793,57.2039985656738,0.550000011920929,11.8430273300631,-11.9416666030884,37.9486122131348
2907103,"BA","CARINHANHA",15295,"0",25.0352685838307,11.832,91.3280029296875,56.4939994812012,0.493000000715256,17.0804514015289,-14.3047218322754,43.7649993896484
2907202,"BA","CASA NOVA",34074,"0",28.191841664394,12.11,87.484001159668,51.9620018005371,0.629999995231628,21.6817593790427,-9.16194438934326,40.970832824707
2907301,"BA","CASTRO ALVES",19317,"0",22.4832713754647,13.688,91.1969985961914,54.9440002441406,0.577000021934509,10.7601683029453,-12.7655553817749,39.4283332824707
2907400,"BA","CATOLANDIA",1617,"0",32.9294369208838,10.49,89.3789978027344,56.2840003967285,0.521000027656555,8.3872957138452,-12.3180551528931,44.8611106872559
2907509,"BA","CATU",31833,"0",44.7885827070523,13.631,68.3499984741211,34.2490005493164,0.528999984264374,34.7975567828536,-12.3530559539795,38.3788871765137
2907558,"BA","CATURAMA",6018,"0",24.1995731056563,12.002,89.9800033569336,62.2620010375977,0.64300000667572,8.09248554913295,-13.3294448852539,42.2905540466309
2907608,"BA","CENTRAL",13741,"0",22.4383128722499,9.325,88.4400024414062,42.2470016479492,0.560999989509583,14.3023889191503,-11.135555267334,42.1127777099609
2907707,"BA","CHORROCHO",7067,"0",21.5252887295898,8.249,94.4670028686523,50.4749984741211,0.620999991893768,17.2561936130603,-8.97972202301025,39.0963897705078
2907806,"BA","CICERO DANTAS",21757,"0",25.0680861599406,11.011,83.5039978027344,60.2449989318848,0.513999998569489,27.062605234961,-10.6000003814697,38.3833351135254
2907905,"BA","CIPO",10926,"0",15.5844155844156,15.941,83.7409973144531,49.5480003356934,0.559000015258789,14.7909967845659,-11.0997219085693,38.5136108398438
2908002,"BA","COARACI",18071,"0",30.5854355069015,15.749,85.7809982299805,49.5940017700195,0.615000009536743,11.8391971805746,-14.640832901001,39.5511093139648
2908101,"BA","COCOS",11947,"0",22.5198412698413,13.422,87.6149978637695,60.2080001831055,0.531000018119812,8.54174682570219,-14.1838884353638,44.5344429016113
2908200,"BA","CONCEICAO DA FEIRA",11276,"0",52.7253295333096,25.945,78.9160003662109,46.4160003662109,0.564000010490417,16.1730545876887,-12.5058336257935,38.9986114501953
2908309,"BA","CONCEICAO DO ALMEIDA",7362,"0",33.7526766595289,21.964,88.8639984130859,53.951000213623,0.552999973297119,14.4462402832294,-12.779444694519,39.1699981689453
2908408,"BA","CONCEICAO DO COITE",35297,"0",28.3351508542348,12.939,88.2590026855469,46.3540000915527,0.544000029563904,19.0080898333736,-11.5638885498047,39.2827758789062
2908507,"BA","CONCEICAO DO JACUIPE",17233,"0",31.5923364337388,18.647,74.1119995117188,35.4039993286133,0.600000023841858,15.4024051803885,-12.3166666030884,38.7666664123535
2908606,"BA","CONDE",7834,"0",39.8136645962733,18.051,93.3850021362305,62.185001373291,0.493000000715256,8.34600760456274,-11.8136110305786,37.6105537414551
2908705,"BA","CONDEUBA",13621,"0",26.7715656734739,11.313,90.5210037231445,58.5820007324219,0.712000012397766,4.9552816050278,-14.8952779769897,41.9686126708984
2908804,"BA","CONTENDAS DO SINCORA",4378,"0",17.7701674277017,10.924,84.4810028076172,62.8870010375977,0.560000002384186,8.26446280991736,-13.7627773284912,41.0411109924316
2908903,"BA","CORACAO DE MARIA",15209,"0",44.2209217264082,20.559,87.8339996337891,54.564998626709,0.514999985694885,15.9859306582442,-12.2333335876465,38.75
2909000,"BA","CORDEIROS",6261,"0",33.7004982953055,14.502,87.068000793457,62.7869987487793,0.448000013828278,5.03698485382177,-15.0386114120483,41.9347229003906
2909109,"BA","CORIBE",10803,"0",25.4173622704507,15.822,75.5350036621094,62.1220016479492,0.479000002145767,9.85779963648027,-13.8291664123535,44.4544448852539
2909208,"BA","CORONEL JOAO SA",8154,"0",27.0659590598939,16.177,90.6039962768555,81.4589996337891,0.439999997615814,7.13000138446629,-10.2841663360596,37.9263877868652
2909307,"BA","CORRENTINA",18459,"0",25.5441845354126,11.408,87.3440017700195,55.7459983825684,0.578000009059906,8.12514730143766,-13.3433332443237,44.6366653442383
2909406,"BA","COTEGIPE",7995,"0",17.8050921861282,16.777,88.3580017089844,60.3499984741211,0.547999978065491,9.9718536389224,-12.0283336639404,44.2577781677246
2909505,"BA","CRAVOLANDIA",4552,"0",27.153871940999,19.499,93.9700012207031,61.3330001831055,0.540000021457672,11.871921182266,-13.3586111068726,39.814998626709
2909604,"BA","CRISOPOLIS",12017,"0",30.460895678287,14.246,86.1839981079102,62.4469985961914,0.46900001168251,6.02588165563568,-11.510555267334,38.1500015258789
2909703,"BA","CRISTOPOLIS",9018,"0",19.2615205698503,11.23,83.9029998779297,61.1469993591309,0.523999989032745,7.49699318455165,-12.2336111068726,44.4208335876465
2909802,"BA","CRUZ DAS ALMAS",31134,"0",42.707040622156,21.137,75.6399993896484,31.9790000915527,0.593999981880188,22.7873532832822,-12.6700000762939,39.1019439697266
2909901,"BA","CURACA",15830,"0",35.8105802047782,19.871,80.6380004882812,48.9830017089844,0.542999982833862,21.8221494817239,-8.99027824401855,39.9094429016113
2910008,"BA","DARIO MEIRA",9372,"0",32.4565883554648,20.697,94.0630035400391,68.0530014038086,0.455000013113022,6.11453342459503,-14.4363889694214,39.9077758789062
2910057,"BA","DIAS D AVILA",24243,"0",26.1244019138756,11.949,53.9869995117188,24.4820003509521,0.563000023365021,22.150730945735,-12.6125001907349,38.2969436645508
2910107,"BA","DOM BASILIO",7349,"0",15.4913514540962,7.546,84.2429962158203,54.6769981384277,0.528999984264374,3.69385342789598,-13.7602777481079,41.7713890075684
2910206,"BA","DOM MACEDO COSTA",4992,"0",26.6231410953935,15.486,91.6439971923828,51.3110008239746,0.50900000333786,11.7986608173632,-12.9049997329712,39.1925010681152
2910305,"BA","ELISIO MEDRADO",6910,"0",29.141370338248,12.941,88.4160003662109,49.6759986877441,0.495999991893768,12.9690689276181,-12.9463891983032,39.5216674804688
2910404,"BA","ENCRUZILHADA",13306,"0",33.9273235499651,15.641,87.193000793457,68.1859970092773,0.50900000333786,8.55688429217841,-15.5313892364502,40.9094429016113
2910503,"BA","ENTRE RIOS",22710,"0",42.3295822015263,14.979,85.3860015869141,49.7179985046387,0.545000016689301,11.2907200236558,-11.9419441223145,38.0844459533691
2910602,"BA","ESPLANADA",16764,"0",35.7086579707607,18.344,85.3939971923828,49.0449981689453,0.577000021934509,13.4133042529989,-11.7961111068726,37.9449996948242
2910701,"BA","EUCLIDES DA CUNHA",33559,"0",30.2396694214876,16.938,91.3840026855469,59.8450012207031,0.483999997377396,14.706447891296,-10.5074996948242,39.0158348083496
2910727,"BA","EUNAPOLIS",49633,"1",8.49902271348655,17.981,72.911003112793,39.6549987792969,0.649999976158142,11.402789171452,-16.3775005340576,39.5802764892578
2910750,"BA","FATIMA",9944,"0",33.9920948616601,9.136,91.2220001220703,70.0439987182617,0.510999977588654,17.917406749556,-10.6000003814697,38.216667175293
2910776,"BA","FEIRA DA MATA",4203,"0",16.533637400228,8.966,87.1429977416992,49.1520004272461,0.603999972343445,15.2683689421574,-14.2127780914307,44.2811126708984
2910800,"BA","FEIRA DE SANTANA",240112,"1",12.3907556837514,14.225,60.0110015869141,25.6380004882812,0.607999980449677,19.6321112861084,-12.2666664123535,38.966667175293
2910859,"BA","FILADELFIA",9592,"0",25.963830085518,16.933,92.1490020751953,48.4029998779297,0.470999985933304,11.964886964887,-10.7427778244019,40.1319427490234
2910909,"BA","FIRMINO ALVES",4477,"0",15.2051488334674,15.751,87.6340026855469,57.1920013427734,0.596000015735626,9.59033862183282,-14.9852781295776,39.9236106872559
2911006,"BA","FLORESTA AZUL",10775,"0",39.4823186292381,18.801,86.8929977416992,48.0270004272461,0.564000010490417,9.52143569292124,-14.8599996566772,39.6597213745117
2911105,"BA","FORMOSA DO RIO PRETO",9875,"0",18.3127292487434,13.198,85.4120025634766,55.923999786377,0.721000015735626,11.4187699093359,-11.0483331680298,45.1930541992188
2911204,"BA","GANDU",20004,"0",35.1226872071786,18.361,71.6060028076172,40.7430000305176,0.652999997138977,13.4094942324756,-13.7438888549805,39.4866676330566
2911253,"BA","GAVIAO",4661,"0",23.5460546997799,14.643,80.6999969482422,58.523998260498,0.541000008583069,8.00268997982515,-11.470555305481,39.7838897705078
2911303,"BA","GENTIO DO OURO",6761,"0",26.2717058222676,10.197,87.0370025634766,58.1300010681152,0.657999992370605,20.6868489583333,-11.4288892745972,42.5027770996094
2911402,"BA","GLORIA",9808,"0",26.4534075104312,10.178,83.1809997558594,57.867000579834,0.493000000715256,24.6997507364605,-9.33805561065674,38.2547225952148
2911501,"BA","GONGOGI",7164,"0",30.1394784718011,18.146,93.5329971313477,57.8839988708496,0.521000027656555,5.84851390220518,-14.3222217559814,39.4647216796875
2911600,"BA","GOVERNADOR MANGABEIRA",13297,"0",46.9058295964126,27.114,89.0429992675781,48.576000213623,0.535000026226044,13.1961827284105,-12.6019439697266,39.0433349609375
2911659,"BA","GUAJERU",5366,"0",24.3957918680694,15.838,83.0820007324219,54.9179992675781,0.523999989032745,3.97012578616352,-14.5472221374512,41.9402770996094
2911709,"BA","GUANAMBI",41275,"1",5.60947524263859,15.826,73.4929962158203,41.0810012817383,0.621999979019165,17.9779629964132,-14.2233333587646,42.7813873291016
2911808,"BA","GUARATINGA",15851,"0",30.5992920786037,12.009,88.9059982299805,61.3940010070801,0.677999973297119,19.6247464503043,-16.5838890075684,39.7827758789062
2911857,"BA","HELIOPOLIS",8272,"0",23.3069783430732,8.483,89.0879974365234,67.8420028686523,0.485000014305115,17.7042538825118,-10.6833333969116,38.2861099243164
2911907,"BA","IACU",17164,"0",30.819946141703,19.65,86.8410034179688,61.5229988098145,0.526000022888184,11.3028257064266,-12.76722240448,40.2116661071777
2912004,"BA","IBIASSUCE",6588,"0",28.905768835968,15.143,77.0749969482422,50.2210006713867,0.503000020980835,3.81296092891888,-14.2594442367554,42.2569427490234
2912103,"BA","IBICARAI",22758,"0",34.4075976957808,16.62,87.0240020751953,47.4970016479492,0.633000016212463,13.7042320494532,-14.8649997711182,39.5875015258789
2912202,"BA","IBICOARA",5759,"0",25.7696447793326,15.809,91.2419967651367,49.3409996032715,0.465000003576279,8.80245649948823,-13.4105558395386,41.2847213745117
2912301,"BA","IBICUI",10741,"0",28.3905681278683,14.619,90.0550003051758,56.3269996643066,0.759999990463257,19.3175797393239,-14.8416662216187,39.9866676330566
2912400,"BA","IBIPEBA",10740,"0",21.6240182417026,7.31,87.3840026855469,45.2099990844727,0.561999976634979,37.6451742090509,-11.640832901001,42.0111122131348
2912509,"BA","IBIPITANGA",10467,"0",29.4965277777778,14.2,81.4629974365234,51.7000007629395,0.513999998569489,5.2999788000848,-12.8822221755981,42.4858322143555
2912608,"BA","IBIQUERA",3862,"0",27.9305966991113,20.538,95.0670013427734,53.4010009765625,0.591000020503998,17.5049730036942,-12.6511106491089,40.9336128234863
2912707,"BA","IBIRAPITANGA",14740,"0",31.9373106808903,16,93.0120010375977,62.6669998168945,0.547999978065491,8.36478471847801,-14.1641664505005,39.3736114501953
2912806,"BA","IBIRAPUA",5891,"0",17.0104549307714,10.535,80.838996887207,52.0769996643066,0.504999995231628,21.8744345938122,-17.6877784729004,40.1091651916504
2912905,"BA","IBIRATAIA",16246,"0",41.8128994770482,25.383,88.2259979248047,51.9889984130859,0.597000002861023,13.5352708418611,-14.0669441223145,39.6405563354492
2913002,"BA","IBITIARA",9788,"0",21.1505190311419,10.872,89.8359985351562,51.4199981689453,0.532000005245209,4.83943408937795,-12.6522226333618,42.2177772521973
2913101,"BA","IBITITA",12709,"0",23.4195402298851,8.319,86.3410034179688,41.5849990844727,0.486999988555908,21.1276170619408,-11.5472221374512,41.9775009155273
2913200,"BA","IBOTIRAMA",16524,"0",31.0966597694354,16.755,86.7330017089844,47.8530006408691,0.609000027179718,18.2474629195941,-12.1852779388428,43.2205543518066
2913309,"BA","ICHU",5107,"0",28.7342386032978,9.332,89.5739974975586,36.8450012207031,0.531000018119812,25.795574288725,-11.7486114501953,39.1922225952148
2913408,"BA","IGAPORA",10406,"0",20.607433062475,10.549,94.0970001220703,49.6580009460449,0.568000018596649,9.58991204832044,-13.7733335494995,42.714168548584
2913457,"BA","IGRAPIUNA",7620,"0",34.776087422327,16.706,88.9980010986328,67.8239974975586,0.503000020980835,8.52636766880237,-13.8263893127441,39.1422233581543
2913507,"BA","IGUAI",18206,"0",25.941840711502,17.399,91.1230010986328,60.9070014953613,0.541999995708466,10.3994697836958,-14.7563886642456,40.089168548584
2913606,"BA","ILHEUS",98918,"1",9.2770846912944,15.514,78.5839996337891,38.2410011291504,0.63400000333786,20.9533852660702,-14.7888889312744,39.049446105957
2913705,"BA","INHAMBUPE",20433,"0",43.8788477831121,22.417,90.8450012207031,54.3429985046387,0.517000019550323,16.8041237113402,-11.78444480896,38.3530540466309
2913804,"BA","IPECAETA",13645,"0",38.4508187202415,16.856,82.8759994506836,53.2080001831055,0.490000009536743,9.62248995983936,-12.3000001907349,39.3074989318848
2913903,"BA","IPIAU",28452,"0",44.2083578575633,15.836,79.2200012207031,45.2029991149902,0.671000003814697,12.8297408017152,-14.1372222900391,39.7338905334473
2914000,"BA","IPIRA",40712,"1",8.7894397939472,18.16,85.9889984130859,52.7099990844727,0.517000019550323,15.3980896077948,-12.1583337783813,39.7372207641602
2914109,"BA","IPUPIARA",6008,"0",20.7139709122962,11.244,87.370002746582,35.1259994506836,0.560000002384186,12.9413811097582,-11.8202781677246,42.6141662597656
2914208,"BA","IRAJUBA",3467,"0",29.7279792746114,9.872,91.7929992675781,57.859001159668,0.51800000667572,6.55044902271527,-13.2513885498047,40.0844459533691
2914307,"BA","IRAMAIA",8209,"0",24.724884629038,13.688,92.4909973144531,61.5209999084473,0.500999987125397,17.6658673061551,-13.2855558395386,40.9511108398438
2914406,"BA","IRAQUARA",10606,"0",24.0407301626723,11.423,91.1880035400391,44.5989990234375,0.527999997138977,10.890073831009,-12.2486114501953,41.6194458007812
2914505,"BA","IRARA",16860,"0",42.6665540825804,23.204,87.7850036621094,52.2690010070801,0.547999978065491,10.6104082431199,-12.0500001907349,38.7666664123535
2914604,"BA","IRECE",34467,"0",31.9016536118364,12.127,66.3679962158203,32.9900016784668,0.59799998998642,21.8956827979841,-11.3041667938232,41.8558349609375
2914653,"BA","ITABELA",15313,"0",38.7049876985015,19.96,87.4100036621094,54.0330009460449,0.653999984264374,13.6235559312482,-16.5750007629395,39.5533332824707
2914703,"BA","ITABERABA",36056,"0",38.2576527501118,17.842,79.9100036621094,42.4640007019043,0.574999988079071,15.7852165256346,-12.5275001525879,40.3069458007812
2914802,"BA","ITABUNA",115149,"1",7.52174593053333,13.798,67.3440017700195,26.6229991912842,0.677999973297119,17.1245230003987,-14.7855558395386,39.2802772521973
2914901,"BA","ITACARE",10105,"0",39.7773085045114,22.426,87.5380020141602,60.7879981994629,0.620999991893768,9.63416221846114,-14.2775001525879,38.9966659545898
2915007,"BA","ITAETE",8199,"0",33.806663025669,17.952,92.5940017700195,69.2129974365234,0.490000009536743,16.7000572409845,-12.9863891601562,40.9724998474121
2915106,"BA","ITAGI",12694,"0",17.3515162390095,9.239,89.088996887207,59.4090003967285,0.493999987840652,12.69031355444,-14.1627779006958,40.0061111450195
2915205,"BA","ITAGIBA",11779,"0",32.1979532610356,19.746,94.6849975585938,55.0460014343262,0.560999989509583,17.6809737347854,-14.2836112976074,39.8427772521973
2915304,"BA","ITAGIMIRIM",4554,"0",15.8154381892049,18.56,80.1360015869141,56.0979995727539,0.5799999833107,9.02107543825094,-16.0866661071777,39.614444732666
2915353,"BA","ITAGUACU DA BAHIA",6980,"0",32.5457160468461,11.87,98.1259994506836,67.2870025634766,0.400999993085861,18.1481481481481,-11.0116662979126,42.3994445800781
2915403,"BA","ITAJU DO COLONIA",6367,"0",20.3301476976542,14.672,94.2770004272461,57.8709983825684,0.513999998569489,12.891809908999,-15.1424999237061,39.7244453430176
2915502,"BA","ITAJUIPE",18458,"0",32.6708540358114,16.369,85.5279998779297,45.8279991149902,0.616999983787537,20.2583604974043,-14.6780557632446,39.375
2915601,"BA","ITAMARAJU",44355,"1",8.18285807664025,17.707,78.1869964599609,48.9560012817383,0.635999977588654,15.3554383320774,-17.0391674041748,39.5311126708984
2915700,"BA","ITAMARI",5829,"0",26.1191980225213,19.29,88.786003112793,59.5900001525879,0.634999990463257,17.0279242335481,-13.77805519104,39.6836128234863
2915809,"BA","ITAMBE",15644,"0",30.9049906853613,15.072,92.2320022583008,56.8330001831055,0.446000009775162,7.8599275967697,-15.2449998855591,40.6244430541992
2915908,"BA","ITANAGRA",4017,"0",35.0770667912191,20.879,91.9260025024414,60.7360000610352,0.476000010967255,9.4700944386149,-12.2630558013916,38.0416679382324
2916005,"BA","ITANHEM",17031,"0",26.0335853874104,11.905,79.1520004272461,50.9889984130859,0.563000023365021,20.8485373245099,-17.166389465332,40.3300018310547
2916104,"BA","ITAPARICA",9446,"0",34.3956359460235,14.946,76.4889984130859,22.5049991607666,0.524999976158142,21.0310486233158,-12.8883333206177,38.6786117553711
2916203,"BA","ITAPE",5416,"0",27.5984865346094,13.927,96.3430023193359,50.5900001525879,0.535000026226044,12.6639387262617,-14.8983335494995,39.4211120605469
2916302,"BA","ITAPEBI",9820,"0",33.5589941972921,18.722,90.6829986572266,63.8409996032715,0.523999989032745,5.77767232174635,-15.9508333206177,39.5338897705078
2916401,"BA","ITAPETINGA",38495,"0",24.7954173486088,12.764,73.0630035400391,39.8969993591309,0.624000012874603,17.1822101333951,-15.2488889694214,40.2477760314941
2916500,"BA","ITAPICURU",15953,"0",38.1979320531758,20.718,90.2519989013672,67.6579971313477,0.476000010967255,12.5506893755069,-11.3166666030884,38.2333335876465
2916609,"BA","ITAPITANGA",6636,"0",23.0591259640103,19.966,91.1839981079102,54.6510009765625,0.610000014305115,10.9676364825106,-14.4227781295776,39.564998626709
2916708,"BA","ITAQUARA",5348,"0",25.5177907594264,13.57,92.8030014038086,64.734001159668,0.50900000333786,4.50626959247649,-13.4508333206177,39.9411125183105
2916807,"BA","ITARANTIM",12500,"0",14.9099318403116,15.704,89.2389984130859,53.0110015869141,0.467999994754791,20.0698722074101,-15.659722328186,40.0655555725098
2916856,"BA","ITATIM",8315,"0",25.624791736088,13.025,88.120002746582,55.6879997253418,0.485000014305115,4.82536120072942,-12.7119445800781,39.698055267334
2916906,"BA","ITIRUCU",9024,"0",24.3061909118634,16.853,88.0589981079102,50.7649993896484,0.514999985694885,12.067897410482,-13.5316667556763,40.150276184082
2917003,"BA","ITIUBA",21394,"0",36.6706799315633,17.323,87.125,48.3170013427734,0.507000029087067,18.9538523679693,-10.6916666030884,39.8536109924316
2917102,"BA","ITORORO",17989,"0",22.5331824261755,17.684,85.5910034179688,55.6020011901855,0.550999999046326,16.4548956476744,-15.1169443130493,40.0702781677246
2917201,"BA","ITUACU",10710,"0",30.385611118681,8.249,84.7040023803711,59.4550018310547,0.573000013828278,3.98611799702529,-13.8133335113525,41.2966651916504
2917300,"BA","ITUBERA",14189,"0",40.085221367699,16.707,89.4550018310547,56.0040016174316,0.578999996185303,9.28355196770938,-13.7322225570679,39.1491661071777
2917334,"BA","IUIU",7170,"0",17.5426136363636,13.591,87.6729965209961,63.2360000610352,0.51800000667572,13.1306800376058,-14.4138889312744,43.554443359375
2917359,"BA","JABORANDI",6103,"0",21.5945218879922,15.329,90.9649963378906,56.3849983215332,0.488000005483627,5.90717299578059,-13.6194448471069,44.4327774047852
2917409,"BA","JACARACI",10061,"0",22.8842563783447,6.877,86.3320007324219,54.4990005493164,0.44200000166893,7.80359028511088,-14.8497219085693,42.4333343505859
2917508,"BA","JACOBINA",49451,"1",8.44505626047403,19.151,78.4649963378906,40.1990013122559,0.63400000333786,23.1010976314269,-11.1805553436279,40.5183334350586
2917706,"BA","JAGUARARI",19127,"0",29.981718464351,11.592,85.302001953125,48.7229995727539,0.580999970436096,26.9314376358616,-10.2638893127441,40.1958351135254
2917805,"BA","JAGUARIPE",8127,"0",44.1165483750467,19.211,91.1210021972656,65.504997253418,0.572000026702881,9.71965276789526,-13.1133337020874,38.8955574035645
2917904,"BA","JANDAIRA",5807,"0",35.9473023839398,24.994,93.0920028686523,64.7850036621094,0.47299998998642,8.13648293963255,-11.5641670227051,37.7844429016113
2918001,"BA","JEQUIE",86067,"1",9.55979729133191,18.428,77.2129974365234,39.8450012207031,0.629000008106232,15.9248991935484,-13.8575000762939,40.083610534668
2918100,"BA","JEREMOABO",21433,"0",29.2312682452157,17.271,83.036003112793,68.4189987182617,0.488999992609024,8.15801422733464,-10.0749998092651,38.4808349609375
2918209,"BA","JIQUIRICA",8520,"0",26.5772019126947,15.023,89.4710006713867,56.1660003662109,0.48199999332428,13.2867132867133,-13.256667137146,39.5722236633301
2918308,"BA","JITAUNA",13005,"0",33.688512625894,18.123,94.0940017700195,64.6389999389648,0.462000012397766,5.35596026490066,-14.0188884735107,39.8888893127441
2918357,"BA","JOAO DOURADO",14091,"0",28.7653095001655,11.327,86.5380020141602,48.8839988708496,0.526000022888184,11.4011516314779,-11.3497219085693,41.6644439697266
2918407,"BA","JUAZEIRO",91535,"1",5.50928146759118,14.151,69.9349975585938,33.8059997558594,0.569999992847443,27.3650321941555,-9.41166687011719,40.4986114501953
2918456,"BA","JUCURUCU",10989,"0",27.4540477121627,11.403,93.9390029907227,67.3119964599609,0.476000010967255,11.2418675851512,-16.8427772521973,40.1588897705078
2918506,"BA","JUSSARA",9927,"0",39.2134276781307,11.595,91.7160034179688,46.5470008850098,0.589999973773956,14.0438022126891,-11.0469446182251,41.9694442749023
2918555,"BA","JUSSARI",5786,"0",29.0406504065041,19.111,90.8960037231445,50.8919982910156,0.521000027656555,20.5893323386796,-15.1913890838623,39.4952774047852
2918605,"BA","JUSSIAPE",6658,"0",6.35189498200296,9.073,78.8980026245117,42.5299987792969,0.479000002145767,12.0286953620287,-13.5166664123535,41.5924987792969
2918704,"BA","LAFAIETE COUTINHO",3893,"0",27.7497900923594,18.84,94.4260025024414,58.6769981384277,0.467000007629395,11.4119922630561,-13.6558332443237,40.2125015258789
2918753,"BA","LAGOA REAL",6753,"0",18.0523028883685,11.878,92.5309982299805,60.8120002746582,0.507000029087067,5.50386374388898,-14.034722328186,42.1422233581543
2918803,"BA","LAJE",13618,"0",34.3057859303347,26.051,84.995002746582,55.5709991455078,0.568000018596649,11.9086973632428,-13.182222366333,39.4249992370605
2918902,"BA","LAJEDAO",3732,"0",10.2524630541872,7.81,74.0400009155273,50.5099983215332,0.647000014781952,10.027161611589,-17.6136112213135,40.3447227478027
2919009,"BA","LAJEDINHO",4292,"0",23.7253289473684,8.703,94.4309997558594,55.2540016174316,0.45100000500679,8.07113543091655,-12.3558330535889,40.9055557250977
2919058,"BA","LAJEDO DO TABOCAL",5037,"0",27.7335456475584,12.432,94.1839981079102,62.351001739502,0.486000001430511,5.51558752997602,-13.4750003814697,40.2230567932129
2919108,"BA","LAMARAO",5897,"0",47.9220779220779,33.602,93.2689971923828,62.7779998779297,0.5,7.79267850670533,-11.7833337783813,38.9000015258789
2919157,"BA","LAPAO",16334,"0",23.6080922922588,7.151,81.9649963378906,42.7169990539551,0.533999979496002,22.2657362574765,-11.3833332061768,41.8319435119629
2919207,"BA","LAURO DE FREITAS",49917,"1",10.1909047001703,22.644,55.8959999084473,21.3619995117188,0.680999994277954,22.2821792237701,-12.8944444656372,38.327220916748
2919306,"BA","LENCOIS",4397,"0",35.6108312342569,16.884,85.1959991455078,44.265998840332,0.558000028133392,12.1592279855247,-12.5630559921265,41.3899993896484
2919405,"BA","LICINIO DE ALMEIDA",8583,"0",23.855421686747,13.648,84.9049987792969,47.1349983215332,0.528999984264374,24.1673023137554,-14.682222366333,42.5074996948242
2919504,"BA","LIVRAMENTO DE NOSSA SENHORA",23184,"0",19.545192861255,7.967,83.6050033569336,48.2000007629395,0.61599999666214,16.1931733492324,-13.6430559158325,41.8405570983887
2919603,"BA","MACAJUBA",8383,"0",19.6769745912941,10.98,93.3880004882812,59.4990005493164,0.465000003576279,10.2702010500704,-12.1361112594604,40.3600006103516
2919702,"BA","MACARANI",11972,"0",29.538188277087,18.366,85.5810012817383,60.2039985656738,0.591000020503998,13.4867540808135,-15.5683336257935,40.4230537414551
2919801,"BA","MACAUBAS",24116,"0",36.2266425557565,13.263,91.254997253418,70.0260009765625,0.578999996185303,14.9870448656757,-13.0194444656372,42.6986122131348
2919900,"BA","MACURURE",5193,"0",11.4774417451661,8.199,94.7959976196289,53.3730010986328,0.48199999332428,11.5463917525773,-9.16749954223633,39.0574989318848
2919926,"BA","MADRE DE DEUS",6485,"0",19.0333233263284,5.807,57.2070007324219,18.6389999389648,0.500999987125397,34.0353833192923,-12.7408332824707,38.6208343505859
2919959,"BA","MAETINGA",5790,"0",22.8862973760933,15.941,93.7099990844727,55.056999206543,0.458000004291534,5.1948051948052,-14.663332939148,41.4916648864746
2920007,"BA","MAIQUINIQUE",5428,"0",24.6136555212138,17.878,90.6630020141602,55.8569984436035,0.50900000333786,10.8353510895884,-15.6211109161377,40.2661094665527
2920106,"BA","MAIRI",14302,"0",36.9201392788948,18.821,89.7350006103516,44.2169990539551,0.564000010490417,11.0482019892884,-11.7113885879517,40.1488876342773
2920205,"BA","MALHADA",8961,"0",18.3511119146628,13.845,95.6490020751953,60.2089996337891,0.46900001168251,14.3178973717146,-14.3361110687256,43.7736129760742
2920304,"BA","MALHADA DE PEDRAS",5482,"0",14.9539333805811,11.135,83.4800033569336,63.5190010070801,0.500999987125397,5.40647198105762,-14.3880558013916,41.8791656494141
2920403,"BA","MANOEL VITORINO",11019,"0",36.8057951017592,11.076,90.265998840332,58.0279998779297,0.479999989271164,3.93633244376668,-14.1452779769897,40.2425003051758
2920452,"BA","MANSIDAO",6680,"0",15.6532716179255,7.096,94.5630035400391,49.7779998779297,0.449999988079071,13.0744980919197,-10.7163887023926,44.0344429016113
2920502,"BA","MARACAS",14776,"0",27.6322879620649,10.444,88.5139999389648,56.6949996948242,0.441000014543533,6.2905604719764,-13.4411115646362,40.4308319091797
2920601,"BA","MARAGOGIPE",30295,"0",37.9668049792531,20.303,87.4759979248047,54.4459991455078,0.575999975204468,15.0374028615005,-12.777777671814,38.9194450378418
2920700,"BA","MARAU",8899,"0",33.1693881566004,22.298,91.1340026855469,59.1259994506836,0.605000019073486,7.23930982745687,-14.1030559539795,39.014720916748
2920809,"BA","MARCIONILIO SOUZA",7652,"0",42.0721112076455,20.472,92.5429992675781,60.2729988098145,0.509999990463257,19.4831959416614,-13.0030555725098,40.5305557250977
2920908,"BA","MASCOTE",12160,"0",26.5693926026468,20.672,92.0910034179688,59.806999206543,0.574000000953674,8.721399730821,-15.5630559921265,39.3025016784668
2921005,"BA","MATA DE SAO JOAO",23980,"0",30.6841831425598,16.641,70.556999206543,41.4770011901855,0.540000021457672,19.9933890541625,-12.5302782058716,38.2991676330566
2921054,"BA","MATINA",6402,"0",25.9556494192186,9.649,96.254997253418,66.5250015258789,0.437999993562698,5.05238256167624,-13.90944480896,42.8494453430176
2921104,"BA","MEDEIROS NETO",17872,"0",25.4355086199115,15.888,71.9160003662109,49.7290000915527,0.563000023365021,22.6066107210139,-17.3738880157471,40.2205543518066
2921203,"BA","MIGUEL CALMON",17093,"0",22.2310693526555,11.873,91.0650024414062,49.2179985046387,0.58899998664856,18.2942996022978,-11.4288892745972,40.5950012207031
2921302,"BA","MILAGRES",7657,"0",19.7161682716675,13.273,84.8450012207031,48.3790016174316,0.541999995708466,6.16031308885346,-12.8699998855591,39.8588905334473
2921401,"BA","MIRANGABA",8899,"0",30.3434803841771,24.204,93.1439971923828,57.9720001220703,0.481000006198883,5.94071385359952,-10.9544448852539,40.5758323669434
2921450,"BA","MIRANTE",4462,"0",23.8852510134082,9.118,87.3280029296875,59.9099998474121,0.439000010490417,1.63645518630413,-14.2419443130493,40.7783317565918
2921500,"BA","MONTE SANTO",29993,"0",21.0379087489148,13.266,92.9260025024414,66.306999206543,0.522000014781952,15.9759407320472,-10.4377775192261,39.3327789306641
2921609,"BA","MORPARA",7628,"0",20.8915013470487,17.894,91.3720016479492,56.3619995117188,0.504000008106232,11.0287950796757,-11.5586109161377,43.280834197998
2921708,"BA","MORRO DO CHAPEU",20655,"0",36.7473309608541,12.21,86.1070022583008,47.0730018615723,0.532000005245209,12.7979924717691,-11.5500001907349,41.1561126708984
2921807,"BA","MORTUGABA",9755,"0",21.7415835997743,7.245,85.6100006103516,49.4300003051758,0.517000019550323,4.25649530127142,-15.0233335494995,42.3680572509766
2921906,"BA","MUCUGE",5352,"0",36.8328739664245,11.021,91.4359970092773,55.8800010681152,0.587000012397766,4.23991726990693,-13.005277633667,41.3708343505859
2922003,"BA","MUCURI",18028,"0",40.633147113594,15.215,65.0039978027344,59.8619995117188,0.550000011920929,11.7815908655993,-18.086389541626,39.5508346557617
2922052,"BA","MULUNGU DO MORRO",6484,"0",32.15859030837,18.645,88.0029983520508,49.734001159668,0.493000000715256,4.85135576608951,-11.9661111831665,41.6388893127441
2922102,"BA","MUNDO NOVO",8516,"0",35.8864139637879,14.162,90.7979965209961,51.0709991455078,0.542999982833862,19.6343343857846,-11.8588886260986,40.4724998474121
2922201,"BA","MUNIZ FERREIRA",3419,"0",26.6160764474424,17.191,88.4800033569336,52.8219985961914,0.48199999332428,9.78134110787172,-13.0027780532837,39.1100006103516
2922250,"BA","MUQUEM DO SAO FRANCISCO",4962,"0",26.2123613312203,11.629,93.9609985351562,63.060001373291,0.458999991416931,15.9912109375,-12.1986112594604,43.8327789306641
2922300,"BA","MURITIBA",15648,"0",40.4356301381473,20.282,77.5699996948242,37.2369995117188,0.522000014781952,19.3294313172917,-12.6263885498047,38.9900016784668
2922409,"BA","MUTUIPE",14004,"0",36.2352466458186,15.174,86.5429992675781,51.6640014648438,0.526000022888184,16.2050401810096,-13.2286109924316,39.5047225952148
2922508,"BA","NAZARE",19400,"0",37.3568155784651,19.083,78.2429962158203,45.757999420166,0.526000022888184,15.6927080386943,-13.0349998474121,39.0144462585449
2922607,"BA","NILO PECANHA",6674,"0",35.968992248062,18.231,87.6169967651367,62.3170013427734,0.467000007629395,15.8464400473533,-13.5994443893433,39.1069450378418
2922656,"BA","NORDESTINA",5972,"0",24.5546461242176,22.151,95.6060028076172,60.9860000610352,0.469999998807907,12.8034901365706,-10.8225002288818,39.426944732666
2922706,"BA","NOVA CANAA",10294,"0",23.9665721534099,15.585,89.6719970703125,56.5180015563965,0.537000000476837,20.2736039470733,-14.7941665649414,40.1425018310547
2922730,"BA","NOVA FATIMA",6337,"0",37.0405957242373,15.329,70.9020004272461,48.515998840332,0.586000025272369,10.7607699358387,-11.6072225570679,39.6319427490234
2922755,"BA","NOVA IBIA",5396,"0",35.4185284480191,12.002,88.431999206543,61.5349998474121,0.497999995946884,18.4090909090909,-13.8100004196167,39.6255569458008
2922805,"BA","NOVA ITARANA",4948,"0",32.1293329449461,24.244,93.3199996948242,67.4349975585938,0.472000002861023,3.6441828881847,-13.0269441604614,40.0686111450195
2922854,"BA","NOVA REDENCAO",5966,"0",24.5031309556221,15.57,92.0960006713867,55.9580001831055,0.510999977588654,14.390195690848,-12.8186111450195,41.0711097717285
2922904,"BA","NOVA SOURE",17476,"0",36.6406926406926,17.601,88.0960006713867,61.6599998474121,0.564999997615814,20.0292026409345,-11.2333335876465,38.4833335876465
2923001,"BA","NOVA VICOSA",17384,"0",43.08879554557,19.19,65.9229965209961,51.3549995422363,0.535000026226044,10.475636551635,-17.8919448852539,39.3719444274902
2923035,"BA","NOVO HORIZONTE",6062,"0",26.1053154495777,10.335,77.7509994506836,43.0750007629395,0.470999985933304,3.17313045091854,-12.8083333969116,42.1677780151367
2923050,"BA","NOVO TRIUNFO",4490,"0",15.0828025477707,9.683,94.9339981079102,66.8000030517578,0.43299999833107,31.5166529039361,-10.3222217559814,38.408332824707
2923100,"BA","OLINDINA",15596,"0",35.1162790697674,14.373,90.5139999389648,70.9520034790039,0.517000019550323,9.69983735028833,-11.3666667938232,38.3333320617676
2923209,"BA","OLIVEIRA DOS BREJINHOS",14950,"0",17.5758136094675,10.357,94.8000030517578,51.6689987182617,0.531000018119812,31.3625250055568,-12.3169441223145,42.896110534668
2923308,"BA","OURICANGAS",6077,"0",37.978772496539,23.148,87.5139999389648,59.2169990539551,0.477999985218048,11,-12.0166664123535,38.6166648864746
2923357,"BA","OUROLANDIA",9062,"0",21.9230769230769,10.802,90.5830001831055,66.9189987182617,0.551999986171722,10.1959216313475,-10.9702777862549,41.0830574035645
2923407,"BA","PALMAS DE MONTE ALTO",13255,"0",21.3420516668453,13.205,89.3769989013672,60.5419998168945,0.48199999332428,18.0470793374019,-14.26722240448,43.1619453430176
2923506,"BA","PALMEIRAS",5320,"0",22.1156273668266,13.04,85.0009994506836,40.6650009155273,0.600000023841858,10.3535846845087,-12.5288887023926,41.5588874816895
2923605,"BA","PARAMIRIM",13151,"0",18.9355918025931,11.453,91.495002746582,43.5880012512207,0.49099999666214,9.41205946216803,-13.4425001144409,42.2388877868652
2923704,"BA","PARATINGA",18286,"0",27.9686123788934,10.614,93.8290023803711,55.7150001525879,0.465999990701675,31.5006894897776,-12.6905555725098,43.1841659545898
2923803,"BA","PARIPIRANGA",18542,"0",33.4987168520103,14.883,77.5039978027344,53.3639984130859,0.564999997615814,6.76804812834225,-10.6875,37.8616676330566
2923902,"BA","PAU BRASIL",11391,"0",27.3990129775178,19.439,89.1019973754883,59.8880004882812,0.556999981403351,10.8252245508982,-15.4641666412354,39.6511116027832
2924009,"BA","PAULO AFONSO",58473,"1",8.39540402735027,11.944,58.5849990844727,34.4739990234375,0.583999991416931,34.3239542552986,-9.4061107635498,38.2147216796875
2924058,"BA","PE DE SERRA",9343,"0",31.0254545454545,14.816,93.2259979248047,43.5390014648438,0.439000010490417,9.65665236051502,-11.8338890075684,39.6124992370605
2924108,"BA","PEDRAO",8258,"0",37.2087319107187,22.301,90.5630035400391,49.048999786377,0.493000000715256,9.04147698533131,-12.1499996185303,38.6500015258789
2924207,"BA","PEDRO ALEXANDRE",6696,"0",23.1878088962109,22.129,96.2259979248047,80.4069976806641,0.483000010251999,6.81744749596123,-10.0136108398438,37.8941650390625
2924306,"BA","PIATA",13071,"0",36.1935406983673,11.595,94.4410018920898,49.851001739502,0.455000013113022,4.14245392661464,-13.1519441604614,41.772777557373
2924405,"BA","PILAO ARCADO",20660,"0",26.4672594987874,13.966,96.8140029907227,68.213996887207,0.456000000238419,17.1334244080146,-10.0030555725098,42.5044441223145
2924504,"BA","OURO BRANCO",10131,"0",22.5594045233324,11.353,92.3369979858398,54.4529991149902,0.554000020027161,11.2751584372171,-14.4925003051758,42.6872215270996
2924603,"BA","PINDOBACU",11292,"0",23.5362588755675,14.335,93.8610000610352,57.3759994506836,0.52999997138977,14.7615045177558,-10.7416667938232,40.3608322143555
2924652,"BA","PINTADAS",7676,"0",18.5398846230356,12.008,86.8899993896484,62.056999206543,0.446000009775162,20.1004324173525,-11.8125,39.9086112976074
2924678,"BA","PIRAI DO NORTE",5030,"0",41.2295081967213,19.52,90.1809997558594,67.8659973144531,0.526000022888184,6.58016682113068,-13.761944770813,39.3788871765137
2924702,"BA","PIRIPA",6950,"0",18.920210224558,11.462,86.7990036010742,60.1640014648438,0.474000006914139,6.0078431372549,-14.9399995803833,41.7200012207031
2924801,"BA","PIRITIBA",10112,"0",41.6963064295486,13.042,94.4720001220703,45.3030014038086,0.561999976634979,13.6151603498542,-11.7302780151367,40.5552787780762
2924900,"BA","PLANALTINO",5877,"0",25.0588543029035,16.401,91.3209991455078,66.8170013427734,0.474999994039536,8.16548720740338,-13.2588891983032,40.3688888549805
2925006,"BA","PLANALTO",14689,"0",35.6335078534031,13.477,89.9410018920898,62.9150009155273,0.479000002145767,5.4147465437788,-14.6697225570679,40.4711112976074
2925105,"BA","POCOES",22744,"0",31.4663430834078,14.834,82.1589965820312,54.0379981994629,0.495999991893768,11.0190052567732,-14.5297222137451,40.3652763366699
2925204,"BA","POJUCA",16728,"0",49.5942167360022,20.347,64.0210037231445,32.5730018615723,0.566999971866608,22.898662409864,-12.4305553436279,38.3277778625488
2925253,"BA","PONTO NOVO",7304,"0",27.4837694275034,12.551,93.8759994506836,59.3209991455078,0.48199999332428,18.7086359967716,-10.8627777099609,40.1336097717285
2925303,"BA","PORTO SEGURO",30666,"0",31.7681450692002,13.433,75.9420013427734,37.4869995117188,0.657999992370605,15.0874635568513,-16.4497222900391,39.0647239685059
2925402,"BA","POTIRAGUA",7819,"0",19.3010507080859,17.475,89.7360000610352,56.1479988098145,0.517000019550323,10.9368376430691,-15.5947217941284,39.8766670227051
2925501,"BA","PRADO",14362,"0",33.5645103431783,22.267,84.8440017700195,50.5699996948242,0.50900000333786,13.4561443408384,-17.3411102294922,39.220832824707
2925600,"BA","PRESIDENTE DUTRA",9679,"0",31.1188283255322,8.549,86.7839965820312,40.0110015869141,0.524999976158142,23.0569068899197,-11.2961111068726,41.9866676330566
2925709,"BA","PRESIDENTE JANIO QUADROS",8903,"0",14.2493206521739,18.769,91.5790023803711,66.3679962158203,0.416999995708466,4.28516278471239,-14.6894445419312,41.6783332824707
2925758,"BA","PRESIDENTE TANCREDO NEVES",11213,"0",44.1835211076422,19.241,93.2900009155273,64.7760009765625,0.391999989748001,8.03251002744353,-13.4486112594604,39.4213905334473
2925808,"BA","QUEIMADAS",17769,"0",32.6759860209685,16.378,92.4280014038086,55.2879981994629,0.513999998569489,16.2001749343996,-10.9783334732056,39.6263885498047
2925907,"BA","QUIJINGUE",16005,"0",22.2037257233452,20.016,94.5189971923828,71.6100006103516,0.462000012397766,15.1635963706351,-10.7524995803833,39.2091674804688
2925931,"BA","QUIXABEIRA",6294,"0",23.5429769392034,14.819,94.1139984130859,58.5260009765625,0.583000004291534,16.0525417946093,-11.4116668701172,40.1283340454102
2925956,"BA","RAFAEL JAMBEIRO",14384,"0",37.4262847514743,17.526,90.306999206543,58.8919982910156,0.486999988555908,11.6764614908753,-12.4083337783813,39.5013885498047
2926004,"BA","REMANSO",25561,"0",31.5126864226225,8.556,87.463996887207,55.8240013122559,0.575999975204468,20.3767950463309,-9.62166690826416,42.0813903808594
2926103,"BA","RETIROLANDIA",9425,"0",23.6590742101396,15.202,87.3399963378906,44.7840003967285,0.469999998807907,18.8445503275759,-11.4949998855591,39.4255561828613
2926202,"BA","RIACHAO DAS NEVES",15727,"0",27.4539586102145,19.447,93.0859985351562,54.2910003662109,0.5,11.1453479633248,-11.7461109161377,44.9099998474121
2926301,"BA","RIACHAO DO JACUIPE",22707,"0",32.166508987701,13.509,84.4980010986328,45.1829986572266,0.537999987602234,19.6691786340585,-11.8069448471069,39.385555267334
2926400,"BA","RIACHO DE SANTANA",19418,"0",28.2131661442006,14.206,92.4690017700195,56.0089988708496,0.509999990463257,9.32730979009421,-13.609167098999,42.9388885498047
2926509,"BA","RIBEIRA DO AMPARO",9899,"0",24.5993722121262,17.892,95.0169982910156,74.3410034179688,0.444000005722046,8.78588723625043,-11.0472221374512,38.4333343505859
2926608,"BA","RIBEIRA DO POMBAL",27200,"0",23.893567941634,11.547,84.0059967041016,55.9099998474121,0.583000004291534,13.6790414456885,-10.8344440460205,38.535831451416
2926657,"BA","RIBEIRAO DO LARGO",5823,"0",20.7106598984772,15.199,89.0260009765625,72.3450012207031,0.449999988079071,15.8813591139478,-15.4591665267944,40.7411117553711
2926707,"BA","RIO DE CONTAS",11107,"0",22.5877763328999,8.837,83.9690017700195,49.1990013122559,0.527999997138977,7.67984754645069,-13.5788888931274,41.8113899230957
2926806,"BA","RIO DO ANTONIO",8854,"0",24.3122306927411,13.803,88.8949966430664,58.6370010375977,0.510999977588654,8.57142857142857,-14.4113893508911,42.075553894043
2926905,"BA","RIO DO PIRES",9057,"0",21.2115952091651,11.989,86.9020004272461,49.2760009765625,0.483999997377396,8.7423862414905,-13.1277780532837,42.2919425964355
2927002,"BA","RIO REAL",17328,"0",37.3704663212435,16.014,82.1529998779297,51.2229995727539,0.601999998092651,7.3483722815075,-11.4847221374512,37.9327774047852
2927101,"BA","RODELAS",4106,"0",18.3068017366136,4.532,66.2419967651367,38.4809989929199,0.513999998569489,31.0034802784223,-8.84555530548096,38.7666664123535
2927200,"BA","RUY BARBOSA",19807,"0",40.2387168966803,16.315,89.9280014038086,53.5390014648438,0.716000020503998,17.6521410443328,-12.2838888168335,40.4938888549805
2927309,"BA","SALINAS DA MARGARIDA",6736,"0",40.3295948729686,12.475,83.4729995727539,36.3629989624023,0.467999994754791,17.0434216945845,-12.8711109161377,38.7644462585449
2927507,"BA","SANTA BARBARA",16023,"0",34.4126932728892,19.963,87.4629974365234,56.507999420166,0.5,10.4240282685512,-11.9583330154419,38.9749984741211
2927606,"BA","SANTA BRIGIDA",8882,"0",18.6747980880171,14.648,90.1569976806641,73.0599975585938,0.479000002145767,8.55109659356043,-9.73611068725586,38.1277770996094
2927705,"BA","SANTA CRUZ CABRALIA",7892,"0",33.3333333333333,13.299,81.1569976806641,45.5839996337891,0.601000010967255,11.8100128369705,-16.27805519104,39.0247230529785
2927804,"BA","SANTA CRUZ DA VITORIA",4137,"0",25.7487706750112,18.691,90.713996887207,59.2029991149902,0.52999997138977,9.24024640657084,-14.9611110687256,39.8116683959961
2927903,"BA","SANTA INES",9226,"0",31.9967923015237,18.511,90.7610015869141,60.2610015869141,0.523000001907349,9.5753953430457,-13.2922220230103,39.8188896179199
2928000,"BA","SANTALUZ",21685,"0",28.9540988019922,12.531,87.6269989013672,47.3479995727539,0.563000023365021,17.6075740119221,-11.2558336257935,39.3747215270996
2928059,"BA","SANTA LUZIA",10373,"0",27.3517189270873,24.658,87.3779983520508,54.5349998474121,0.521000027656555,10.3157680982841,-15.4294443130493,39.3341674804688
2928109,"BA","SANTA MARIA DA VITORIA",25239,"0",24.8993779729235,14.051,86.8949966430664,54.8660011291504,0.601000010967255,11.2851300791786,-13.3947219848633,44.1886100769043
2928208,"BA","SANTANA",17131,"0",23.0675381263617,12.364,83.0469970703125,49.3160018920898,0.577000021934509,13.6614830998586,-12.9833335876465,44.0511093139648
2928307,"BA","SANTANOPOLIS",8372,"0",25.783174938402,17.188,91.943000793457,54.023998260498,0.441000014543533,9.19212491513917,-12.0166664123535,38.8666648864746
2928406,"BA","SANTA RITA DE CASSIA",15775,"0",24.5413890663503,8.897,92.8690032958984,49.3639984130859,0.508000016212463,20.0710850930378,-11.0086107254028,44.5194435119629
2928505,"BA","SANTA TERESINHA",6611,"0",27.1714922048998,14.722,91.4700012207031,58.7729988098145,0.508000016212463,7.98319327731092,-12.7719440460205,39.5233345031738
2928604,"BA","SANTO AMARO",39166,"0",47.3759347382733,20.131,73.5240020751953,34.6959991455078,0.574000000953674,26.8005730974817,-12.546667098999,38.7119445800781
2928703,"BA","SANTO ANTONIO DE JESUS",44012,"1",8.83944678292243,15.523,71.822998046875,34.5750007629395,0.59500002861023,13.621481688282,-12.9688892364502,39.2613906860352
2928802,"BA","SANTO ESTEVAO",25753,"0",46.5494944744886,17.817,79.9410018920898,48.8419990539551,0.509999990463257,10.6051604141911,-12.4302778244019,39.2513885498047
2928901,"BA","SAO DESIDERIO",12678,"0",20.7477044162659,8.503,82.0749969482422,65.7590026855469,0.582000017166138,7.0499330399847,-12.3633337020874,44.973331451416
2928950,"BA","SAO DOMINGOS",6411,"0",15.4206519617412,7.989,88.875,43.4889984130859,0.46000000834465,26.0155721056195,-11.46555519104,39.5261116027832
2929008,"BA","SAO FELIX",9417,"0",41.0667963683528,22.722,82.5120010375977,41.9889984130859,0.563000023365021,18.6507936507937,-12.6047220230103,38.9722213745117
2929057,"BA","SAO FELIX DO CORIBE",8716,"0",27.0523415977961,16.64,82.2320022583008,53.9519996643066,0.495000004768372,12.6868483858812,-13.4005556106567,44.1947212219238
2929107,"BA","SAO FELIPE",15793,"0",43.4044933345763,20.069,88.9280014038086,46.935001373291,0.485000014305115,7.93521165101402,-12.847222328186,39.0894432067871
2929206,"BA","SAO FRANCISCO DO CONDE",14391,"0",33.7370494673865,14.995,78.5179977416992,35.7890014648438,0.633000016212463,30.3111111111111,-12.6274995803833,38.6800003051758
2929255,"BA","SAO GABRIEL",12099,"0",28.316715542522,11.238,90.3410034179688,49.1500015258789,0.462000012397766,20.057824358511,-11.2291669845581,41.9119453430176
2929305,"BA","SAO GONCALO DOS CAMPOS",12960,"0",32.7993189381627,18.004,85.4919967651367,45.9480018615723,0.586000025272369,11.4525978576434,-12.4333333969116,38.966667175293
2929354,"BA","SAO JOSE DA VITORIA",5494,"0",26.5451947123973,20.543,93.818000793457,61.3310012817383,0.490000009536743,9.04166666666667,-15.0844440460205,39.339168548584
2929370,"BA","SAO JOSE DO JACUIPE",6494,"0",33.4826188952868,16.99,82.4530029296875,64.0189971923828,0.46000000834465,8.19505587538097,-11.5038890838623,40.0222206115723
2929404,"BA","SAO MIGUEL DAS MATAS",7216,"0",44.9909396841833,17.748,85.5879974365234,52.2459983825684,0.504999995231628,13.1662942866262,-13.0477781295776,39.4555549621582
2929503,"BA","SAO SEBASTIAO DO PASSE",26577,"0",38.483831604637,17.952,66.5820007324219,39.2379989624023,0.558000028133392,29.454365895811,-12.5124998092651,38.4952774047852
2929602,"BA","SAPEACU",12888,"0",28.0600025211143,16.752,82.4580001831055,48.3930015563965,0.512000024318695,11.4095676643643,-12.727499961853,39.1819458007812
2929701,"BA","SATIRO DIAS",9867,"0",21.8476062036413,16.54,92.4169998168945,61.1110000610352,0.428000003099442,15.1892890120037,-11.6000003814697,38.5999984741211
2929750,"BA","SAUBARA",7842,"0",28.8173100565527,13.612,83.1940002441406,38.6809997558594,0.551999986171722,15.2567478604345,-12.7375001907349,38.768611907959
2929800,"BA","SAUDE",9343,"0",26.4664476771469,15.474,91.8030014038086,55.7809982299805,0.483999997377396,14.8318747121142,-10.9411115646362,40.418888092041
2929909,"BA","SEABRA",22292,"0",28.058748403576,10.222,81.4589996337891,42.3600006103516,0.533999979496002,27.3577317514579,-12.4186115264893,41.7702789306641
2930006,"BA","SEBASTIAO LARANJEIRAS",5831,"0",17.9216090768437,11.568,87.7630004882812,56.8110008239746,0.626999974250793,5.67242674680691,-14.573055267334,42.9402770996094
2930105,"BA","SENHOR DO BONFIM",42710,"1",9.14111661534342,13.879,80.6800003051758,38.0149993896484,0.629000008106232,15.3859693236108,-10.4613885879517,40.1894454956055
2930154,"BA","SERRA DO RAMALHO",19008,"0",18.1563235028044,12.787,95.6890029907227,50.1230010986328,0.556999981403351,6.4775930506817,-13.5625,43.5966682434082
2930204,"BA","SENTO SE",20168,"0",21.1071917068606,8.55,91.0989990234375,57.7070007324219,0.630999982357025,10.6135703298581,-9.74583339691162,41.8852767944336
2930303,"BA","SERRA DOURADA",12170,"0",25.2567816697393,11.35,91.5350036621094,56.1049995422363,0.483000010251999,4.99954877718617,-12.7611112594604,43.9497222900391
2930402,"BA","SERRA PRETA",15710,"0",29.7058506626441,17.015,91.5749969482422,55.8720016479492,0.446999996900558,9.24387954069473,-12.1602773666382,39.3316650390625
2930501,"BA","SERRINHA",49296,"1",10.6721435859868,17.649,81.8460006713867,39.318000793457,0.578999996185303,21.0172744721689,-11.6641664505005,39.0074996948242
2930600,"BA","SERROLANDIA",9886,"0",31.324027072758,15.508,90.2030029296875,50.9020004272461,0.514999985694885,12.3732025415227,-11.4158334732056,40.3016662597656
2930709,"BA","SIMOES FILHO",43061,"1",12.2139296631875,17.259,63.0950012207031,23.011999130249,0.519999980926514,22.507016235035,-12.78444480896,38.4038887023926
2930758,"BA","SITIO DO MATO",5649,"0",16.7391860762734,15.362,91.5830001831055,58.25,0.448000013828278,6.02809207959423,-13.0847225189209,43.4652786254883
2930766,"BA","SITIO DO QUINTO",6952,"0",24.2714570858283,12.789,87.109001159668,69.0989990234375,0.505999982357025,5.15014781391007,-10.3500003814697,38.216667175293
2930774,"BA","SOBRADINHO",16681,"0",30.0339192106075,10.682,71.9130020141602,35.2610015869141,0.686999976634979,26.9692923898531,-9.45527744293213,40.8233337402344
2930808,"BA","SOUTO SOARES",9440,"0",43.9213564213564,11.593,91.8529968261719,43.9000015258789,0.522000014781952,4.1840036985668,-12.0886106491089,41.6377792358398
2930907,"BA","TABOCAS DO BREJO VELHO",7812,"0",22.7546035325066,10.534,94.6829986572266,63.3769989013672,0.451999992132187,10.1027645100593,-12.7058334350586,44.0066680908203
2931004,"BA","TANHACU",13673,"0",22.4316174886927,9.92,88.1179962158203,63.3390007019043,0.569999992847443,5.36097802742442,-14.0213890075684,41.2480545043945
2931053,"BA","TANQUE NOVO",8150,"0",34.976256754544,13.368,79.1100006103516,62.0190010070801,0.577000021934509,10.197889182058,-13.5463886260986,42.4913902282715
2931103,"BA","TANQUINHO",8921,"0",41.2952869509458,22.228,84.4189987182617,44.3380012512207,0.51800000667572,18.3766690091356,-11.9786109924316,39.103889465332
2931202,"BA","TAPEROA",10810,"0",43.0388497165768,16.48,91.4560012817383,59.326000213623,0.574000000953674,11.0924193039638,-13.5380554199219,39.0986099243164
2931301,"BA","TAPIRAMUTA",6142,"0",29.0019286403086,13.078,92.1839981079102,56.9500007629395,0.467000007629395,19.2146765368523,-11.847222328186,40.791389465332
2931350,"BA","TEIXEIRA DE FREITAS",58275,"1",9.24777498118789,27.232,64.1070022583008,41.5379981994629,0.603999972343445,24.2825564998666,-17.5349998474121,39.741943359375
2931400,"BA","TEODORO SAMPAIO",6943,"0",35.105467068446,21.677,86.9150009155273,47.625,0.572000026702881,20.7153729071537,-12.2933330535889,38.6283340454102
2931509,"BA","TEOFILANDIA",14260,"0",42.515348501264,20.17,92.7170028686523,58.9720001220703,0.705999970436096,14.7946906776372,-11.4886112213135,38.9977760314941
2931608,"BA","TEOLANDIA",8387,"0",46.7416158536585,20.949,85.463996887207,68.2020034790039,0.512000024318695,9.05343511450382,-13.6016664505005,39.4913902282715
2931707,"BA","TERRA NOVA",8923,"0",28.2900763358779,19.739,87.3730010986328,42.2929992675781,0.512000024318695,23.8453276047261,-12.3916664123535,38.625
2931806,"BA","TREMEDAL",15635,"0",20.1089531027949,13.359,89.3420028686523,67.8489990234375,0.507000029087067,3.55623736141134,-14.975832939148,41.410831451416
2931905,"BA","TUCANO",27584,"0",26.0461359850588,14.965,85.8470001220703,61.3819999694824,0.504999995231628,15.1910200866483,-10.9630556106567,38.7866668701172
2932002,"BA","UAUA",17409,"0",14.2332268370607,10.62,89.2160034179688,53.7639999389648,0.541000008583069,20.2034067511075,-9.84138870239258,39.4816665649414
2932101,"BA","UBAIRA",12572,"0",38.0083833692081,14.808,94.3270034790039,49.8079986572266,0.509999990463257,11.4360086767896,-13.2680559158325,39.6627769470215
2932200,"BA","UBAITABA",18509,"0",38.8542388542389,18.162,84.6900024414062,48.1069984436035,0.647000014781952,9.72109565108879,-14.3125,39.3233337402344
2932309,"BA","UBATA",18851,"0",39.1996557659208,20.495,83.4010009765625,49.6440010070801,0.677999973297119,13.4515061423683,-14.2138891220093,39.522777557373
2932408,"BA","UIBAI",9794,"0",30.2871256560667,11.583,87.5410003662109,33.8209991455078,0.47299998998642,26.6759423222869,-11.3369445800781,42.1324996948242
2932457,"BA","UMBURANAS",7088,"0",26.0909935004643,9.77,95.9449996948242,66.4309997558594,0.444000005722046,3.40080971659919,-10.73277759552,41.3263893127441
2932507,"BA","UNA",17409,"0",27.3000333741239,16.839,86.7850036621094,49.8839988708496,0.532999992370605,11.8380276840438,-15.2933330535889,39.0752792358398
2932606,"BA","URANDI",11097,"0",12.6798217695735,9.489,89.5070037841797,55.1920013427734,0.531000018119812,11.971755643522,-14.7713890075684,42.6549987792969
2932705,"BA","URUCUCA",18429,"0",36.8525304545905,20.71,91.1999969482422,50.7150001525879,0.519999980926514,15.6531805995613,-14.5930557250977,39.2844429016113
2932804,"BA","UTINGA",9934,"0",27.0881006864989,16.244,87.6429977416992,58.5419998168945,0.5,9.68226458694396,-12.0816669464111,41.0944442749023
2932903,"BA","VALENCA",39041,"0",42.2555968839919,18.361,76.6269989013672,44.773998260498,0.582000017166138,16.6003206723061,-13.3702774047852,39.073055267334
2933000,"BA","VALENTE",13674,"0",21.4158977998581,10.007,84.0559997558594,46.4860000610352,0.528999984264374,27.4899772030501,-11.4122219085693,39.4619445800781
2933059,"BA","VARZEA DA ROCA",8493,"0",33.3624454148472,17.914,93.0230026245117,56.1319999694824,0.5,9.96216897856242,-11.6066665649414,40.1372222900391
2933109,"BA","VARZEA DO POCO",6830,"0",38.9368151084169,14.289,89.1190032958984,43.3019981384277,0.504999995231628,13.5062893081761,-11.5291662216187,40.3202781677246
2933158,"BA","VARZEA NOVA",9837,"0",28.8850556688098,19.536,93.3949966430664,58.1990013122559,0.44200000166893,15.6780549151121,-11.2586107254028,40.9419441223145
2933174,"BA","VARZEDO",6633,"0",30.7967557251908,15.047,89.8560028076172,58.056999206543,0.523000001907349,8.59584450402145,-12.9716663360596,39.3938903808594
2933208,"BA","VERA CRUZ",17091,"0",33.9760033098883,12.43,74.7620010375977,26.5090007781982,0.589999973773956,20.8580170561812,-12.960277557373,38.6086120605469
2933257,"BA","VEREDA",6845,"0",22.1584699453552,11.869,85.0550003051758,59.101001739502,0.601000010967255,9.62804224705342,-17.2224998474121,40.0849990844727
2933307,"BA","VITORIA DA CONQUISTA",134043,"1",9.48361622480898,16.039,64.1340026855469,34.5299987792969,0.597000002861023,16.2387336818809,-14.8661108016968,40.8394432067871
2933406,"BA","WAGNER",5063,"0",21.4185195609344,18.157,88.3239974975586,47.0909996032715,0.537000000476837,12.8838451268358,-12.2869443893433,41.1683349609375
2933455,"BA","WANDERLEY",8277,"0",26.5189289012004,14.709,84.8949966430664,63.3720016479492,0.570999979972839,9.84173427317462,-12.1199998855591,43.8875007629395
2933505,"BA","WENCESLAU GUIMARAES",10000,"0",29.8476674071723,19.034,91.8769989013672,66.5899963378906,0.486999988555908,15.4619970193741,-13.6869440078735,39.4794425964355
2933604,"BA","XIQUE XIQUE",30687,"0",28.4699146260416,12.295,84.4869995117188,47.4459991455078,0.537000000476837,20.9334448038966,-10.8216667175293,42.7311096191406
3100104,"MG","ABADIA DOS DOURADOS",5302,"0",21.7321387548817,11.016,59.6500015258789,22.4549999237061,0.477999985218048,7.46830427892235,-18.4855556488037,47.4030570983887
3100203,"MG","ABAETE",15263,"0",32.1236133122029,13.311,64.9489974975586,19.9659996032715,0.517000019550323,8.89897531118905,-19.1599998474121,45.4458351135254
3100302,"MG","ABRE CAMPO",9037,"0",35.0176104036846,12.375,80.5879974365234,26.7849998474121,0.524999976158142,9.13509135091351,-20.3011112213135,42.4775009155273
3100401,"MG","ACAIACA",2780,"0",44.571975131516,13.319,79.8310012817383,33.7770004272461,0.573000013828278,9.91831971995333,-20.3624992370605,43.1447219848633
3100500,"MG","ACUCENA",8752,"0",40.9577015163607,17.721,87.1500015258789,46.0579986572266,0.546000003814697,19.5554202192448,-19.073055267334,42.5463905334473
3100609,"MG","AGUA BOA",10399,"0",38.6331500392773,19.022,87.8970031738281,60.875,0.546999990940094,3.40909090909091,-17.9961109161377,42.3888893127441
3100708,"MG","AGUA COMPRIDA",1979,"0",32.5383304940375,6.84,37.5149993896484,19.3700008392334,0.47299998998642,12.9411764705882,-20.0563888549805,48.1088905334473
3100807,"MG","AGUANIL",2336,"0",38.0564863571087,14.402,69.5920028686523,29.1259994506836,0.479000002145767,8.17107093184979,-20.9424991607666,45.3927764892578
3100906,"MG","AGUAS FORMOSAS",11816,"0",19.2271218587008,12.158,84.7460021972656,56.4780006408691,0.640999972820282,12.4349988695456,-17.0822219848633,40.9358329772949
3101003,"MG","AGUAS VERMELHAS",7413,"0",25.9571350064114,15.465,81.4339981079102,60.4220008850098,0.578000009059906,3.46704631102923,-15.7472219467163,41.4599990844727
3101102,"MG","AIMORES",18787,"0",34.0951160472732,13.962,71.5240020751953,32.7319984436035,0.560999989509583,10.2782198320803,-19.4958324432373,41.0638885498047
3101201,"MG","AIURUOCA",4517,"0",33.4121976866456,12.284,69.8079986572266,27.9939994812012,0.550000011920929,10.5091078935077,-21.9755554199219,44.6030540466309
3101300,"MG","ALAGOA",2067,"0",29.3471981513576,9.441,76.3850021362305,27.2089996337891,0.578000009059906,4.87935656836461,-22.1705551147461,44.6419448852539
3101409,"MG","ALBERTINA",2030,"0",34.1224018475751,18.408,37.3199996948242,32.1969985961914,0.449000000953674,4.69508904479223,-22.200834274292,46.6158332824707
3101508,"MG","ALEM PARAIBA",24642,"0",18.3002694097477,11.896,45.6940002441406,17.5769996643066,0.555000007152557,23.5830728946702,-21.8877773284912,42.7044448852539
3101607,"MG","ALFENAS",36589,"0",38.1865346770827,13.176,32.5769996643066,13.9049997329712,0.556999981403351,14.2320448475243,-21.4291667938232,45.9472236633301
3101631,"MG","ALFREDO VASCONCELOS",3494,"0",34.2020592020592,13.824,78.4680023193359,26.253999710083,0.524999976158142,8.35812016656752,-21.1452770233154,43.7769432067871
3101706,"MG","ALMENARA",22671,"0",37.0145706960165,15.054,76.0540008544922,48.7750015258789,0.684000015258789,13.7668051821071,-16.1836109161377,40.6944427490234
3101805,"MG","ALPERCATA",5052,"0",21.7565872020075,8.33,76.1449966430664,39.3470001220703,0.490000009536743,12.5184456468273,-18.9741668701172,41.9702758789062
3101904,"MG","ALPINOPOLIS",10717,"0",36.0677618069815,8.882,52.4339981079102,21.2940006256104,0.555000007152557,11.2317985045258,-20.8636112213135,46.388053894043
3102001,"MG","ALTEROSA",8252,"0",42.8409573714771,15.33,64.1279983520508,27.9220008850098,0.495999991893768,7.14099895941727,-21.2491664886475,46.1430549621582
3102050,"MG","ALTO CAPARAO",2482,"0",25.0990752972259,11.375,61.6669998168945,25.3889999389648,0.541999995708466,11.2751584372171,-20.4333324432373,41.8683319091797
3102100,"MG","ALTO RIO DOCE",11293,"0",39.1035353535353,19.975,87.4899978637695,31.2730007171631,0.541999995708466,5.53941325335083,-21.0258331298828,43.4113883972168
3102209,"MG","ALVARENGA",4703,"0",35.5801475519785,9.227,82.7620010375977,37.0830001831055,0.512000024318695,23.217680608365,-19.4172229766846,41.7286109924316
3102308,"MG","ALVINOPOLIS",10892,"0",33.9024650517554,14.117,78.6869964599609,18.4260005950928,0.593999981880188,18.1472208312469,-20.1066665649414,43.0488891601562
3102407,"MG","ALVORADA DE MINAS",2676,"0",32.9457364341085,16.204,90.1520004272461,41.9329986572266,0.540000021457672,2.26280269948392,-18.7361106872559,43.3652763366699
3102506,"MG","AMPARO DO SERRA",5080,"0",34.870574233859,17.633,79.890998840332,34.4420013427734,0.522000014781952,8.48822800495663,-20.5072231292725,42.8025016784668
3102605,"MG","ANDRADAS",19214,"0",30.607424071991,20.745,22.5139999389648,22.5060005187988,0.481000006198883,7.24282524641943,-22.0680561065674,46.5691680908203
3102704,"MG","CACHOEIRA DE PAJEU",6050,"0",29.4146341463415,12.931,89.9700012207031,55.9669990539551,0.53600001335144,8.53924418604651,-15.9661111831665,41.4980545043945
3102803,"MG","ANDRELANDIA",9996,"0",30.5151915455746,14.372,71.6320037841797,24.6949996948242,0.59799998998642,12.7400371670452,-21.7397212982178,44.3091659545898
3102852,"MG","ANGELANDIA",4167,"0",36.4316239316239,20.645,89.4290008544922,53.4379997253418,0.513999998569489,11.2751584372171,-17.602222442627,42.1624984741211
3102902,"MG","ANTONIO CARLOS",8060,"0",27.2251308900524,17.417,76.3759994506836,27.9820003509521,0.522000014781952,13.5695538057743,-21.3180561065674,43.7466659545898
3103009,"MG","ANTONIO DIAS",6769,"0",36.5079365079365,19.162,80.1480026245117,40.2929992675781,0.51800000667572,18.9760981912145,-19.6527786254883,42.8722229003906
3103108,"MG","ANTONIO PRADO DE MINAS",1578,"0",31.6678912564291,8.499,81.8320007324219,24.125,0.53600001335144,19.8514517218096,-21.0161113739014,42.1094436645508
3103207,"MG","ARACAI",1669,"0",27.2727272727273,7.583,58.390998840332,16.4570007324219,0.507000029087067,10.2088167053364,-19.1986103057861,44.2480545043945
3103306,"MG","ARACITABA",1831,"0",29.300196206671,9.484,77.1149978637695,33.0880012512207,0.538999974727631,6.96395846059866,-21.3425006866455,43.3783340454102
3103405,"MG","ARACUAI",22936,"0",38.7644087553426,16.405,75.234001159668,45.2509994506836,0.537000000476837,18.0417425409721,-16.8497219085693,42.0702781677246
3103504,"MG","ARAGUARI",67781,"1",8.52578777269055,12.036,35.6749992370605,14.6160001754761,0.533999979496002,11.111281047351,-18.6472225189209,48.1872215270996
3103603,"MG","ARANTINA",2213,"0",32.0794148380355,9.339,69.1510009765625,29.4559993743896,0.523999989032745,20.2681794739556,-21.911111831665,44.2558326721191
3103702,"MG","ARAPONGA",5046,"0",23.7671581087951,23.509,86.8130035400391,50.3489990234375,0.550000011920929,13.7455608940882,-20.6666660308838,42.5208320617676
3103751,"MG","ARAPORA",3595,"0",32.0411871592974,7.199,37.5369987487793,20.4009990692139,0.451999992132187,12.2937293729373,-18.4361114501953,49.185001373291
3103801,"MG","ARAPUA",2587,"0",30.8500914076782,8.759,50.5830001831055,21.7159996032715,0.497999995946884,4.64584920030465,-19.0338897705078,46.1555557250977
3103900,"MG","ARAUJOS",4416,"0",28.3787429188023,9.393,56.9370002746582,23.3299999237061,0.497000008821487,8.75363724539282,-19.948055267334,45.1655540466309
3104007,"MG","ARAXA",52901,"1",10.190958690569,9.21,36.7760009765625,13.5939998626709,0.537000000476837,12.3655280722419,-19.593334197998,46.9405555725098
3104106,"MG","ARCEBURGO",5914,"0",51.187178472497,16.173,51.9459991455078,26.4580001831055,0.5,10.875756496974,-21.3641662597656,46.939998626709
3104205,"MG","ARCOS",20531,"0",41.1522419186653,8.409,47.6199989318848,16.2180004119873,0.514999985694885,12.0396673725531,-20.2819442749023,45.5394439697266
3104304,"MG","AREADO",8375,"0",39.7509578544061,13.396,48.6059989929199,21.0429992675781,0.50900000333786,8.01341781587775,-21.3586120605469,46.1455574035645
3104403,"MG","ARGIRITA",2672,"0",26.2417582417582,11.265,79.1269989013672,27.5020008087158,0.560999989509583,11.2433862433862,-21.6100006103516,42.8361129760742
3104452,"MG","ARICANDUVA",2660,"0",28.2442748091603,13.272,90.8259963989258,62.6469993591309,0.493000000715256,11.2751584372171,-17.8672218322754,42.5569458007812
3104502,"MG","ARINOS",10728,"0",31.1089840010939,12.737,78.7939987182617,37.4309997558594,0.541999995708466,14.4774384444679,-15.9169445037842,46.1055564880371
3104601,"MG","ASTOLFO DUTRA",8698,"0",24.7827885808854,11.093,61.4290008544922,20.4710006713867,0.564000010490417,10.1200686106346,-21.3152770996094,42.8622207641602
3104700,"MG","ATALEIA",12415,"0",31.6819317235637,15.632,87.8619995117188,56.4659996032715,0.546000003814697,11.3516277484234,-18.0436115264893,41.1100006103516
3104809,"MG","AUGUSTO DE LIMA",4150,"0",41.9431279620853,14.024,78.6880035400391,35.2389984130859,0.477999985218048,4.96910401647786,-18.109167098999,44.2669448852539
3104908,"MG","BAEPENDI",11787,"0",29.4055810397554,15.059,78.0989990234375,24.5419998168945,0.65499997138977,15.1084778252156,-21.9588890075684,44.8899993896484
3105004,"MG","BALDIM",6575,"0",33.284023668639,11.411,69.818000793457,24.693000793457,0.513999998569489,8.44480257856567,-19.2883338928223,43.9569435119629
3105103,"MG","BAMBUI",15885,"0",38.4833180287726,12.534,47.2290000915527,19.4370002746582,0.514999985694885,8.53148680428534,-20.0063896179199,45.9769439697266
3105202,"MG","BANDEIRA",4611,"0",27.3706896551724,16.743,90.1750030517578,62.3429985046387,0.522000014781952,7.15873721654069,-15.8847217559814,40.5594444274902
3105301,"MG","BANDEIRA DO SUL",3396,"0",34.6245327896704,13.997,38.8860015869141,27.2399997711182,0.462000012397766,6.41065345308145,-21.7280559539795,46.3858337402344
3105400,"MG","BARAO DE COCAIS",14735,"0",29.1608608143676,12.522,47.4010009765625,16.4379997253418,0.490000009536743,24.9764304880702,-19.9458332061768,43.4872207641602
3105509,"MG","BARAO DE MONTE ALTO",4722,"0",24.1268135411069,14.771,81.9349975585938,31.6410007476807,0.523000001907349,13.007769145394,-21.2450008392334,42.2374992370605
3105608,"MG","BARBACENA",72057,"1",10.2869324370585,11.236,49.6469993591309,14.2720003128052,0.5799999833107,14.9344395881176,-21.2258338928223,43.7736129760742
3105707,"MG","BARRA LONGA",6909,"0",36.6765202702703,15.365,84.0490036010742,30.193000793457,0.542999982833862,5.63622170179547,-20.2827777862549,43.0411109924316
3105905,"MG","BARROSO",13925,"0",32.839670521674,10.398,63.7369995117188,14.9720001220703,0.519999980926514,13.859676659865,-21.1869449615479,43.9758338928223
3106002,"MG","BELA VISTA DE MINAS",7253,"0",39.9905719673161,12.227,70.0859985351562,17.5949993133545,0.477999985218048,27.6806678841638,-19.8302783966064,43.0911102294922
3106101,"MG","BELMIRO BRAGA",2752,"0",28.1882145998241,14.543,76.3740005493164,28.9740009307861,0.578999996185303,11.0606685926537,-21.9486103057861,43.4150009155273
3106309,"MG","BELO ORIENTE",13314,"0",35.7057177129148,7.437,67.5459976196289,37.0579986572266,0.467999994754791,22.4444626608738,-19.2199993133545,42.4836120605469
3106408,"MG","BELO VALE",6000,"0",34.0155945419103,11.518,73.1169967651367,22.8840007781982,0.474000006914139,13.1367292225201,-20.4077777862549,44.0244445800781
3106507,"MG","BERILO",7685,"0",40.6432748538012,14.562,70.3079986572266,46.4249992370605,0.537000000476837,6.70056497175141,-16.9516658782959,42.4655570983887
3106606,"MG","BERTOPOLIS",4298,"0",23.4728234728235,11.067,85.6360015869141,58.2490005493164,0.563000023365021,12.7589691763517,-17.0630550384521,40.5744438171387
3106655,"MG","BERIZAL",2596,"0",23.9152892561983,14.382,86.9899978637695,58.1520004272461,0.499000012874603,11.2751584372171,-15.6133337020874,41.7449989318848
3106705,"MG","BETIM",125978,"1",10.671293967743,15.174,47.9519996643066,18.6539993286133,0.531000018119812,18.3095066185319,-19.9677772521973,44.1983337402344
3106804,"MG","BIAS FORTES",3611,"0",17.9790026246719,13.425,77.125,25.5109996795654,0.476000010967255,10.7283167119976,-21.6061115264893,43.7569427490234
3106903,"MG","BICAS",9386,"0",30.6484478005514,12.719,46.6069984436035,14.8690004348755,0.575999975204468,16.9876819708847,-21.7252769470215,43.0594444274902
3107000,"MG","BIQUINHAS",2049,"0",30.5361305361305,9.536,73.322998046875,23.8819999694824,0.512000024318695,5.30697190426639,-18.7827777862549,45.5022239685059
3107109,"MG","BOA ESPERANCA",22178,"0",40.1661024121879,15.376,55.1069984436035,20.3430004119873,0.628000020980835,7.48407643312102,-21.0900001525879,45.5658340454102
3107208,"MG","BOCAINA DE MINAS",3881,"0",21.3709677419355,14.256,76.6360015869141,26.4890003204346,0.547999978065491,11.1714285714286,-22.1674995422363,44.3947219848633
3107307,"MG","BOCAIUVA",27115,"0",40.071698864768,13.58,74.3219985961914,34.1619987487793,0.625,13.2838451630398,-17.1077785491943,43.814998626709
3107406,"MG","BOM DESPACHO",26320,"0",28.9370414605016,10.393,39.0229988098145,15.2770004272461,0.532000005245209,13.7928277295806,-19.7363891601562,45.2522239685059
3107505,"MG","BOM JARDIM DE MINAS",4948,"0",27.3106153468987,11.481,60.6279983520508,22.9860000610352,0.550000011920929,12.2160717694216,-21.9472217559814,44.1911125183105
3107604,"MG","BOM JESUS DA PENHA",2360,"0",30.8309726156752,7.205,52.5620002746582,26.4930000305176,0.510999977588654,2.93203020879609,-21.0169448852539,46.5224990844727
3107703,"MG","BOM JESUS DO AMPARO",3458,"0",34.0169270833333,15.138,80.7689971923828,23.80299949646,0.556999981403351,12.0163573450771,-19.7036113739014,43.4736099243164
3107802,"MG","BOM JESUS DO GALHO",12148,"0",33.5358945308477,11.913,85.9990005493164,35.7700004577637,0.527999997138977,16.4843527061733,-19.8288879394531,42.3161125183105
3107901,"MG","BOM REPOUSO",5987,"0",38.0970650297334,9.625,48.8390007019043,28.0949993133545,0.467999994754791,6.61347517730496,-22.4711112976074,46.1450004577637
3108008,"MG","BOM SUCESSO",12183,"0",41.9550173010381,18.113,68.4199981689453,25.0709991455078,0.550999999046326,6.88519050435076,-21.0330562591553,44.758056640625
3108107,"MG","BONFIM",5684,"0",42.6528497409326,12.28,77.4710006713867,25.6030006408691,0.500999987125397,9.34169278996865,-20.3266658782959,44.2386093139648
3108206,"MG","BONFINOPOLIS DE MINAS",4798,"0",18.5476815398075,6.883,70.5550003051758,34.3450012207031,0.583000004291534,15.5459219679403,-16.5674991607666,45.9900016784668
3108255,"MG","BONITO DE MINAS",3945,"0",29.7488226059655,11.364,91.484001159668,57.3740005493164,0.479999989271164,11.2751584372171,-15.3233337402344,44.7544441223145
3108305,"MG","BORDA DA MATA",9563,"0",38.5099685204617,12.494,40.8339996337891,15.4029998779297,0.5,8.58760060139736,-22.2741661071777,46.1652793884277
3108404,"MG","BOTELHOS",10492,"0",46.060811574545,18.322,52.2159996032715,23.6469993591309,0.587999999523163,16.4543746084778,-21.6333332061768,46.3950004577637
3108503,"MG","BOTUMIRIM",4429,"0",20.3918722786647,9.247,74.5820007324219,37.7280006408691,0.501999974250793,3.88278388278388,-16.8722229003906,43.0108337402344
3108552,"MG","BRASILANDIA DE MINAS",5918,"0",38.4277650010454,13.315,70.9749984741211,34.5050010681152,0.513000011444092,11.2751584372171,-17.0097217559814,46.0094451904297
3108602,"MG","BRASILIA DE MINAS",20655,"0",28.9017341040462,9.599,83.2760009765625,37.7949981689453,0.564000010490417,6.80422056804221,-16.2063884735107,44.4333343505859
3108701,"MG","BRAS PIRES",4135,"0",32.8015952143569,12.108,88.2590026855469,30.4729995727539,0.542999982833862,11.1811023622047,-20.9205551147461,43.2422218322754
3108800,"MG","BRAUNAS",4832,"0",41.5023474178404,18.476,82.1129989624023,39.6959991455078,0.549000024795532,19.4805194805195,-19.0558338165283,42.7155570983887
3108909,"MG","BRAZOPOLIS",10290,"0",51.3284603782341,14.97,71.036003112793,23.613000869751,0.560999989509583,9.62615870428848,-22.473611831665,45.6074981689453
3109006,"MG","BRUMADINHO",15668,"0",40.2369309181073,10.921,55.7120018005371,18.0849990844727,0.575999975204468,14.5380599732912,-20.1433334350586,44.1997222900391
3109105,"MG","BUENO BRANDAO",7020,"0",53.5939052666446,13.41,48.6749992370605,25.1770000457764,0.472000002861023,7.23429592140518,-22.4408340454102,46.3508338928223
3109204,"MG","BUENOPOLIS",7146,"0",39.3549747048904,17.323,80.5009994506836,39.4099998474121,0.555000007152557,4.79940564635958,-17.8733329772949,44.1800003051758
3109253,"MG","BUGRE",3175,"0",33.6033950617284,8.655,90.8150024414062,42.242000579834,0.470999985933304,11.2751584372171,-19.4261112213135,42.2444458007812
3109303,"MG","BURITIS",13184,"0",30.207596131163,14.421,76.0579986572266,34.5999984741211,0.540000021457672,8.50468037442995,-15.6177778244019,46.4233322143555
3109402,"MG","BURITIZEIRO",16818,"0",43.2346160666785,15.499,79.6829986572266,37.0139999389648,0.541000008583069,8.60038345658724,-17.351110458374,44.9622230529785
3109451,"MG","CABECEIRA GRANDE",4516,"0",25.6244490155745,11.873,72.3280029296875,34.4889984130859,0.518999993801117,11.2751584372171,-16.0297222137451,47.0905570983887
3109501,"MG","CABO VERDE",8204,"0",35.8539390454284,14.112,59.0779991149902,26.9599990844727,0.569999992847443,7.81269881664334,-21.47194480896,46.396110534668
3109600,"MG","CACHOEIRA DA PRATA",3083,"0",36.1153262518968,7.337,43.689998626709,12.2829999923706,0.560000002384186,13.7966804979253,-19.5247230529785,44.4536094665527
3109709,"MG","CACHOEIRA DE MINAS",6653,"0",40.5086136177194,11.927,73.7949981689453,18.8050003051758,0.510999977588654,6.4176245210728,-22.3549995422363,45.7788887023926
3109808,"MG","CACHOEIRA DOURADA",1691,"0",24.2690058479532,5.821,61.8470001220703,35.234001159668,0.532000005245209,10.7836570663094,-18.5149993896484,49.5013885498047
3109907,"MG","CAETANOPOLIS",5204,"0",28.764993336295,12.75,42.0769996643066,12.9420003890991,0.48199999332428,11.12896745681,-19.2952785491943,44.4186096191406
3110004,"MG","CAETE",26467,"0",35.856414801684,17.201,53.0270004272461,12.4099998474121,0.50900000333786,16.6679879498969,-19.8799991607666,43.6697235107422
3110103,"MG","CAIANA",2708,"0",24.9882573978394,11.904,79.8420028686523,31.8810005187988,0.537999987602234,9.9136552606332,-20.6955547332764,41.9249992370605
3110202,"MG","CAJURI",3115,"0",25.4613935969868,16.915,84.2429962158203,30.4209995269775,0.477999985218048,11.7059891107078,-20.7905559539795,42.7966651916504
3110301,"MG","CALDAS",10236,"0",37.1982962612399,12.439,52.3089981079102,21.4069995880127,0.589999973773956,6.7401166558652,-21.9236106872559,46.3861122131348
3110400,"MG","CAMACHO",3089,"0",44.7862564922093,20.228,80.9820022583008,38.2449989318848,0.560999989509583,6.33088492479888,-20.6252784729004,45.156665802002
3110509,"MG","CAMANDUCAIA",11146,"0",60.2398428615735,14.821,39.9599990844727,29.5900001525879,0.508000016212463,9.16816636672665,-22.755277633667,46.1447219848633
3110608,"MG","CAMBUI",13029,"0",52.1534377943317,14.283,33.8289985656738,19.1180000305176,0.460999995470047,12.9178104311319,-22.6122226715088,46.0574989318848
3110707,"MG","CAMBUQUIRA",8060,"0",49.4507062348409,20.525,64.6699981689453,21.7590007781982,0.59799998998642,9.29602888086643,-21.852222442627,45.2958335876465
3110806,"MG","CAMPANARIO",2483,"0",24.0475012370114,12.929,77.8899993896484,41.6990013122559,0.555000007152557,12.8594249201278,-18.2386112213135,41.7483329772949
3110905,"MG","CAMPANHA",9032,"0",44.3209717017703,16.865,55.5880012512207,15.2430000305176,0.554000020027161,9.31903729896202,-21.8361110687256,45.4005546569824
3111002,"MG","CAMPESTRE",12378,"0",42.7849264705882,12.749,59.0800018310547,22.4349994659424,0.541000008583069,8.68427508381716,-21.7111110687256,46.2463874816895
3111101,"MG","CAMPINA VERDE",14515,"0",21.7560891046199,7.352,48.8530006408691,21.1989994049072,0.52999997138977,12.4634420697413,-19.5355548858643,49.4863891601562
3111150,"MG","CAMPO AZUL",2282,"0",20.0718685831622,7.265,90.2580032348633,40.0750007629395,0.561999976634979,11.2751584372171,-16.5036106109619,44.8105545043945
3111200,"MG","CAMPO BELO",31401,"0",35.7865389427029,14.423,58.1129989624023,21.6089992523193,0.556999981403351,8.93549583572175,-20.8972225189209,45.2772216796875
3111309,"MG","CAMPO DO MEIO",7875,"0",33.6408461905519,12.918,46.0940017700195,24.2569999694824,0.48199999332428,10.8692638291973,-21.1066665649414,45.8302764892578
3111408,"MG","CAMPO FLORIDO",3479,"0",23.981077147016,8.974,47.2050018310547,20.1590003967285,0.587999999523163,9.78000956480153,-19.760555267334,48.5722236633301
3111507,"MG","CAMPOS ALTOS",8211,"0",41.8716981132075,14.949,45.6049995422363,26.431999206543,0.556999981403351,4.57516339869281,-19.6961116790771,46.1713905334473
3111606,"MG","CAMPOS GERAIS",15823,"0",48.4799648377408,16.538,61.5439987182617,24.6100006103516,0.540000021457672,8.42358604091456,-21.2350006103516,45.7586097717285
3111705,"MG","CANAA",3873,"0",22.4899598393574,13.26,87.2679977416992,40.8849983215332,0.526000022888184,10.5417667467307,-20.6858329772949,42.6197204589844
3111804,"MG","CANAPOLIS",8135,"0",22.3655237496068,7.029,46.2109985351562,25.4950008392334,0.437999993562698,11.2223612849395,-18.7250003814697,49.2044448852539
3111903,"MG","CANA VERDE",4189,"0",38.4988584474886,12.507,70.6940002441406,29.2600002288818,0.46900001168251,5.07020280811232,-21.0208339691162,45.1819458007812
3112000,"MG","CANDEIAS",10422,"0",47.8311703495849,16.181,67.7679977416992,34.5439987182617,0.467999994754791,5.82816136539953,-20.7669448852539,45.2763900756836
3112059,"MG","CANTAGALO",2566,"0",47.2008781558727,14.48,84.8809967041016,47.7779998779297,0.569999992847443,11.2751584372171,-18.5258331298828,42.6269454956055
3112109,"MG","CAPARAO",3025,"0",31.9371727748691,15.113,70.6719970703125,32.9860000610352,0.563000023365021,3.59243697478992,-20.5230560302734,41.9044456481934
3112208,"MG","CAPELA NOVA",3694,"0",28.5625,9.725,79.8779983520508,22.9659996032715,0.533999979496002,9.56853536835926,-20.9230556488037,43.6177787780762
3112307,"MG","CAPELINHA",17272,"0",37.521566274098,23.337,79.1210021972656,46.7849998474121,0.58899998664856,3.53395367254009,-17.6913890838623,42.5158348083496
3112406,"MG","CAPETINGA",5624,"0",46.3983535330437,16.108,40.8800010681152,27.3700008392334,0.479000002145767,7.4245939675174,-20.6163883209229,47.0536117553711
3112505,"MG","CAPIM BRANCO",4991,"0",37.5794732061762,12.33,57.5190010070801,15.4209995269775,0.513999998569489,8.79306700486155,-19.5488891601562,44.1166648864746
3112604,"MG","CAPINOPOLIS",11843,"0",23.8013881473572,9.134,39.9669990539551,28.5960006713867,0.524999976158142,13.1689448762619,-18.6819438934326,49.5697212219238
3112653,"MG","CAPITAO ANDRADE",3250,"0",21.8674211802749,9.457,80.9700012207031,42.2299995422363,0.568000018596649,10.8821104699093,-19.0674991607666,41.8580551147461
3112703,"MG","CAPITAO ENEAS",9093,"0",39.6889986920506,12.765,81.838996887207,46.7999992370605,0.559000015258789,12.0978593272171,-16.3244438171387,43.7105560302734
3112802,"MG","CAPITOLIO",5280,"0",27.0165627016563,6.886,45.8699989318848,18.8150005340576,0.528999984264374,17.3895582329317,-20.6152782440186,46.0499992370605
3112901,"MG","CAPUTIRA",6450,"0",33.0387628037759,15.941,84.5400009155273,34.0929985046387,0.455000013113022,13.1864348424858,-20.1719436645508,42.2705574035645
3113008,"MG","CARAI",10814,"0",36.9327073552426,18.112,90.2369995117188,60.6669998168945,0.504999995231628,11.2064713426063,-17.1888885498047,41.6947212219238
3113107,"MG","CARANAIBA",2823,"0",33.5021097046414,9.992,88.0510025024414,22.7280006408691,0.493999987840652,6.12914994527545,-20.8758335113525,43.7391662597656
3113206,"MG","CARANDAI",14449,"0",34.2765616657768,15.304,71.5279998779297,19.6760005950928,0.573000013828278,11.6803682999013,-20.9536113739014,43.8063888549805
3113305,"MG","CARANGOLA",21588,"0",42.1159659247046,14.82,58.8779983520508,22.3120002746582,0.572000026702881,12.7755022430271,-20.7330551147461,42.0294456481934
3113404,"MG","CARATINGA",50478,"1",9.32688731870584,11.865,63.5480003356934,24.9309997558594,0.583000004291534,13.1464196276903,-19.789722442627,42.1391677856445
3113503,"MG","CARBONITA",6214,"0",43.5377473735646,11.522,72.4720001220703,49.7770004272461,0.524999976158142,19.0030051263921,-17.5269451141357,43.0158348083496
3113602,"MG","CAREACU",3916,"0",39.8145378402632,16.819,56.898998260498,24.5470008850098,0.508000016212463,6.28726287262873,-22.0430564880371,45.6991653442383
3113701,"MG","CARLOS CHAGAS",15987,"0",35.9602649006623,15.381,79.9240036010742,51.2179985046387,0.640999972820282,13.3165990860526,-17.7030563354492,40.7663879394531
3113800,"MG","CARMESIA",1465,"0",43.4816549570648,10.683,73.9509963989258,33.2319984436035,0.547999978065491,8.13865862848531,-19.088888168335,43.1416664123535
3113909,"MG","CARMO DA CACHOEIRA",7917,"0",54.468560485158,20.921,60.1790008544922,31.9629993438721,0.513999998569489,5.72364112639162,-21.4608325958252,45.2236099243164
3114006,"MG","CARMO DA MATA",7995,"0",40.1311101610375,14.141,70.8420028686523,21.1520004272461,0.546000003814697,10.8330022513574,-20.5577774047852,44.8705558776855
3114105,"MG","CARMO DE MINAS",7078,"0",51.1194639647001,21.949,75.9970016479492,27.7280006408691,0.648000001907349,10.8228317272053,-22.1222229003906,45.1291656494141
3114204,"MG","CARMO DO CAJURU",11303,"0",43.1417624521073,13.454,54.3470001220703,21.0799999237061,0.460999995470047,15.8481724461106,-20.1841659545898,44.771110534668
3114303,"MG","CARMO DO PARANAIBA",19638,"0",37.774965346833,10.697,45.2809982299805,17.4570007324219,0.523999989032745,6.05316536778051,-19.0008335113525,46.3161125183105
3114402,"MG","CARMO DO RIO CLARO",12173,"0",33.0171329009776,12.414,53.4889984130859,23.0219993591309,0.458999991416931,14.4770464358093,-20.97194480896,46.1188888549805
3114501,"MG","CARMOPOLIS DE MINAS",8995,"0",34.2328170377541,11.06,71.6060028076172,21.3250007629395,0.517000019550323,7.36654804270463,-20.541389465332,44.6349983215332
3114550,"MG","CARNEIRINHO",6846,"0",20.0610803588471,4.438,54.0449981689453,32.1520004272461,0.555000007152557,13.6774617787276,-19.6975002288818,50.6880569458008
3114600,"MG","CARRANCAS",3055,"0",26.9565217391304,15.84,69.7919998168945,18.7450008392334,0.568000018596649,7.3187414500684,-21.4874992370605,44.6425018310547
3114709,"MG","CARVALHOPOLIS",2194,"0",28.8032454361055,6.969,59.6710014343262,22.2119998931885,0.5,5.23917995444191,-21.7777786254883,45.8411102294922
3114808,"MG","CARVALHOS",3778,"0",28.7603814211012,12.481,74.322998046875,30.451000213623,0.524999976158142,4.37890974084004,-22.0011119842529,44.4613876342773
3114907,"MG","CASA GRANDE",1964,"0",26.6781411359725,6.666,87.0449981689453,25.4400005340576,0.518999993801117,10.4211663066955,-20.7927780151367,43.9302787780762
3115003,"MG","CASCALHO RICO",2248,"0",16.2537165510406,4.655,48.185001373291,17.556999206543,0.490000009536743,7.77661795407098,-18.5763893127441,47.8772239685059
3115102,"MG","CASSIA",11392,"0",40.2262727844123,13.881,48.9700012207031,22.8400001525879,0.564999997615814,9.50870195794054,-20.5830554962158,46.9219436645508
3115201,"MG","CONCEICAO DA BARRA DE MINAS",2983,"0",22.3657650383528,10.023,82.9179992675781,19.5599994659424,0.497999995946884,4.36439210252858,-21.1288890838623,44.4722213745117
3115300,"MG","CATAGUASES",43000,"1",8.86953238768135,11.833,53.9490013122559,15.2390003204346,0.587999999523163,25.8559563654394,-21.3891658782959,42.6966667175293
3115359,"MG","CATAS ALTAS",3001,"0",42.512077294686,12.408,52.890998840332,23.1280002593994,0.470999985933304,11.2751584372171,-20.0747222900391,43.4075012207031
3115409,"MG","CATAS ALTAS DA NORUEGA",2796,"0",27.2525521526853,14.931,86.2360000610352,26.9790000915527,0.505999982357025,5.48628428927681,-20.6900005340576,43.497501373291
3115458,"MG","CATUJI",6099,"0",33.5419274092616,22.783,91.1220016479492,62.4269981384277,0.495000004768372,10.4599873976055,-17.2994441986084,41.5169448852539
3115474,"MG","CATUTI",3263,"0",24.8249027237354,13.69,91.7409973144531,65.0419998168945,0.458000004291534,11.2751584372171,-15.3583335876465,42.962776184082
3115508,"MG","CAXAMBU",14528,"0",40.6372903122241,10.288,60.4070014953613,14.4160003662109,0.603999972343445,13.7430889638831,-21.977222442627,44.9324989318848
3115607,"MG","CEDRO DO ABAETE",1073,"0",35.2369380315917,11.329,75.2190017700195,29.423999786377,0.509999990463257,5.17090271691499,-19.1483325958252,45.7113876342773
3115706,"MG","CENTRAL DE MINAS",4639,"0",22.935044105854,10.877,76.8170013427734,43.6310005187988,0.555999994277954,7.24834823163622,-18.7619438171387,41.3063888549805
3115805,"MG","CENTRALINA",7913,"0",29.3062605752961,9.179,51.7630004882812,29.69700050354,0.458000004291534,18.392880175416,-18.5838890075684,49.1994438171387
3115904,"MG","CHACARA",2799,"0",24.317617866005,15.316,69.338996887207,28.0200004577637,0.575999975204468,11.5515771526002,-21.6722221374512,43.2216682434082
3116001,"MG","CHALE",3985,"0",26.5645805592543,11.34,77.2890014648438,32.2859992980957,0.509999990463257,14.8634724368882,-20.0436115264893,41.6877784729004
3116100,"MG","CHAPADA DO NORTE",8564,"0",33.7902388369678,17.612,78.0299987792969,63.6040000915527,0.451999992132187,6.99345566534069,-17.0869445800781,42.5352783203125
3116159,"MG","CHAPADA GAUCHA",4100,"0",29.6842105263158,9.787,84.1399993896484,53.2750015258789,0.476999998092651,11.2751584372171,-15.3055553436279,45.6183319091797
3116209,"MG","CHIADOR",2278,"0",30.2469135802469,12.781,80.8000030517578,31.2900009155273,0.52999997138977,14.9460708782743,-22.0025005340576,43.0577774047852
3116308,"MG","CIPOTANEA",4615,"0",36.7982212340189,15.081,89.9120025634766,32.0849990844727,0.577000021934509,5.36295728787589,-20.9052772521973,43.3655548095703
3116407,"MG","CLARAVAL",2581,"0",35.8046227649368,10.826,39.4049987792969,22.7390003204346,0.465999990701675,7.39388407120037,-20.398889541626,47.2666664123535
3116506,"MG","CLARO DOS POCOES",6877,"0",21.4178262504701,8.5,87.3880004882812,40.2599983215332,0.508000016212463,8.00130102455684,-17.0797214508057,44.208610534668
3116605,"MG","CLAUDIO",13003,"0",28.439121756487,8.874,63.0040016174316,17.6940002441406,0.522000014781952,11.7117117117117,-20.4433326721191,44.7658348083496
3116704,"MG","COIMBRA",4139,"0",34.6037354871277,11.206,74.8089981079102,25.375,0.556999981403351,10.1954686805864,-20.8566665649414,42.8027763366699
3116803,"MG","COLUNA",6344,"0",41.5978695073236,26.118,87.484001159668,46.2400016784668,0.596000015735626,4.63980463980464,-18.2338886260986,42.8402786254883
3116902,"MG","COMENDADOR GOMES",2124,"0",18.1921546333144,8.544,34.2779998779297,17.8680000305176,0.504999995231628,6.11292580494634,-19.6983337402344,49.0805549621582
3117009,"MG","COMERCINHO",6822,"0",43.0853491556367,11.065,93.3270034790039,50.4410018920898,0.510999977588654,22.7561618353744,-16.2961120605469,41.7933349609375
3117108,"MG","CONCEICAO DA APARECIDA",6491,"0",27.1083190557777,12.617,63.0929985046387,20.3819999694824,0.519999980926514,10.2957814772911,-21.094165802002,46.2044448852539
3117207,"MG","CONCEICAO DA PEDRA",1894,"0",33.6032388663968,11.021,59.726001739502,27.2329998016357,0.527999997138977,5.02183406113537,-22.1599998474121,45.4547233581543
3117306,"MG","CONCEICAO DAS ALAGOAS",11622,"0",30.1395939086294,9.808,42.0610008239746,22.3439998626709,0.552999973297119,12.3929656569377,-19.914722442627,48.3883323669434
3117405,"MG","CONCEICAO DE IPANEMA",3920,"0",35.2487736510161,13.952,84.140998840332,40.0509986877441,0.59500002861023,15.6857523302264,-19.9280548095703,41.6938896179199
3117504,"MG","CONCEICAO DO MATO DENTRO",13473,"0",36.4660444158352,20.97,84.1780014038086,39.935001373291,0.569000005722046,7.40798869967825,-19.0372219085693,43.4249992370605
3117603,"MG","CONCEICAO DO PARA",3428,"0",31.9959541469993,9.401,63.234001159668,22.0790004730225,0.513999998569489,7.67230169050715,-19.7530555725098,44.8966674804688
3117702,"MG","CONCEICAO DO RIO VERDE",8382,"0",42.8191881918819,22.864,69.6529998779297,28.3659992218018,0.573000013828278,7.3960880195599,-21.8808326721191,45.085277557373
3117801,"MG","CONCEICAO DOS OUROS",6323,"0",40.2525349148651,9.654,63.3300018310547,23.3120002746582,0.499000012874603,7.98898071625344,-22.4130554199219,45.7980537414551
3117836,"MG","CONEGO MARINHO",4248,"0",30.24,16.364,91.9690017700195,48.5349998474121,0.485000014305115,11.2751584372171,-15.2941665649414,44.4180564880371
3117876,"MG","CONFINS",2967,"0",34.9448039588885,11.082,53.2220001220703,16.6690006256104,0.46900001168251,11.2751584372171,-19.6324996948242,43.9827766418457
3117900,"MG","CONGONHAL",5690,"0",39.1748366013072,11.784,43.3650016784668,28.7849998474121,0.504000008106232,6.80688336520076,-22.1527786254883,46.0394439697266
3118007,"MG","CONGONHAS",26771,"0",37.4989578991246,8.405,46.5390014648438,12.9940004348755,0.546000003814697,22.8665983768025,-20.4997215270996,43.8577766418457
3118106,"MG","CONGONHAS DO NORTE",3330,"0",31.0004116920543,21.63,92.0210037231445,44.9109992980957,0.612999975681305,5.03901170351105,-18.807222366333,43.6813888549805
3118205,"MG","CONQUISTA",5012,"0",32.5309992706054,11.2,59.3349990844727,19.8290004730225,0.53600001335144,9.48223350253807,-19.9372215270996,47.5416679382324
3118304,"MG","CONSELHEIRO LAFAIETE",63262,"1",11.412794155127,12.18,44.560001373291,9.60799980163574,0.538999974727631,22.9810675825908,-20.6602783203125,43.7861099243164
3118403,"MG","CONSELHEIRO PENA",17899,"0",39.0972612641555,12.199,74.4649963378906,38.1150016784668,0.569000005722046,7.99981319759025,-19.1722221374512,41.4722213745117
3118502,"MG","CONSOLACAO",1357,"0",34.866220735786,7.963,66.8140029907227,26.7240009307861,0.485000014305115,5.06993006993007,-22.5513896942139,45.9211120605469
3118601,"MG","CONTAGEM",312578,"1",13.3343952463234,13.644,33.2910003662109,10.7659997940063,0.479000002145767,21.3288242932635,-19.9316673278809,44.0536117553711
3118700,"MG","COQUEIRAL",5887,"0",44.3595769682726,15.463,66.0029983520508,21.9619998931885,0.568000018596649,11.8053158439765,-21.1894435882568,45.4405555725098
3118809,"MG","CORACAO DE JESUS",17256,"0",35.6100269712835,9.848,85.8489990234375,36.2280006408691,0.552999973297119,6.93372898120673,-16.6852779388428,44.3650016784668
3118908,"MG","CORDISBURGO",6033,"0",35.1804670912951,11.765,70.9749984741211,24.5230007171631,0.517000019550323,7.51497549464513,-19.125,44.3208351135254
3119005,"MG","CORDISLANDIA",2326,"0",32.9341317365269,13.663,63.4930000305176,27.6100006103516,0.531000018119812,5.36565977742448,-21.7924995422363,45.7008323669434
3119104,"MG","CORINTO",17212,"0",31.4528766509962,12.916,65.2080001831055,26.4580001831055,0.583999991416931,9.40128953024255,-18.3808326721191,44.4563903808594
3119203,"MG","COROACI",7768,"0",26.7400568181818,13.197,86.2839965820312,36.1949996948242,0.513999998569489,6.76628136453341,-18.6219444274902,42.285831451416
3119302,"MG","COROMANDEL",17891,"0",30.7035014455509,9.461,50.9659996032715,20.3400001525879,0.52999997138977,9.32666862687445,-18.4733333587646,47.2002792358398
3119401,"MG","CORONEL FABRICIANO",60753,"1",9.46163196486688,10.893,43.7280006408691,17.048999786377,0.547999978065491,30.6105233559453,-19.518611907959,42.6288871765137
3119500,"MG","CORONEL MURTA",6408,"0",35.7931183726466,8.784,88.6350021362305,41.8300018310547,0.513000011444092,13.1716355061479,-16.6188888549805,42.1822204589844
3119609,"MG","CORONEL PACHECO",2508,"0",27.3647162340519,14.086,71.2200012207031,25.2310009002686,0.507000029087067,10.2659822678488,-21.5877780914307,43.2655563354492
3119708,"MG","CORONEL XAVIER CHAVES",2299,"0",24.597364568082,12.612,81.0869979858398,19.492000579834,0.486000001430511,19.1707717569787,-21.0236110687256,44.2230567932129
3119807,"MG","CORREGO DANTA",3473,"0",25.7869249394673,9.416,57.6549987792969,21.1860008239746,0.524999976158142,6.45833333333333,-19.8236103057861,45.9044456481934
3119906,"MG","CORREGO DO BOM JESUS",3067,"0",42.8361498897869,9.343,58.0480003356934,25.2590007781982,0.467000007629395,11.1803176580505,-22.630277633667,46.0200004577637
3119955,"MG","CORREGO FUNDO",3267,"0",39.1040754462782,10.359,63.0279998779297,26.2269992828369,0.5,11.2751584372171,-20.4491672515869,45.5550003051758
3120003,"MG","CORREGO NOVO",3632,"0",23.3201581027668,13.924,82.0670013427734,38.1730003356934,0.46900001168251,20.2756852059625,-19.8319435119629,42.3963890075684
3120102,"MG","COUTO DE MAGALHAES DE MINAS",3362,"0",24.9670908293111,14.184,78.286003112793,35.9850006103516,0.625,5.07453219156359,-18.0713882446289,43.4711112976074
3120151,"MG","CRISOLITA",3172,"0",22.8890728476821,10.334,87.0530014038086,67.125,0.493999987840652,11.2751584372171,-17.2372226715088,40.9119453430176
3120201,"MG","CRISTAIS",5967,"0",38.1473519640414,13.282,65.9509963989258,25.0429992675781,0.527999997138977,16.9770773638968,-20.8755550384521,45.518611907959
3120300,"MG","CRISTALIA",3095,"0",11.9982158786798,5.724,86.7480010986328,58.1860008239746,0.479000002145767,4.43873807776963,-16.8002777099609,42.8622207641602
3120409,"MG","CRISTIANO OTONI",3327,"0",30.016694490818,13.049,72.0270004272461,17.94700050354,0.545000016689301,8.32517140058766,-20.8322219848633,43.8055572509766
3120508,"MG","CRISTINA",6772,"0",46.0948644793153,18.005,59.226001739502,23.9419994354248,0.558000028133392,8.57142857142857,-22.2119445800781,45.2641677856445
3120607,"MG","CRUCILANDIA",3546,"0",51.2379642365887,16.078,77.7149963378906,30.6909999847412,0.685000002384186,9.29158110882957,-20.3838882446289,44.3369445800781
3120706,"MG","CRUZEIRO DA FORTALEZA",2717,"0",28.7986605274173,7.265,41.5900001525879,22.9729995727539,0.524999976158142,5.43717854518736,-18.9458332061768,46.6736106872559
3120805,"MG","CRUZILIA",9226,"0",42.5396412789186,12.418,66.2969970703125,22.4860000610352,0.578000009059906,20.6070287539936,-21.8386116027832,44.8083343505859
3120839,"MG","CUPARAQUE",3090,"0",19.0440060698027,11.487,77.0780029296875,44.5789985656738,0.51800000667572,11.2751584372171,-18.9694442749023,41.0991668701172
3120870,"MG","CURRAL DE DENTRO",3449,"0",16.1866931479643,12.706,84.4300003051758,55.6990013122559,0.499000012874603,11.2751584372171,-15.9375,41.8444442749023
3120904,"MG","CURVELO",41427,"1",8.19223985890653,13.202,63.3230018615723,20.738000869751,0.583000004291534,9.88921311637569,-18.7563896179199,44.4308319091797
3121001,"MG","DATAS",3539,"0",38.7943786982249,13.389,77.2929992675781,29.0610008239746,0.540000021457672,11.2066318698189,-18.4455547332764,43.655834197998
3121100,"MG","DELFIM MOREIRA",5726,"0",50.6540084388186,14.149,72.7330017089844,27.2600002288818,0.597000002861023,9.20677192315009,-22.5091667175293,45.2799987792969
3121209,"MG","DELFINOPOLIS",5024,"0",26.0199945960551,10.194,56.3549995422363,30.6520004272461,0.499000012874603,9.3536640873919,-20.3438892364502,46.853889465332
3121258,"MG","DELTA",2876,"0",43.6299490395923,14.297,34.7519989013672,18.9650001525879,0.407999992370605,11.2751584372171,-19.9766674041748,47.771110534668
3121308,"MG","DESCOBERTO",3320,"0",26.2984878369494,11.246,72.0390014648438,23.7439994812012,0.507000029087067,10.6939020726945,-21.4597225189209,42.9674987792969
3121407,"MG","DESTERRO DE ENTRE RIOS",5015,"0",42.0135527589545,12.282,76.8460006713867,30.7679996490479,0.495000004768372,6.96834501805821,-20.6599998474121,44.3325004577637
3121506,"MG","DESTERRO DO MELO",2762,"0",24.1486068111455,10.675,84.1240005493164,32.6609992980957,0.544000029563904,5.41829215431296,-21.1472225189209,43.5177764892578
3121605,"MG","DIAMANTINA",26585,"0",43.6475510706375,17.282,63.4529991149902,25.4729995727539,0.578999996185303,9.30430207616658,-18.2494449615479,43.6002769470215
3121704,"MG","DIOGO DE VASCONCELOS",3322,"0",21.3930348258706,13.326,81.7850036621094,40.9109992980957,0.524999976158142,6.79859559527609,-20.4877777099609,43.1983337402344
3121803,"MG","DIONISIO",8134,"0",43.1379556826305,12.204,78.3509979248047,29.5319995880127,0.546000003814697,23.3188577444401,-19.8427772521973,42.776668548584
3121902,"MG","DIVINESIA",2268,"0",43.8219895287958,13.153,84.931999206543,29.9869995117188,0.540000021457672,14.0350877192982,-20.9902782440186,43.0038871765137
3122009,"MG","DIVINO",12553,"0",42.7961362480935,19.25,73.7919998168945,28.1690006256104,0.58899998664856,9.88680232938559,-20.614444732666,42.1486129760742
3122108,"MG","DIVINO DAS LARANJEIRAS",3872,"0",21.9858156028369,7.836,80.9339981079102,40.1110000610352,0.563000023365021,7.27107475573733,-18.7777786254883,41.4797210693359
3122207,"MG","DIVINOLANDIA DE MINAS",5008,"0",31.8274555523171,13.424,82.7620010375977,38.6860008239746,0.507000029087067,8.33512814990308,-18.8011112213135,42.614444732666
3122306,"MG","DIVINOPOLIS",106510,"1",13.5413105691375,15.569,37.1539993286133,11.4219999313354,0.53600001335144,22.4650212230781,-20.1388893127441,44.8838882446289
3122355,"MG","DIVISA ALEGRE",2852,"0",20.507399577167,9.995,78.8190002441406,59.3559989929199,0.437999993562698,11.2751584372171,-15.7255554199219,41.3450012207031
3122405,"MG","DIVISA NOVA",3587,"0",28.9600550964187,15.626,65.7249984741211,26.2679996490479,0.628000020980835,20.185346075876,-21.5111103057861,46.1958351135254
3122454,"MG","DIVISOPOLIS",4183,"0",23.2809773123909,16.217,86.2440032958984,67.4199981689453,0.497999995946884,4.62776659959759,-15.7255554199219,41
3122470,"MG","DOM BOSCO",3045,"0",26.2148907712885,9.358,68.7020034790039,27.8850002288818,0.515999972820282,11.2751584372171,-16.6519451141357,46.2708320617676
3122504,"MG","DOM CAVATI",4180,"0",25.9587020648968,7.146,66.0599975585938,26.7609996795654,0.591000020503998,11.453133666112,-19.3738880157471,42.106388092041
3122603,"MG","DOM JOAQUIM",3885,"0",32.9207920792079,19.093,85.8330001831055,41.2779998779297,0.556999981403351,5.57529379611916,-18.9672222137451,43.2558326721191
3122702,"MG","DOM SILVERIO",4155,"0",31.4903171484704,15.049,74.5579986572266,21.2250003814697,0.532000005245209,15.085264538697,-20.1599998474121,42.9677772521973
3122801,"MG","DOM VICOSO",2469,"0",32.3587710604559,9.142,74.859001159668,26.1079998016357,0.523000001907349,7.99256505576208,-22.2544441223145,45.1611099243164
3122900,"MG","DONA EUSEBIA",3633,"0",18.9827429609446,10.676,69.2289962768555,21.673999786377,0.515999972820282,8.24142156862745,-21.3163890838623,42.8105545043945
3123007,"MG","DORES DE CAMPOS",5996,"0",42.5742574257426,11.621,69.8779983520508,16.9419994354248,0.560999989509583,9.17599559552211,-21.1088886260986,44.0230560302734
3123106,"MG","DORES DE GUANHAES",4240,"0",24.4623655913978,13.626,87.0370025634766,45.2410011291504,0.550999999046326,18.7358348023168,-19.0583324432373,42.9291648864746
3123205,"MG","DORES DO INDAIA",11163,"0",42.3489619780732,15.449,58.9160003662109,24.4060001373291,0.625,7.7728776185226,-19.4633331298828,45.6016654968262
3123304,"MG","DORES DO TURVO",3762,"0",24.3341006247945,14.911,82.7529983520508,34.4080009460449,0.51800000667572,10.6067518248175,-20.9755554199219,43.1891670227051
3123403,"MG","DORESOPOLIS",1106,"0",21.3414634146341,5.746,52.3110008239746,17.7509994506836,0.458999991416931,12.9611166500499,-20.2869453430176,45.9033317565918
3123502,"MG","DOURADOQUARA",1417,"0",13.8223938223938,6.435,53.1049995422363,23.8490009307861,0.527999997138977,15.6356220258328,-18.4313888549805,47.6086120605469
3123528,"MG","DURANDE",4745,"0",33.0183106910809,10.763,82.4759979248047,34.9500007629395,0.504999995231628,11.6567342073897,-20.203332901001,41.797779083252
3123601,"MG","ELOI MENDES",13234,"0",40.5590893873452,13.224,43.5509986877441,22.7810001373291,0.556999981403351,8.68139589351237,-21.6100006103516,45.5652770996094
3123700,"MG","ENGENHEIRO CALDAS",7067,"0",36.2422793385136,10.99,74.8539962768555,37.1800003051758,0.565999984741211,9.37687237866986,-19.2194442749023,42.0461120605469
3123809,"MG","ENGENHEIRO NAVARRO",5668,"0",28.4898806434873,14.383,82.6159973144531,42.8190002441406,0.558000028133392,8.33652007648184,-17.2797222137451,43.9500007629395
3123858,"MG","ENTRE FOLHAS",3743,"0",23.1516290726817,10.329,87.2590026855469,33.6180000305176,0.540000021457672,15.0735294117647,-19.6252784729004,42.2305564880371
3123908,"MG","ENTRE RIOS DE MINAS",9260,"0",37.712895377129,12.703,73.4889984130859,22.0900001525879,0.560000002384186,11.5511927862116,-20.6708335876465,44.0655555725098
3124005,"MG","ERVALIA",13023,"0",28.5010833169194,13.09,81.3919982910156,34.7220001220703,0.564999997615814,6.60984519046791,-20.8400001525879,42.6572227478027
3124104,"MG","ESMERALDAS",17734,"0",33.6016844191231,16.196,70.3779983520508,20.0790004730225,0.523999989032745,9.34794454198704,-19.7625007629395,44.3138885498047
3124203,"MG","ESPERA FELIZ",12898,"0",32.1972235519387,15.812,73.072998046875,33.3050003051758,0.564000010490417,9.67020681945221,-20.6502780914307,41.9072227478027
3124302,"MG","ESPINOSA",21229,"0",29.3229901269394,11.747,81.4309997558594,50.7330017089844,0.522000014781952,3.29569728410131,-14.9261112213135,42.8191680908203
3124401,"MG","ESPIRITO SANTO DO DOURADO",3242,"0",47.4588152821591,10.627,49.3629989624023,27.0419998168945,0.456999987363815,8.74697336561743,-22.0463886260986,45.9508323669434
3124500,"MG","ESTIVA",6531,"0",53.5443272256154,14.649,44.4160003662109,23.7199993133545,0.470999985933304,8.54922279792746,-22.4627780914307,46.0172233581543
3124609,"MG","ESTRELA DALVA",1977,"0",21.7081850533808,11.545,78.2850036621094,38.5839996337891,0.612999975681305,14.8361127084531,-21.7419452667236,42.4611129760742
3124708,"MG","ESTRELA DO INDAIA",2993,"0",28.2653481664607,10.546,62.6769981384277,30.0839996337891,0.589999973773956,7.93357933579336,-19.5222225189209,45.7874984741211
3124807,"MG","ESTRELA DO SUL",5887,"0",28.2535401213756,8.508,60.5209999084473,23.5930004119873,0.526000022888184,10.1295856908195,-18.7455558776855,47.6927795410156
3124906,"MG","EUGENOPOLIS",7306,"0",26.4150943396226,11.827,72.588996887207,32.5040016174316,0.546999990940094,18.4299418997433,-21.098611831665,42.1866683959961
3125002,"MG","EWBANK DA CAMARA",2503,"0",29.7273907399394,13.094,67.9499969482422,25.4099998474121,0.50900000333786,14.9077490774908,-21.5511112213135,43.5099983215332
3125101,"MG","EXTREMA",10986,"0",57.3189844321388,15.992,31.9440002441406,22.3969993591309,0.514999985694885,15.6949352179034,-22.8547229766846,46.3183326721191
3125200,"MG","FAMA",1575,"0",30.7745504840941,8.141,55.4889984130859,16.0170001983643,0.569999992847443,14.5429362880886,-21.4063892364502,45.8286094665527
3125309,"MG","FARIA LEMOS",2392,"0",34.7465886939571,13.851,76.7730026245117,33.7480010986328,0.591000020503998,13.6177194421657,-20.8083324432373,42.0297241210938
3125408,"MG","FELICIO DOS SANTOS",3932,"0",51.0035419126328,16.976,88.9209976196289,44.0740013122559,0.513999998569489,3.44356381525007,-18.0772228240967,43.2469444274902
3125507,"MG","SAO GONCALO DO RIO PRETO",2458,"0",30.0416418798334,18.145,85.2070007324219,39.2789993286133,0.522000014781952,7.90678318768206,-18.0041675567627,43.3908348083496
3125606,"MG","FELISBURGO",4317,"0",22.2528418877024,8.498,85.1370010375977,53.6419982910156,0.607999980449677,17.7722772277228,-16.6386108398438,40.7613906860352
3125705,"MG","FELIXLANDIA",8795,"0",32.9298169765096,10.204,70.7030029296875,30.4020004272461,0.583000004291534,5.94531704479348,-18.7580547332764,44.8988876342773
3125804,"MG","FERNANDES TOURINHO",2494,"0",23.7807943690297,10.813,81.8899993896484,44.9020004272461,0.522000014781952,8.72908186341022,-19.1536102294922,42.0819435119629
3125903,"MG","FERROS",9406,"0",50.4105090311987,22.402,89.056999206543,39.681999206543,0.602999985218048,9.84170681348933,-19.2319450378418,43.0233345031738
3125952,"MG","FERVEDOURO",6112,"0",43.7302661253947,15.252,85.9550018310547,45.056999206543,0.497000008821487,7.37560975609756,-20.7255554199219,42.2788887023926
3126000,"MG","FLORESTAL",3435,"0",29.0998766954377,10.201,49.867000579834,21.8680000305176,0.564999997615814,17.533104462972,-19.8894443511963,44.4324989318848
3126109,"MG","FORMIGA",41479,"1",13.2806196546716,12.066,54.201000213623,17.5300006866455,0.592000007629395,12.9945236521575,-20.4644451141357,45.4263877868652
3126208,"MG","FORMOSO",4984,"0",16.3684559310802,10.217,77.8639984130859,48.882999420166,0.556999981403351,11.3077453458975,-14.9466667175293,46.2319450378418
3126307,"MG","FORTALEZA DE MINAS",3023,"0",33.4526650755768,9.382,59.8680000305176,25.7859992980957,0.532999992370605,7.25291243893273,-20.8491668701172,46.7180557250977
3126406,"MG","FORTUNA DE MINAS",1872,"0",24.0433673469388,11.666,73.1029968261719,20.8099994659424,0.523999989032745,8.44553243574051,-19.5611114501953,44.4469451904297
3126505,"MG","FRANCISCO BADARO",5533,"0",39.8769861609431,13.471,93.2699966430664,54.9500007629395,0.467000007629395,7.15635333018422,-16.9925003051758,42.3519439697266
3126604,"MG","FRANCISCO DUMONT",3057,"0",31.0714285714286,9.904,79.9860000610352,40.0209999084473,0.53600001335144,3.22118826055834,-17.3150005340576,44.2341651916504
3126703,"MG","FRANCISCO SA",16420,"0",46.3958714832695,15.696,84.7040023803711,46.1279983520508,0.512000024318695,10.609613130129,-16.4758338928223,43.4883346557617
3126752,"MG","FRANCISCOPOLIS",3731,"0",50.2804487179487,13.984,92.3830032348633,65.1729965209961,0.565999984741211,11.2751584372171,-17.9597225189209,42.0086097717285
3126802,"MG","FREI GASPAR",5709,"0",34.5911949685535,16.709,93.7490005493164,64.1959991455078,0.547999978065491,16.4512555391433,-18.0661106109619,41.429443359375
3126901,"MG","FREI INOCENCIO",5527,"0",23.3062330623306,10.924,73.802001953125,39.4980010986328,0.601000010967255,19.103934500796,-18.5744438171387,41.9088897705078
3126950,"MG","FREI LAGONEGRO",2710,"0",15.8897243107769,25.084,89.879997253418,60.7929992675781,0.510999977588654,11.2751584372171,-18.1677780151367,42.7661094665527
3127008,"MG","FRONTEIRA",6130,"0",27.7445494887131,8.558,27.8470001220703,19.9370002746582,0.488000005483627,12.9178470254958,-20.2677783966064,49.1994438171387
3127057,"MG","FRONTEIRA DOS VALES",3164,"0",19.5161951619516,8.383,90.3870010375977,64.8939971923828,0.492000013589859,15.9931422973304,-16.8913879394531,40.9247207641602
3127073,"MG","FRUTA DE LEITE",3555,"0",17.4217462932455,17.022,95.765998840332,72.8219985961914,0.46900001168251,11.2751584372171,-16.1311111450195,42.5330543518066
3127107,"MG","FRUTAL",29432,"0",19.608760034292,10.06,38.1860008239746,18.9500007629395,0.561999976634979,9.72292739537245,-20.0247230529785,48.9405555725098
3127206,"MG","FUNILANDIA",2307,"0",32.9134720700986,11.947,74.995002746582,27.3400001525879,0.587000012397766,7.07707222491517,-19.3675003051758,44.0561103820801
3127305,"MG","GALILEIA",5704,"0",30.2085830736034,9.506,77.8519973754883,40.2389984130859,0.606000006198883,17.7410761854022,-18.9994449615479,41.5374984741211
3127339,"MG","GAMELEIRAS",3705,"0",19.9191919191919,7.047,92.9919967651367,57.5130004882812,0.495999991893768,11.2751584372171,-15.0822219848633,43.1236114501953
3127354,"MG","GLAUCILANDIA",2309,"0",33.4319526627219,9.48,87.0179977416992,38.0670013427734,0.493999987840652,11.2751584372171,-16.8497219085693,43.6972236633301
3127370,"MG","GOIABEIRA",2715,"0",24.7341655108645,9.594,81.9390029907227,47.7389984130859,0.513999998569489,11.2751584372171,-18.9822216033936,41.2224998474121
3127388,"MG","GOIANA",2677,"0",32.3542306006138,12.907,74.3430023193359,26.3159999847412,0.510999977588654,11.2751584372171,-21.5372219085693,43.2016677856445
3127404,"MG","GONCALVES",3018,"0",60.2178649237473,11.037,57.648998260498,30.5820007324219,0.509999990463257,7.7524893314367,-22.6588897705078,45.8558349609375
3127503,"MG","GONZAGA",4074,"0",49.3018259935553,15.723,81.5279998779297,42.0519981384277,0.46000000834465,4.46663163426169,-18.8222217559814,42.4791679382324
3127602,"MG","GOUVEA",8259,"0",38.1899552461462,9.988,70.1780014038086,17.82200050354,0.532999992370605,8.17651736019083,-18.4544448852539,43.7408332824707
3127701,"MG","GOVERNADOR VALADARES",155681,"1",7.39451511109665,14.012,46.640998840332,20.5699996948242,0.591000020503998,12.8485292422054,-18.851110458374,41.9494438171387
3127800,"MG","GRAO MOGOL",8287,"0",31.838417147568,12.876,78.7089996337891,51.2099990844727,0.541999995708466,6.47225597407857,-16.5594444274902,42.889720916748
3127909,"MG","GRUPIARA",1279,"0",24.7903075489282,4.936,55.1689987182617,22.0869998931885,0.519999980926514,14.1571194762684,-18.4941673278809,47.7222213745117
3128006,"MG","GUANHAES",18491,"0",45.1967592592593,19.408,68.2040023803711,30.3619995117188,0.552999973297119,9.58198993155722,-18.7749996185303,42.9324989318848
3128105,"MG","GUAPE",8086,"0",34.0980187695516,12.344,67.2600021362305,22.8999996185303,0.52999997138977,8.68046571798189,-20.7616672515869,45.9174995422363
3128204,"MG","GUARACIABA",8767,"0",23.4575260804769,15.577,88.3140029907227,38.6839981079102,0.523000001907349,7.90533121873856,-20.5708332061768,43.0074996948242
3128253,"MG","GUARACIAMA",3198,"0",33.3095831848949,10.76,89.0149993896484,41.3279991149902,0.476000010967255,11.2751584372171,-17.0138893127441,43.6730537414551
3128303,"MG","GUARANESIA",10792,"0",30.8950523214467,16.519,49.4679985046387,23.9479999542236,0.485000014305115,13.1306218224482,-21.299165725708,46.8025016784668
3128402,"MG","GUARANI",6231,"0",22.7247756821095,12.672,70.8919982910156,25.8360004425049,0.582000017166138,14.2271562766866,-21.352222442627,43.0469436645508
3128501,"MG","GUARARA",2765,"0",32.241310427487,14.486,68.6019973754883,23.3680000305176,0.541000008583069,13.7746710526316,-21.7319450378418,43.0374984741211
3128600,"MG","GUARDA-MOR",4500,"0",26.2094479225953,9.709,50.0309982299805,23.9360008239746,0.563000023365021,6.27371616493802,-17.7708339691162,47.098331451416
3128709,"MG","GUAXUPE",27071,"0",36.2187512420015,12.669,35.6660003662109,17.3540000915527,0.560000002384186,15.4493087557604,-21.3052768707275,46.712776184082
3128808,"MG","GUIDOVAL",5636,"0",37.4621703415478,13.227,74.390998840332,30.05299949646,0.547999978065491,10.9068839951448,-21.1519451141357,42.7966651916504
3128907,"MG","GUIMARANIA",4584,"0",31.4240672622176,10.092,50.8129997253418,17.7490005493164,0.552999973297119,8.08890925756187,-18.8438892364502,46.7930564880371
3129004,"MG","GUIRICEMA",7413,"0",25.9240506329114,9.571,74.7020034790039,26.5729999542236,0.535000026226044,22.2111695324712,-21.0077781677246,42.7177772521973
3129103,"MG","GURINHATA",5409,"0",24.5265372924947,9.556,59.6259994506836,25.5690002441406,0.513999998569489,9.33028919330289,-19.2133331298828,49.7863883972168
3129202,"MG","HELIODORA",4188,"0",48.8949439903118,18.641,77.3889999389648,30.6270008087158,0.573000013828278,16.7673716012085,-22.0672225952148,45.5422210693359
3129301,"MG","IAPU",7572,"0",34.3646623856781,10.427,72.2379989624023,35.2389984130859,0.514999985694885,18.0479554273207,-19.4366664886475,42.2177772521973
3129400,"MG","IBERTIOGA",4253,"0",24.4774477447745,13.159,74.8079986572266,35.2290000915527,0.5799999833107,10.5411644011285,-21.4300003051758,43.9630546569824
3129509,"MG","IBIA",13996,"0",33.5793670993467,10.881,45.9230003356934,18.0109996795654,0.505999982357025,13.4021400925856,-19.4783325195312,46.5388870239258
3129608,"MG","IBIAI",4925,"0",28.4974093264249,10.767,79.6559982299805,39.5439987182617,0.517000019550323,5.10314875135722,-16.8611106872559,44.9144439697266
3129657,"MG","IBIRACATU",3838,"0",36.0619469026549,8.952,92.2109985351562,58.6660003662109,0.574000000953674,11.2751584372171,-15.6636114120483,44.1638870239258
3129707,"MG","IBIRACI",6316,"0",33.425160697888,9.584,39.3219985961914,26.7959995269775,0.501999974250793,10.4887620406707,-20.4622230529785,47.1222229003906
3129806,"MG","IBIRITE",47141,"1",14.1197830590536,20.267,56.173999786377,19.8139991760254,0.441000014543533,18.5312547760966,-20.0219440460205,44.0588874816895
3129905,"MG","IBITIURA DE MINAS",2155,"0",29.3166405842462,8.44,36.9580001831055,24.1509990692139,0.46000000834465,5.15933232169954,-22.0608329772949,46.439998626709
3130002,"MG","IBITURUNA",1733,"0",31.9875776397516,14.997,67.4039993286133,26.1240005493164,0.540000021457672,4.07366071428571,-21.1525001525879,44.7477760314941
3130051,"MG","ICARAI DE MINAS",6514,"0",29.5723189340211,9.811,86.286003112793,49.693000793457,0.528999984264374,7.13585891574135,-16.2172222137451,44.9063873291016
3130101,"MG","IGARAPE",12404,"0",37.2283875781031,18.424,60.8930015563965,20.5690002441406,0.515999972820282,12.76296576713,-20.0702781677246,44.3016662597656
3130200,"MG","IGARATINGA",4325,"0",34.8484848484849,12.611,46.8460006713867,18.6389999389648,0.474999994039536,6.44765873988723,-19.9552783966064,44.7091674804688
3130309,"MG","IGUATAMA",6326,"0",26.9036448935402,7.912,53.7630004882812,14.6149997711182,0.549000024795532,10.8607935440484,-20.1744441986084,45.7113876342773
3130408,"MG","IJACI",3555,"0",44.775212636695,12.442,74.2819976806641,19.4839992523193,0.481000006198883,6.01343101343101,-21.1700000762939,44.9252777099609
3130507,"MG","ILICINEA",6704,"0",40.5970149253731,12.66,59.2350006103516,24.4209995269775,0.5,17.6506576934842,-20.9358329772949,45.8327789306641
3130556,"MG","IMBE DE MINAS",3315,"0",27.8286341999268,21.154,87.9619979858398,46.4720001220703,0.497000008821487,11.2751584372171,-19.5972213745117,41.9705543518066
3130606,"MG","INCONFIDENTES",4553,"0",39.897385780601,12.195,52.1430015563965,25.3320007324219,0.535000026226044,8.07466898198394,-22.3169441223145,46.3277778625488
3130655,"MG","INDAIABIRA",3992,"0",29.7165200391007,13.467,85.9219970703125,68.6809997558594,0.428000003099442,11.2751584372171,-15.4916667938232,42.1972236633301
3130705,"MG","INDIANOPOLIS",4241,"0",28.1512605042017,10.744,41.4949989318848,24.7900009155273,0.46399998664856,16.300459887583,-19.038610458374,47.9169425964355
3130804,"MG","INGAI",1989,"0",49.5291902071563,14.538,75.9860000610352,20.0349998474121,0.591000020503998,11.0378912685338,-21.4011116027832,44.9172210693359
3130903,"MG","INHAPIM",20132,"0",26.0707395498392,10.317,80.2570037841797,33.2299995422363,0.578000009059906,14.326515183334,-19.549165725708,42.1199989318848
3131000,"MG","INHAUMA",3220,"0",35.988414192614,15.851,69.4410018920898,21.3360004425049,0.504999995231628,9.06374501992032,-19.4911117553711,44.389720916748
3131109,"MG","INIMUTABA",3964,"0",33.5775335775336,13.108,67.0950012207031,29.4839992523193,0.504999995231628,10.5590062111801,-18.7291660308838,44.3605537414551
3131158,"MG","IPABA",8360,"0",28.9351178353215,8.962,78.7829971313477,38.6580009460449,0.43299999833107,19.5521732767452,-19.413610458374,42.4194450378418
3131208,"MG","IPANEMA",11695,"0",31.3853292090146,11.932,75.8499984741211,34.3930015563965,0.556999981403351,12.5955734406439,-19.8008327484131,41.7130546569824
3131307,"MG","IPATINGA",122220,"1",9.25897312380139,11.148,37.2060012817383,14.21399974823,0.547999978065491,31.3161575598971,-19.468334197998,42.5366668701172
3131406,"MG","IPIACU",3119,"0",17.8792569659443,5.897,48.3110008239746,28.0650005340576,0.500999987125397,16.492068243041,-18.6922225952148,49.9427795410156
3131505,"MG","IPUIUNA",6364,"0",40.4502541757444,10.628,27.07200050354,27.7280006408691,0.587999999523163,9.13050492014841,-22.0988883972168,46.1897239685059
3131604,"MG","IRAI DE MINAS",3504,"0",17.9357021996616,7.072,43.75,18.0189990997314,0.561999976634979,5.70384939589772,-18.9838886260986,47.4613876342773
3131703,"MG","ITABIRA",64812,"1",7.33034018304265,13.706,45.6209983825684,17.6630001068115,0.564999997615814,30.8961242376779,-19.6191673278809,43.2269439697266
3131802,"MG","ITABIRINHA DE MANTENA",7580,"0",23.5199714693295,12.517,74.1330032348633,44.5279998779297,0.561999976634979,8.86285113414451,-18.5663890838623,41.2330551147461
3131901,"MG","ITABIRITO",23454,"0",38.6138613861386,13.104,38.8019981384277,12.4610004425049,0.492000013589859,17.7866666666667,-20.2533340454102,43.8013877868652
3132008,"MG","ITACAMBIRA",4459,"0",31.3769751693002,9.831,91.6309967041016,30.9759998321533,0.456999987363815,7.16548866682915,-17.0647220611572,43.3088874816895
3132107,"MG","ITACARAMBI",9128,"0",24.6569468267581,13.328,85.0630035400391,49.3390007019043,0.504999995231628,8.05990240619216,-15.102222442627,44.0919456481934
3132206,"MG","ITAGUARA",7766,"0",39.7918448816652,13.389,61.3390007019043,19.9549999237061,0.533999979496002,9.90591397849462,-20.3922214508057,44.4874992370605
3132305,"MG","ITAIPE",6427,"0",36.4448857994042,20.973,91.6259994506836,61.1650009155273,0.533999979496002,9.82855202851808,-17.4019451141357,41.6686096191406
3132404,"MG","ITAJUBA",53082,"1",17.6535395649262,14.63,39.6730003356934,11.8879995346069,0.563000023365021,19.1591377397369,-22.4255561828613,45.4527778625488
3132503,"MG","ITAMARANDIBA",17375,"0",37.844847913228,14.799,79.0999984741211,47.2000007629395,0.542999982833862,11.0441010177158,-17.8572216033936,42.8588905334473
3132602,"MG","ITAMARATI DE MINAS",2646,"0",25.5149222362337,11.206,68.3030014038086,26.0249996185303,0.522000014781952,17.9166666666667,-21.4158325195312,42.8177795410156
3132701,"MG","ITAMBACURI",14261,"0",24.8436662497767,18.769,79.0100021362305,46.1119995117188,0.665000021457672,7.95929172304253,-18.0311107635498,41.685001373291
3132800,"MG","ITAMBE DO MATO DENTRO",2273,"0",30.8132875143184,19.301,87.8420028686523,49.7449989318848,0.556999981403351,13.7019230769231,-19.4144439697266,43.3211097717285
3132909,"MG","ITAMOGI",7372,"0",47.0151715039578,12.677,49.7330017089844,23.4080009460449,0.50900000333786,6.47033838312332,-21.0780563354492,47.0483322143555
3133006,"MG","ITAMONTE",7878,"0",32.3923376062221,9.096,65.3769989013672,17.056999206543,0.546000003814697,7.01636705124765,-22.2838897705078,44.8699989318848
3133105,"MG","ITANHANDU",8732,"0",35.5458177600206,12.256,51.1870002746582,13.9250001907349,0.624000012874603,13.9781065800553,-22.2958335876465,44.9347229003906
3133204,"MG","ITANHOMI",9898,"0",40.6328900858441,7.681,74.4749984741211,41.9300003051758,0.547999978065491,19.1210404866793,-19.1719436645508,41.8652763366699
3133303,"MG","ITAOBIM",15361,"0",34.1827517352857,13.969,79.3809967041016,46.9630012512207,0.488999992609024,13.9686318442795,-16.5616664886475,41.5033340454102
3133402,"MG","ITAPAGIPE",8182,"0",21.4570710802424,5.258,41.8530006408691,19.5189990997314,0.554000020027161,7.21569639860591,-19.9086112976074,49.3813896179199
3133501,"MG","ITAPECERICA",16833,"0",35.382702403979,9.814,65.2779998779297,22.6870002746582,0.569000005722046,13.2031496062992,-20.4724998474121,45.1255569458008
3133600,"MG","ITAPEVA",4501,"0",54.157949790795,9.692,32.601001739502,23.3950004577637,0.500999987125397,10.6501391348343,-22.7680549621582,46.220832824707
3133709,"MG","ITATIAIUCU",5898,"0",39.6133359637009,13.824,63.9140014648438,29.1849994659424,0.501999974250793,11.2509534706331,-20.1966667175293,44.4211120605469
3133758,"MG","ITAU DE MINAS",8834,"0",33.5080542060854,7.219,30.3729991912842,15.6579999923706,0.467999994754791,14.780738439479,-20.739444732666,46.7522239685059
3133808,"MG","ITAUNA",47036,"1",11.3621546278186,11.261,35.1450004577637,12.8000001907349,0.514999985694885,20.2814956684409,-20.0752773284912,44.5763893127441
3133907,"MG","ITAVERAVA",5135,"0",31.6861254412164,15.02,84.9560012817383,29.2339992523193,0.509999990463257,6.49872988992379,-20.6780548095703,43.6100006103516
3134004,"MG","ITINGA",9136,"0",32.8305519897304,11.766,89.7200012207031,52.9930000305176,0.509999990463257,17.8288697995621,-16.6130561828613,41.7652778625488
3134103,"MG","ITUETA",4181,"0",31.748726655348,11.43,79.1569976806641,29.1140003204346,0.501999974250793,6.62082514734774,-19.3941669464111,41.1702766418457
3134202,"MG","ITUIUTABA",62074,"1",6.10658479946471,10.612,35.8549995422363,17.746000289917,0.570999979972839,14.3345107971208,-18.9688892364502,49.4650001525879
3134301,"MG","ITUMIRIM",4826,"0",44.8743223262691,11.446,58.2760009765625,21.2329998016357,0.474999994039536,7.26651480637813,-21.3169441223145,44.8711128234863
3134400,"MG","ITURAMA",17762,"0",25.4202223946212,7.797,34.9900016784668,22.7560005187988,0.556999981403351,22.9464785863421,-19.7280559539795,50.195556640625
3134509,"MG","ITUTINGA",3086,"0",48.7814166031988,12.441,60.0999984741211,14.8990001678467,0.535000026226044,7.10059171597633,-21.2980556488037,44.6577758789062
3134608,"MG","JABOTICATUBAS",9331,"0",40.5294556301268,17.959,74.1259994506836,33.75,0.564000010490417,7.42307285608544,-19.5136108398438,43.7449989318848
3134707,"MG","JACINTO",8652,"0",26.1273907703106,17.508,86.6829986572266,54.5660018920898,0.537000000476837,13.0603814846313,-16.1444435119629,40.2933349609375
3134806,"MG","JACUI",4861,"0",35.9779482262704,11.072,58.8860015869141,23.8449993133545,0.48199999332428,5.98328200615926,-21.0166664123535,46.7411117553711
3134905,"MG","JACUTINGA",11209,"0",34.1715220280078,14.161,43.0690002441406,25.257999420166,0.523999989032745,10.2230659705743,-22.2855548858643,46.6122207641602
3135001,"MG","JAGUARACU",2172,"0",34.5831001678791,11.1,79.3809967041016,28.4500007629395,0.541999995708466,22.4299065420561,-19.6491661071777,42.7497215270996
3135050,"MG","JAIBA",12119,"0",34.7443466636961,16.707,80.6169967651367,50.0750007629395,0.462999999523163,10.819076746631,-15.3383331298828,43.674446105957
3135076,"MG","JAMPRUCA",3643,"0",38.9715257118572,14.026,86.9169998168945,59.8450012207031,0.5799999833107,19.0052700922266,-18.4627780914307,41.8038902282715
3135100,"MG","JANAUBA",36566,"0",33.5140428806268,11.176,74.7239990234375,33.5719985961914,0.578000009059906,8.58211037330506,-15.8024997711182,43.3088874816895
3135209,"MG","JANUARIA",39368,"0",38.0610949286728,13.658,79.2539978027344,40.0410003662109,0.630999982357025,12.3414490254362,-15.488055229187,44.3616676330566
3135308,"MG","JAPARAIBA",2305,"0",23.2151300236407,8.843,62.8349990844727,17.5130004882812,0.472000002861023,14.0136054421769,-20.1413879394531,45.5033340454102
3135357,"MG","JAPONVAR",4450,"0",28.0468991052144,10.74,90.4410018920898,62.3660011291504,0.448000013828278,11.2751584372171,-15.994722366333,44.2700004577637
3135407,"MG","JECEABA",4617,"0",46.2824351297405,12.065,71.6620025634766,26.3050003051758,0.467000007629395,12.201898587636,-20.5352783203125,43.9833335876465
3135456,"MG","JENIPAPO DE MINAS",3571,"0",52.1676989042401,16.809,89.1100006103516,61.0589981079102,0.47299998998642,11.2751584372171,-17.0827770233154,42.2583351135254
3135506,"MG","JEQUERI",11051,"0",38.7066913514943,15.969,85.3280029296875,39.2309989929199,0.578000009059906,6.92048192771084,-20.4558334350586,42.6658325195312
3135605,"MG","JEQUITAI",6145,"0",29.0649915438512,11.979,83.8010025024414,43.6230010986328,0.570999979972839,7.0427470217239,-17.2355556488037,44.445556640625
3135704,"MG","JEQUITIBA",3911,"0",29.1998724896398,11.813,82.8629989624023,31.7229995727539,0.538999974727631,6.4022933588151,-19.2355556488037,44.0277786254883
3135803,"MG","JEQUITINHONHA",15455,"0",30.2276841002191,14.951,79.556999206543,53.6699981689453,0.566999971866608,19.2929940845271,-16.4338893890381,41.0033340454102
3135902,"MG","JESUANIA",3589,"0",40.503355704698,15.742,81.754997253418,29.5540008544922,0.58899998664856,10.2526002971768,-21.9977779388428,45.2911109924316
3136009,"MG","JOAIMA",9149,"0",28.7100552116446,15.111,87.427001953125,61.8219985961914,0.697000026702881,20.7430053733556,-16.654167175293,41.0305557250977
3136108,"MG","JOANESIA",5282,"0",39.8812888637648,17.476,87.7829971313477,41.8289985656738,0.504000008106232,13.5802469135802,-19.1722221374512,42.6786117553711
3136207,"MG","JOAO MONLEVADE",44365,"1",9.07198251184094,11.048,41.8279991149902,11.0970001220703,0.504000008106232,33.8767985826809,-19.8099994659424,43.1736106872559
3136306,"MG","JOAO PINHEIRO",27367,"0",39.9254253087858,12.215,64.375,29.2849998474121,0.59500002861023,9.98199704237125,-17.7425003051758,46.1725006103516
3136405,"MG","JOAQUIM FELICIO",3478,"0",38.6867790594499,18.569,84.2060012817383,45.1510009765625,0.52700001001358,4.65927099841521,-17.7574996948242,44.1722221374512
3136504,"MG","JORDANIA",7226,"0",23.6918281006457,13.846,79.7409973144531,52.6619987487793,0.592999994754791,13.816951147734,-15.9002780914307,40.1780548095703
3136520,"MG","JOSE GONCALVES DE MINAS",2455,"0",36.6442199775533,14.596,83.0830001831055,53.5439987182617,0.451999992132187,11.2751584372171,-16.9069442749023,42.6036109924316
3136553,"MG","JOSE RAYDAN",2591,"0",49.7750281214848,14.924,90.6480026245117,58.1990013122559,0.527999997138977,11.2751584372171,-18.2194442749023,42.4986114501953
3136579,"MG","JOSENOPOLIS",2692,"0",33.5114911811865,17.255,84.0930023193359,61.9339981079102,0.446000009775162,11.2751584372171,-16.5472221374512,42.5152778625488
3136603,"MG","NOVA UNIAO",3876,"0",42.0720151610865,14.027,82.2399978637695,30.125,0.514999985694885,8.26245443499393,-19.6900005340576,43.5797233581543
3136652,"MG","JUATUBA",7361,"0",39.1627771295216,11.074,60.4129981994629,24.0650005340576,0.479999989271164,10.9351305812974,-19.9519443511963,44.3427772521973
3136702,"MG","JUIZ DE FORA",281394,"1",10.7604283449956,10.564,32.2809982299805,8.66899967193604,0.569999992847443,19.9744804008735,-21.7641658782959,43.3502769470215
3136801,"MG","JURAMENTO",2982,"0",36.109987868985,9.504,85.838996887207,37.3419990539551,0.522000014781952,12.4532453245325,-16.8480548858643,43.5869445800781
3136900,"MG","JURUAIA",4606,"0",35.536093418259,14.096,59.7019996643066,21.1110000610352,0.501999974250793,9.35118910182406,-21.2527770996094,46.5769462585449
3136959,"MG","JUVENILIA",3154,"0",23.3819044391732,7.709,95.4300003051758,54.3810005187988,0.451999992132187,11.2751584372171,-14.2624998092651,44.1602783203125
3137007,"MG","LADAINHA",9808,"0",32.9937561616826,16.873,93.8099975585938,60.4980010986328,0.45100000500679,7.03511666273863,-17.6322231292725,41.7374992370605
3137106,"MG","LAGAMAR",6442,"0",28.2341463414634,6.56,68.1500015258789,25.4209995269775,0.544000029563904,7.32654051431344,-18.1783332824707,46.8074989318848
3137205,"MG","LAGOA DA PRATA",21060,"0",28.062170970168,12.546,50.6510009765625,16.8659992218018,0.49099999666214,10.984811366977,-20.0224990844727,45.5436096191406
3137304,"MG","LAGOA DOS PATOS",3132,"0",18.4549356223176,7.261,78.9729995727539,49.8310012817383,0.51800000667572,2.63157894736842,-16.9833335876465,44.5822219848633
3137403,"MG","LAGOA DOURADA",7022,"0",29.700142789148,10.044,77.7880020141602,16.5839996337891,0.587000012397766,7.16501240694789,-20.9144439697266,44.0783348083496
3137502,"MG","LAGOA FORMOSA",12279,"0",33.1404051491867,10.793,53.5289993286133,22.9759998321533,0.532999992370605,8.02669861372583,-18.7786102294922,46.4075012207031
3137536,"MG","LAGOA GRANDE",4344,"0",26.2019914651494,6.995,72.3270034790039,28.2660007476807,0.460999995470047,14.3820766080463,-17.835277557373,46.5144462585449
3137601,"MG","LAGOA SANTA",22196,"0",36.2969799518023,13.199,50.6990013122559,15.3640003204346,0.61599999666214,11.9991336365605,-19.6272220611572,43.889720916748
3137700,"MG","LAJINHA",12756,"0",29.2743953294412,12.011,68.7750015258789,35.3880004882812,0.524999976158142,8.56751199451679,-20.151388168335,41.6227760314941
3137809,"MG","LAMBARI",12067,"0",41.1210595038239,11.56,62.1969985961914,18.2080001831055,0.577000021934509,12.2508591065292,-21.9755554199219,45.3502769470215
3137908,"MG","LAMIM",3004,"0",23.1414410979794,13.555,84.0820007324219,30.4559993743896,0.526000022888184,12.0286576168929,-20.7902774810791,43.4741668701172
3138005,"MG","LARANJAL",4696,"0",20.1999545557828,11.685,72.9339981079102,26.4379997253418,0.551999986171722,11.6031886625332,-21.3744449615479,42.4769439697266
3138104,"MG","LASSANCE",4322,"0",44.5179255134006,17.773,76.3379974365234,32.6180000305176,0.49099999666214,9.68479918657855,-17.8866672515869,44.5774993896484
3138203,"MG","LAVRAS",47583,"1",13.1684584506067,11.915,37.7369995117188,10.7550001144409,0.554000020027161,15.976014801275,-21.2452774047852,44.9997215270996
3138302,"MG","LEANDRO FERREIRA",2439,"0",29.3582375478927,13.137,69.8300018310547,26.8980007171631,0.544000029563904,8.50779510022272,-19.7180557250977,45.0250015258789
3138351,"MG","LEME DO PRADO",2824,"0",20.5835543766578,9.666,77.7839965820312,51.2109985351562,0.490000009536743,11.2751584372171,-17.0833339691162,42.6925010681152
3138401,"MG","LEOPOLDINA",34926,"0",27.2120258696032,12.913,61.5270004272461,20.9190006256104,0.574999988079071,16.5356228347643,-21.5319442749023,42.6430549621582
3138500,"MG","LIBERDADE",4491,"0",36.3636363636364,13.125,78.015998840332,35.7690010070801,0.596000015735626,11.7919921875,-22.0288887023926,44.3197212219238
3138609,"MG","LIMA DUARTE",12028,"0",32.6649288149188,12.6,67.6110000610352,26.1630001068115,0.563000023365021,17.777393110611,-21.8425006866455,43.7930564880371
3138625,"MG","LIMEIRA DO OESTE",5109,"0",18.864820400329,5.855,57.6419982910156,36.5550003051758,0.416999995708466,26.3490725126476,-19.5511112213135,50.5805549621582
3138658,"MG","LONTRA",4780,"0",23.2151772341488,11.575,91.5250015258789,62.3559989929199,0.513000011444092,4.86803519061584,-15.9033336639404,44.3050003051758
3138674,"MG","LUISBURGO",2945,"0",40.8209806157355,16.468,68.1340026855469,43.326000213623,0.453999996185303,11.2751584372171,-20.4397220611572,42.1027793884277
3138682,"MG","LUISLANDIA",3818,"0",32.2074377345616,8.682,93.5210037231445,53.1279983520508,0.470999985933304,11.2751584372171,-16.1175003051758,44.5886116027832
3138708,"MG","LUMINARIAS",3759,"0",43.9435755903097,14.907,68.3580017089844,20.2789993286133,0.522000014781952,6.06314613020397,-21.5111103057861,44.9033317565918
3138807,"MG","LUZ",12301,"0",36.2599656877586,8.86,51.685001373291,20.1560001373291,0.686999976634979,7.44516792323509,-19.8013896942139,45.6855545043945
3138906,"MG","MACHACALIS",5466,"0",33.7612323491656,12.267,81.4049987792969,50.8009986877441,0.5799999833107,14.2449561850418,-17.0772228240967,40.7163887023926
3139003,"MG","MACHADO",20822,"0",35.6227057509177,16.363,51.101001739502,19.5690002441406,0.592999994754791,8.49362219072687,-21.6747226715088,45.9197235107422
3139102,"MG","MADRE DE DEUS DE MINAS",3259,"0",20.5110497237569,10.778,73.0380020141602,18.7189998626709,0.554000020027161,10.2426725496376,-21.4825000762939,44.3302764892578
3139201,"MG","MALACACHETA",13767,"0",36.0127478753541,12.759,85.5250015258789,53.3160018920898,0.545000016689301,4.77968240614155,-17.8422222137451,42.0766677856445
3139250,"MG","MAMONAS",4890,"0",21.6511755057408,9.905,92.1490020751953,60.625,0.47299998998642,1.81064572425829,-15.0502777099609,42.9494438171387
3139300,"MG","MANGA",13038,"0",31.9722650231125,12.679,77.7080001831055,48.1829986572266,0.728999972343445,8.22662565276486,-14.7558336257935,43.9322204589844
3139409,"MG","MANHUACU",37773,"0",33.5516420155427,16.205,57.7719993591309,22.4130001068115,0.569999992847443,11.2595794851641,-20.2580547332764,42.0336112976074
3139508,"MG","MANHUMIRIM",13327,"0",36.0137522681692,17.378,61.9739990234375,26.3159999847412,0.593999981880188,11.4720878546215,-20.3577785491943,41.9580574035645
3139607,"MG","MANTENA",19173,"0",35.3931772188494,7.177,70.8659973144531,38.576000213623,0.634999990463257,7.64871149002131,-18.781665802002,40.9802780151367
3139706,"MG","MARAVILHAS",4220,"0",27.133896918462,11.486,59.8339996337891,20.625,0.568000018596649,4.16004239533651,-19.5161113739014,44.6763877868652
3139805,"MG","MAR DE ESPANHA",8007,"0",31.3688511708314,14.45,68.3769989013672,21.5359992980957,0.561999976634979,9.96704021094265,-21.8672218322754,43.0097236633301
3139904,"MG","MARIA DA FE",9805,"0",35.5332267641014,15.739,62.7239990234375,20.6679992675781,0.549000024795532,6.51412305671119,-22.3080558776855,45.3752784729004
3140001,"MG","MARIANA",27777,"0",44.04659188956,12.807,55.1040000915527,19.9120006561279,0.592000007629395,15.6595085774826,-20.3777770996094,43.4161109924316
3140100,"MG","MARILAC",3577,"0",24.6194824961948,11.749,83.370002746582,49.1230010986328,0.550000011920929,10.1218097447796,-18.5080547332764,42.0838890075684
3140159,"MG","MARIO CAMPOS",3590,"0",42.9878048780488,19.19,72.1419982910156,24.3299999237061,0.537000000476837,11.2751584372171,-20.0563888549805,44.1883316040039
3140209,"MG","MARIPA DE MINAS",1913,"0",20.1803833145434,9.46,65.3669967651367,22.8159999847412,0.538999974727631,7.30050933786078,-21.698055267334,42.9588890075684
3140308,"MG","MARLIERIA",2911,"0",29.4351630867144,12.455,85.9879989624023,32.882999420166,0.546999990940094,26.723816623183,-19.7122230529785,42.7322235107422
3140407,"MG","MARMELOPOLIS",2566,"0",39.2839132627332,10.463,74.2600021362305,25.7269992828369,0.492000013589859,10.6625713032032,-22.4491672515869,45.1652793884277
3140506,"MG","MARTINHO CAMPOS",8274,"0",39.3015098368156,13.901,59.7960014343262,21.3880004882812,0.51800000667572,6.69281376518219,-19.3316669464111,45.236946105957
3140530,"MG","MARTINS SOARES",3187,"0",28.8187764524817,12.107,68.7040023803711,28.5370006561279,0.493999987840652,11.2751584372171,-20.2569446563721,41.8769454956055
3140555,"MG","MATA VERDE",5312,"0",38.0710659898477,13.112,89.1220016479492,70.4789962768555,0.542999982833862,4.1414386049891,-15.6863889694214,40.7411117553711
3140605,"MG","MATERLANDIA",3126,"0",45.4460532461467,24.322,88.0989990234375,50.2939987182617,0.578999996185303,2.80806078625702,-18.4741668701172,43.0597229003906
3140704,"MG","MATEUS LEME",13052,"0",47.3993782035123,16.403,55.0250015258789,24.923999786377,0.528999984264374,10.3091060985798,-19.9863891601562,44.4277763366699
3140803,"MG","MATIAS BARBOSA",8132,"0",34.5983639533324,13.553,52.8400001525879,20.4360008239746,0.549000024795532,21.7629799719352,-21.8691673278809,43.3194427490234
3140852,"MG","MATIAS CARDOSO",5252,"0",37.4602256291582,14.381,89.7710037231445,55.8889999389648,0.460999995470047,3.02310516087238,-14.8547220230103,43.9219436645508
3140902,"MG","MATIPO",10647,"0",34.0917212626563,15.658,77.9400024414062,39.1580009460449,0.547999978065491,4.57639543407687,-20.2838897705078,42.3411102294922
3141009,"MG","MATO VERDE",9667,"0",27.9017543859649,8.175,80.5640029907227,46.773998260498,0.51800000667572,4.57889081742293,-15.3972225189209,42.8663902282715
3141108,"MG","MATOZINHOS",18926,"0",38.1466872463271,10.601,55.1080017089844,17.548999786377,0.501999974250793,14.5640183077104,-19.5577774047852,44.0813903808594
3141207,"MG","MATUTINA",2894,"0",34.4426623897354,11.7,57.6199989318848,25.8099994659424,0.569000005722046,4.4909258689634,-19.2224998474121,45.9686126708984
3141306,"MG","MEDEIROS",2157,"0",33.4543254688445,7.676,45.318000793457,15.9750003814697,0.542999982833862,6.74102812803104,-19.9955558776855,46.2261123657227
3141405,"MG","MEDINA",17174,"0",34.9106014087051,17.873,88.6100006103516,52.3019981384277,0.60699999332428,13.7393054856568,-16.2224998474121,41.4769439697266
3141504,"MG","MENDES PIMENTEL",5654,"0",32.0918367346939,8.642,82.3160018920898,51.0660018920898,0.582000017166138,12.108382726503,-18.661111831665,41.4047241210938
3141603,"MG","MERCES",7648,"0",37.2255489021956,15.83,79.2590026855469,37.1800003051758,0.549000024795532,13.9176663031625,-21.1941661834717,43.3413887023926
3141702,"MG","MESQUITA",5417,"0",46.8261964735516,12.382,80.4069976806641,37.1189994812012,0.474999994039536,12.1429998002796,-19.2224998474121,42.6072235107422
3141801,"MG","MINAS NOVAS",16178,"0",35.8093018739683,20.986,86.9380035400391,61.1520004272461,0.527999997138977,10.3753762280652,-17.2186107635498,42.5902786254883
3141900,"MG","MINDURI",3044,"0",25.8404212231673,14.167,69.1780014038086,22.0590000152588,0.545000016689301,11.8156618156618,-21.6819438934326,44.603889465332
3142007,"MG","MIRABELA",8376,"0",35.430349118562,11.976,82.8880004882812,37.4210014343262,0.555999994277954,6.84878799538284,-16.2627773284912,44.1644439697266
3142106,"MG","MIRADOURO",8192,"0",32.7215189873418,12.285,83.9229965209961,34.2540016174316,0.584999978542328,17.4932249322493,-20.8905563354492,42.3424987792969
3142205,"MG","MIRAI",9242,"0",30.3108808290155,11.443,76.1119995117188,25.9449996948242,0.58899998664856,8.64738805970149,-21.1952781677246,42.6141662597656
3142254,"MG","MIRAVANIA",2625,"0",23.6964078794901,11.256,92.677001953125,63.2779998779297,0.497000008821487,11.2751584372171,-14.7411108016968,44.4036102294922
3142304,"MG","MOEDA",3073,"0",38.8850415512465,14.306,78.7170028686523,23.2269992828369,0.523000001907349,11.4197530864198,-20.3330554962158,44.0527763366699
3142403,"MG","MOEMA",4802,"0",28.9945440374123,9.265,49.632999420166,19.3689994812012,0.479999989271164,8.17624347036112,-19.843334197998,45.410831451416
3142502,"MG","MONJOLOS",2285,"0",31.4422419685578,11.841,86.9660034179688,41.9879989624023,0.533999979496002,4.02326708676684,-18.3252773284912,44.1191673278809
3142601,"MG","MONSENHOR PAULO",5526,"0",43.4621261733246,12.487,57.0940017700195,23.0659999847412,0.61599999666214,6.88749747525752,-21.7574996948242,45.5411109924316
3142700,"MG","MONTALVANIA",10158,"0",34.9027179563345,12.597,73.8499984741211,48.0940017700195,0.633000016212463,6.56485706304125,-14.4227781295776,44.3655548095703
3142809,"MG","MONTE ALEGRE DE MINAS",13266,"0",35.6232159847764,8.631,51.9059982299805,21.2789993286133,0.607999980449677,8.00541660028676,-18.8705558776855,48.8808326721191
3142908,"MG","MONTE AZUL",16142,"0",22.1505024920337,7.822,81.6460037231445,47.1669998168945,0.547999978065491,5.61079163755576,-15.1549997329712,42.8747215270996
3143005,"MG","MONTE BELO",8604,"0",39.300718254506,13.15,52.5099983215332,29.9629993438721,0.433999985456467,9.14680050188206,-21.3263893127441,46.3675003051758
3143104,"MG","MONTE CARMELO",25393,"0",32.6809568188879,10.925,43.1959991455078,17.80299949646,0.570999979972839,15.5994121352089,-18.7247219085693,47.4986114501953
3143153,"MG","MONTE FORMOSO",2752,"0",30.3121852970796,12.482,92.7620010375977,63.8419990539551,0.504999995231628,11.2751584372171,-16.8658332824707,41.2552795410156
3143203,"MG","MONTE SANTO DE MINAS",13640,"0",47.6268412438625,19.539,57.8499984741211,26.4069995880127,0.564000010490417,8.39350881279602,-21.1897220611572,46.9802780151367
3143302,"MG","MONTES CLAROS",160176,"1",11.0290034282837,11.68,58.3209991455078,20.1720008850098,0.605000019073486,16.0948277030232,-16.7350006103516,43.8616676330566
3143401,"MG","MONTE SIAO",10482,"0",54.6694764862467,16.278,47.9669990539551,25.2040004730225,0.537000000476837,7.89091663210286,-22.4325008392334,46.5724983215332
3143450,"MG","MONTEZUMA",4309,"0",35.496062992126,10.381,87.0319976806641,59.984001159668,0.519999980926514,2.15358458486823,-15.1719446182251,42.4972229003906
3143500,"MG","MORADA NOVA DE MINAS",5581,"0",39.7650248531405,11.527,63.9690017700195,20.5419998168945,0.541999995708466,5.74337303111794,-18.6044445037842,45.3566665649414
3143609,"MG","MORRO DA GARCA",1924,"0",29.2141951837769,12.85,84.1070022583008,33.8689994812012,0.51800000667572,5.10708401976936,-18.5469436645508,44.6025009155273
3143708,"MG","MORRO DO PILAR",2957,"0",17.1393341553637,19.033,81.6999969482422,49.7200012207031,0.531000018119812,6.96876072777206,-19.21555519104,43.3763885498047
3143807,"MG","MUNHOZ",4809,"0",27.118179325473,11.504,53.2150001525879,31.7959995269775,0.488999992609024,6.25554569653949,-22.6130561828613,46.3605537414551
3143906,"MG","MURIAE",58532,"1",9.94265820192505,12.24,56.7280006408691,19.8810005187988,0.610000014305115,14.9983686226023,-21.1305561065674,42.3663902282715
3144003,"MG","MUTUM",18916,"0",33.565030455034,12.195,83.2050018310547,41.6829986572266,0.537999987602234,17.2466960352423,-19.7999992370605,41.4383316040039
3144102,"MG","MUZAMBINHO",12928,"0",33.148645138949,11.995,49.7229995727539,14.3009996414185,0.513000011444092,10.435411311054,-21.3758335113525,46.5255546569824
3144201,"MG","NACIP RAYDAN",2869,"0",24.8548199767712,9.854,85.4609985351562,45.6389999389648,0.538999974727631,7.07442888725129,-18.4591674804688,42.2486114501953
3144300,"MG","NANUQUE",31519,"0",35.8166729536024,14.266,65.8990020751953,38.4420013427734,0.603999972343445,18.7223343602819,-17.8391666412354,40.353889465332
3144359,"MG","NAQUE",3256,"0",39.1982182628062,18.915,71.1959991455078,34.7630004882812,0.541000008583069,11.2751584372171,-19.2302780151367,42.3283348083496
3144375,"MG","NATALANDIA",2641,"0",32.4723247232472,10.899,62.6910018920898,34.6969985961914,0.497999995946884,11.2751584372171,-16.5041675567627,46.4933319091797
3144409,"MG","NATERCIA",3316,"0",44.8322602507625,10.215,64.5650024414062,18.0520000457764,0.500999987125397,5.41627978953884,-22.1200008392334,45.5116653442383
3144508,"MG","NAZARENO",5148,"0",24.3845796562935,12.626,68.0609970092773,21.1849994659424,0.47299998998642,7.73413897280967,-21.2163887023926,44.6113891601562
3144607,"MG","NEPOMUCENO",15737,"0",45.9090577330122,14.659,64.8960037231445,23.6709995269775,0.634999990463257,7.54742547425474,-21.2358341217041,45.2358322143555
3144656,"MG","NINHEIRA",5184,"0",33.2711276992802,16.077,87.2730026245117,73.4219970703125,0.490000009536743,11.2751584372171,-15.3211107254028,41.7536125183105
3144672,"MG","NOVA BELEM",3099,"0",22.4757076468103,6.88,90.8509979248047,53.4980010986328,0.437999993562698,11.2751584372171,-18.4750003814697,41.0166664123535
3144706,"MG","NOVA ERA",12300,"0",39.5579048534359,14.257,48.0250015258789,18.576000213623,0.535000026226044,26.2614290551981,-19.75,43.0374984741211
3144805,"MG","NOVA LIMA",37739,"0",26.1709536111423,12.004,32.0099983215332,10.0500001907349,0.550999999046326,28.7972004289665,-19.9855556488037,43.8466682434082
3144904,"MG","NOVA MODICA",3164,"0",22.6124197002141,7.351,85.0299987792969,57.2560005187988,0.584999978542328,8.34477079330222,-18.4372215270996,41.5013885498047
3145000,"MG","NOVA PONTE",7016,"0",23.6505974454059,9.44,29.6100006103516,15.0080003738403,0.513999998569489,8.17388642277667,-19.1525001525879,47.6747207641602
3145059,"MG","NOVA PORTEIRINHA",3408,"0",33.0118232731798,12.783,81.1900024414062,38.4230003356934,0.432000011205673,11.2751584372171,-15.8024997711182,43.3005561828613
3145109,"MG","NOVA RESENDE",8028,"0",55.5539952253897,11.516,53.2519989013672,27.6889991760254,0.555000007152557,11.4528101802757,-21.1261119842529,46.4202766418457
3145208,"MG","NOVA SERRANA",15111,"0",36.9244020406811,12.293,34.9850006103516,19.0659999847412,0.439000010490417,6.06601886253215,-19.8761119842529,44.9836120605469
3145307,"MG","NOVO CRUZEIRO",18255,"0",35.3413654618474,25.435,91.4280014038086,61.9970016479492,0.509999990463257,11.6404948846062,-17.4680557250977,41.8752784729004
3145356,"MG","NOVO ORIENTE DE MINAS",6669,"0",41.4074451810301,23.746,83.7360000610352,60.6730003356934,0.544000029563904,11.2751584372171,-17.4152774810791,41.2152786254883
3145372,"MG","NOVORIZONTE",3196,"0",26.6468338291543,12.736,88.943000793457,55.8250007629395,0.48199999332428,11.2751584372171,-16.0172214508057,42.4077758789062
3145406,"MG","OLARIA",1763,"0",21.374527112232,7.216,81.8410034179688,38.4459991455078,0.52999997138977,10.3383458646617,-21.8608341217041,43.9372215270996
3145455,"MG","OLHOS DAGUA",2557,"0",29.7186700767263,8.481,85.8949966430664,56.6399993896484,0.486999988555908,11.2751584372171,-17.3969440460205,43.5733337402344
3145505,"MG","OLIMPIO NORONHA",1540,"0",33.1020124913255,13.525,73.213996887207,27.75,0.603999972343445,12.3670212765957,-22.067777633667,45.2638893127441
3145604,"MG","OLIVEIRA",24229,"0",29.9147237594121,14.326,58.2439994812012,16.6040000915527,0.561999976634979,8.89918586523471,-20.6963882446289,44.827220916748
3145703,"MG","OLIVEIRA FORTES",1557,"0",38.1569965870307,13.124,81.7649993896484,33.2019996643066,0.503000020980835,8.60289057123194,-21.338888168335,43.4563903808594
3145802,"MG","ONCA DE PITANGUI",2431,"0",33.3657587548638,10.473,67.6750030517578,26.6660003662109,0.47299998998642,6.74747474747475,-19.7302780151367,44.8072204589844
3145851,"MG","ORATORIOS",2701,"0",34.8695652173913,23.282,85.4530029296875,35.6559982299805,0.556999981403351,11.2751584372171,-20.4305553436279,42.8055572509766
3145877,"MG","ORIZANIA",3851,"0",32.8258221680877,18.258,79.3840026855469,34.0950012207031,0.449000000953674,11.2751584372171,-20.5063896179199,42.2099990844727
3145901,"MG","OURO BRANCO",18587,"0",30.6607521186441,7.155,30.6070003509521,11.8610000610352,0.53600001335144,25.1810469687565,-20.5208339691162,43.6919441223145
3146008,"MG","OURO FINO",18465,"0",31.4722052535125,10.842,47.6430015563965,22.1989994049072,0.569000005722046,9.96299294553024,-22.2830562591553,46.3688888549805
3146107,"MG","OURO PRETO",45071,"1",18.2170837453411,12.03,52.1349983215332,13.7770004272461,0.586000025272369,18.2874445461587,-20.2875003814697,43.508056640625
3146206,"MG","OURO VERDE DE MINAS",6641,"0",21.3268792710706,18.569,88.8130035400391,59.7770004272461,0.545000016689301,10.7262382864793,-18.0705547332764,41.2697219848633
3146255,"MG","PADRE CARVALHO",2892,"0",19.6052631578947,20.454,87.3410034179688,67.6790008544922,0.544000029563904,11.2751584372171,-16.364444732666,42.5152778625488
3146305,"MG","PADRE PARAISO",13516,"0",36.459725428259,17.43,83.2669982910156,51.5320014953613,0.501999974250793,13.2882709885552,-17.0741672515869,41.4844436645508
3146404,"MG","PAINEIRAS",3660,"0",34.9273021001615,9.662,68.5059967041016,24.9220008850098,0.531000018119812,6.5737655255983,-18.908332824707,45.531665802002
3146503,"MG","PAINS",6242,"0",30.965636398541,8.484,56.8269996643066,20.9130001068115,0.564000010490417,15.2134196977246,-20.3705558776855,45.6613883972168
3146552,"MG","PAI PEDRO",3300,"0",30.5220883534137,13.274,94.504997253418,69.9990005493164,0.476999998092651,11.2751584372171,-15.5166664123535,43.0652770996094
3146602,"MG","PAIVA",1198,"0",23.5347159603246,11.657,76.2919998168945,32.8489990234375,0.523000001907349,11.1111111111111,-21.2891674041748,43.4158325195312
3146701,"MG","PALMA",5428,"0",23.9280159964452,10.733,73.1210021972656,22.8810005187988,0.58899998664856,19.9030067895247,-21.375,42.3141670227051
3146750,"MG","PALMOPOLIS",5871,"0",26.6316371681416,13.096,87.6689987182617,60.2669982910156,0.499000012874603,13.2639791937581,-16.7350006103516,40.4199981689453
3146909,"MG","PAPAGAIOS",7541,"0",29.979785414399,15.231,56.9259986877441,25.1879997253418,0.574000000953674,3.86383223211721,-19.4491672515869,44.7477760314941
3147006,"MG","PARACATU",40917,"1",10.5952587955718,14.709,57.7900009155273,21.3439998626709,0.578999996185303,15.9722777555644,-17.2222213745117,46.8747215270996
3147105,"MG","PARA DE MINAS",42516,"1",12.3898524594327,11.091,45.8639984130859,13.8680000305176,0.558000028133392,9.77898879806237,-19.8602771759033,44.6083335876465
3147204,"MG","PARAGUACU",11727,"0",41.0205992509363,12.866,51.7750015258789,17.8460006713867,0.521000027656555,10.3889137237371,-21.5472221374512,45.7374992370605
3147303,"MG","PARAISOPOLIS",12245,"0",53.7873232058669,12.938,55.2789993286133,23.1809997558594,0.544000029563904,11.2384728087564,-22.5541667938232,45.7799987792969
3147402,"MG","PARAOPEBA",11700,"0",29.7614503816794,14.931,59.6549987792969,17.4869995117188,0.513000011444092,8.17307692307692,-19.2744445800781,44.404167175293
3147501,"MG","PASSABEM",1414,"0",32.4654190398698,13.138,85.9779968261719,35.5460014343262,0.572000026702881,7.14285714285714,-19.3533325195312,43.1363906860352
3147600,"MG","PASSA QUATRO",9551,"0",41.7693814076719,10.146,62.7750015258789,18.3199996948242,0.582000017166138,15.5545735749006,-22.3902778625488,44.966667175293
3147709,"MG","PASSA TEMPO",6348,"0",34.7559844126925,10.597,69.5429992675781,15.7819995880127,0.60699999332428,7.48056994818653,-20.6505546569824,44.4955558776855
3147808,"MG","PASSA VINTE",1953,"0",36.2739049969155,10.644,72.0970001220703,27.6539993286133,0.514999985694885,19.9087278950371,-22.2094440460205,44.2344436645508
3147907,"MG","PASSOS",57945,"1",11.3863570948863,15.994,33.5260009765625,16.0259990692139,0.554000020027161,14.8784516499695,-20.7188892364502,46.6097221374512
3147956,"MG","PATIS",3276,"0",19.4306930693069,10.062,93.5009994506836,63.2039985656738,0.526000022888184,11.2751584372171,-16.0763893127441,44.0819435119629
3148004,"MG","PATOS DE MINAS",76570,"1",7.28961271580595,9.652,42.0610008239746,15.4379997253418,0.582000017166138,11.9140165714523,-18.5788879394531,46.5180549621582
3148103,"MG","PATROCINIO",41814,"1",7.96186265026945,9.161,49.9459991455078,16.6009998321533,0.569000005722046,9.74165902954945,-18.9438896179199,46.9925003051758
3148202,"MG","PATROCINIO DO MURIAE",3843,"0",22.036980903304,13.088,75.0299987792969,25.6599998474121,0.598999977111816,12.9843840370156,-21.1525001525879,42.2147216796875
3148301,"MG","PAULA CANDIDO",6692,"0",30.2043176561295,14.921,83.6029968261719,29.1240005493164,0.560000002384186,14.6611120012818,-20.8741664886475,42.9802780151367
3148400,"MG","PAULISTAS",4494,"0",46.3615903975994,22.893,86.0599975585938,42.625,0.549000024795532,9.34869295525033,-18.4274997711182,42.8683319091797
3148509,"MG","PAVAO",7065,"0",30.7571684587814,12.492,79.7580032348633,51.201000213623,0.467999994754791,21.4666451300275,-17.4277782440186,40.9988899230957
3148608,"MG","PECANHA",11038,"0",42.1777067715374,16.606,85.1699981689453,48.4809989929199,0.637000024318695,5.45031571950814,-18.5486106872559,42.5569458007812
3148707,"MG","PEDRA AZUL",16713,"0",30.8365528660412,9.697,82.4349975585938,44.2879981994629,0.561999976634979,9.92245105517417,-16.005277633667,41.2972221374512
3148756,"MG","PEDRA BONITA",2872,"0",30.2742616033755,14.377,92.1679992675781,36.7900009155273,0.467000007629395,11.2751584372171,-20.5205554962158,42.3300018310547
3148806,"MG","PEDRA DO ANTA",3233,"0",16.9174311926606,14.773,84.1839981079102,31.4950008392334,0.546999990940094,8.16272965879265,-20.5972213745117,42.7136116027832
3148905,"MG","PEDRA DO INDAIA",3112,"0",32.1194464675892,13.21,64.120002746582,28.431999206543,0.518999993801117,9.43513345747983,-20.2583332061768,45.2088890075684
3149002,"MG","PEDRA DOURADA",1239,"0",22.0018034265104,9.185,69.7990036010742,32.3810005187988,0.508000016212463,25.199203187251,-20.8302783966064,42.154167175293
3149101,"MG","PEDRALVA",7818,"0",48.2510436159493,18.309,65.1689987182617,20.878999710083,0.560000002384186,7.93103448275862,-22.2427768707275,45.4658317565918
3149150,"MG","PEDRAS DE MARIA DA CRUZ",4843,"0",29.7807551766139,12.387,90.963996887207,53.5190010070801,0.449000000953674,9.41463414634146,-15.6066665649414,44.3913879394531
3149200,"MG","PEDRINOPOLIS",2447,"0",21.2975391498881,4.497,49.7690010070801,26.4689998626709,0.47299998998642,5.96289752650177,-19.2277774810791,47.4622230529785
3149309,"MG","PEDRO LEOPOLDO",32232,"0",30.0724516710627,9.556,45.6189994812012,12.7239999771118,0.559000015258789,17.673627021012,-19.6180553436279,44.0430564880371
3149408,"MG","PEDRO TEIXEIRA",1451,"0",20.3196347031963,7.709,81.3109970092773,26.0520000457764,0.469999998807907,13.2492113564669,-21.7063884735107,43.7455558776855
3149507,"MG","PEQUERI",1975,"0",26.2895174708819,10.207,66.4240036010742,17.6070003509521,0.58899998664856,14.7414741474147,-21.8341674804688,43.1205558776855
3149606,"MG","PEQUI",2718,"0",20.6297941057731,8.91,48.4449996948242,17.253999710083,0.535000026226044,12.5373134328358,-19.6327781677246,44.6588897705078
3149705,"MG","PERDIGAO",3853,"0",29.6473401075912,12.156,50.4749984741211,17.8889999389648,0.485000014305115,6.70045045045045,-19.9527778625488,45.0841674804688
3149804,"MG","PERDIZES",7238,"0",23.712196743104,7.667,49.0470008850098,22.2479991912842,0.587000012397766,5.60414642047295,-19.3527774810791,47.2927780151367
3149903,"MG","PERDOES",12464,"0",35.355743828004,12.74,54.898998260498,21.7730007171631,0.51800000667572,6.93611919849289,-21.0908336639404,45.0913887023926
3149952,"MG","PERIQUITO",5405,"0",36.5434669442998,18.243,76.1740036010742,46.2120018005371,0.48199999332428,11.2751584372171,-19.1574993133545,42.2336120605469
3150000,"MG","PESCADOR",3613,"0",28.8861180382377,11.955,81.245002746582,44.0820007324219,0.532000005245209,9.33653557490243,-18.3569450378418,41.5980567932129
3150109,"MG","PIAU",2312,"0",34.7555129434324,15.395,74.088996887207,29.0300006866455,0.522000014781952,8.35641735918744,-21.5094451904297,43.3227767944336
3150158,"MG","PIEDADE DE CARATINGA",2886,"0",31.2900274473925,19.26,84.4049987792969,41.0029983520508,0.507000029087067,11.2751584372171,-19.7594451904297,42.0758323669434
3150208,"MG","PIEDADE DE PONTE NOVA",3177,"0",38.5892116182573,18.312,76.4010009765625,37.265998840332,0.587000012397766,9.81848184818482,-20.2452774047852,42.7341651916504
3150307,"MG","PIEDADE DO RIO GRANDE",3902,"0",31.9594373568858,16.057,79.5500030517578,31.19700050354,0.569999992847443,7.53171247357294,-21.4686107635498,44.1961097717285
3150406,"MG","PIEDADE DOS GERAIS",3630,"0",37.0794824399261,11.021,84.3170013427734,37.0789985656738,0.46000000834465,6.70194003527337,-20.4711112976074,44.227222442627
3150505,"MG","PIMENTA",5467,"0",39.3523482736436,13.674,55.2509994506836,23.4710006713867,0.52999997138977,6.46411092985318,-20.4838886260986,45.7988891601562
3150539,"MG","PINGO DAGUA",2697,"0",31.7061143984221,10.148,84.3479995727539,38.6310005187988,0.500999987125397,11.2751584372171,-19.7275009155273,42.4080543518066
3150570,"MG","PINTOPOLIS",3912,"0",39.8383838383838,9.041,86.504997253418,51.560001373291,0.483000010251999,11.2751584372171,-16.0588893890381,45.1555557250977
3150604,"MG","PIRACEMA",4796,"0",31.5202231520223,13.14,82.6910018920898,25.4209995269775,0.547999978065491,13.3882595262616,-20.5077781677246,44.4824981689453
3150703,"MG","PIRAJUBA",2635,"0",25.0849102377487,8.642,34.0219993591309,21.6959991455078,0.521000027656555,8.9532293986637,-19.9069442749023,48.700553894043
3150802,"MG","PIRANGA",11418,"0",37.2507374631268,14.704,88.2200012207031,37.7949981689453,0.59799998998642,4.98436463564863,-20.6847229003906,43.3002777099609
3150901,"MG","PIRANGUCU",3588,"0",47.6286579212916,17.281,71.9020004272461,34.8419990539551,0.578999996185303,7.17037037037037,-22.5277786254883,45.4952774047852
3151008,"MG","PIRANGUINHO",4970,"0",52.501191043354,15.183,62.298999786377,22.7299995422363,0.509999990463257,19.5992485911083,-22.4011116027832,45.531665802002
3151107,"MG","PIRAPETINGA",7595,"0",35.8743710931544,14.77,65.0029983520508,24.5949993133545,0.519999980926514,12.2349330357143,-21.6563892364502,42.3455543518066
3151206,"MG","PIRAPORA",30829,"0",40.523499398515,12.689,61.3269996643066,18.7970008850098,0.61599999666214,13.716270746342,-17.3449993133545,44.9419441223145
3151305,"MG","PIRAUBA",7204,"0",30.5082019942104,11.13,75.0960006713867,24.261999130249,0.538999974727631,8.71222076215506,-21.276388168335,43.0263900756836
3151404,"MG","PITANGUI",16077,"0",24.264917843759,12.397,48.2680015563965,17.6380004882812,0.517000019550323,16.2850206679352,-19.6827774047852,44.8902778625488
3151503,"MG","PIUM I",18796,"0",31.5337126255901,8.004,36.5919990539551,16.4290008544922,0.53600001335144,15.26829543531,-20.4652786254883,45.9580574035645
3151602,"MG","PLANURA",5936,"0",27.5672242218929,9.66,25.0779991149902,20.0540008544922,0.490000009536743,13.2364649681529,-20.1377773284912,48.7019462585449
3151701,"MG","POCO FUNDO",10090,"0",40.3384094754653,8.507,40.1360015869141,16.0709991455078,0.500999987125397,13.4537294293653,-21.780834197998,45.9650001525879
3151800,"MG","POCOS DE CALDAS",78361,"1",10.5253500451671,17.048,19.9720001220703,11.6379995346069,0.51800000667572,15.2798321813732,-21.7877769470215,46.5613899230957
3151909,"MG","POCRANE",7936,"0",30.3431457934158,12.69,83.9000015258789,37.9389991760254,0.493000000715256,14.4640722539514,-19.619722366333,41.6369438171387
3152006,"MG","POMPEU",15643,"0",38.9373215090936,17.56,57.3769989013672,24.5769996643066,0.560999989509583,14.1862315957023,-19.2244453430176,44.9352760314941
3152105,"MG","PONTE NOVA",38036,"0",39.339108116779,16.606,56.9690017700195,19.4080009460449,0.589999973773956,13.0360250383107,-20.416389465332,42.9086112976074
3152131,"MG","PONTO CHIQUE",2221,"0",25.241066364152,11.272,86.0329971313477,45.8790016174316,0.470999985933304,11.2751584372171,-16.6305561065674,45.0655555725098
3152170,"MG","PONTO DOS VOLANTES",4932,"0",30.9415844225127,19.231,91.7180023193359,64.5660018920898,0.476000010967255,11.2751584372171,-16.7527770996094,41.5041656494141
3152204,"MG","PORTEIRINHA",25282,"0",24.8370238672485,11.854,85.2070007324219,47.5660018920898,0.541999995708466,5.33595623040511,-15.743332862854,43.0283317565918
3152303,"MG","PORTO FIRME",7548,"0",31.3405797101449,14.139,82.3550033569336,37.7470016479492,0.507000029087067,12.8779235596121,-20.6733341217041,43.0844459533691
3152402,"MG","POTE",10991,"0",45.9254143646409,17.936,88.0709991455078,56.8650016784668,0.535000026226044,13.9806568993584,-17.8066673278809,41.7863883972168
3152501,"MG","POUSO ALEGRE",57854,"1",19.3329112038141,13.721,24.1149997711182,13.3769998550415,0.526000022888184,12.7542747641509,-22.2299995422363,45.9363899230957
3152600,"MG","POUSO ALTO",4517,"0",43.9847577572128,15.548,64.4189987182617,22.1089992523193,0.540000021457672,9.72798524665745,-22.1936111450195,44.9724998474121
3152709,"MG","PRADOS",5291,"0",33.0004076640848,13.522,75.0699996948242,16.8810005187988,0.509999990463257,10.9573016182492,-21.0575008392334,44.0797233581543
3152808,"MG","PRATA",16386,"0",25.2327102084776,10.598,39.9480018615723,20.2320003509521,0.500999987125397,8.17630150111785,-19.307222366333,48.9241676330566
3152907,"MG","PRATAPOLIS",7674,"0",39.2131979695431,9.201,53.076000213623,18.4400005340576,0.546999990940094,10.4077989839352,-20.744722366333,46.8608322143555
3153004,"MG","PRATINHA",1952,"0",31.6890080428954,8.379,50.8320007324219,25.7940006256104,0.505999982357025,5.893536121673,-19.7511119842529,46.3780555725098
3153103,"MG","PRESIDENTE BERNARDES",4837,"0",22.6113757355001,11.443,89.9039993286133,30.5009994506836,0.615000009536743,11.2563704852648,-20.768611907959,43.1875
3153202,"MG","PRESIDENTE JUSCELINO",3364,"0",35.2468887996788,16.684,89.7730026245117,40.4189987182617,0.549000024795532,3.10650887573965,-18.6372222900391,44.0583343505859
3153301,"MG","PRESIDENTE KUBITSCHEK",2466,"0",27.7808831749581,12.556,84.5309982299805,30.2749996185303,0.53600001335144,6.66666666666667,-18.614444732666,43.5622215270996
3153400,"MG","PRESIDENTE OLEGARIO",12594,"0",34.4757241942064,8.949,62.8730010986328,28.1879997253418,0.474000006914139,10.6200812937819,-18.4177780151367,46.4180564880371
3153509,"MG","ALTO JEQUITIBA",5266,"0",33.1665475339528,12.944,72.9209976196289,24.7929992675781,0.547999978065491,3.62582781456954,-20.4238891601562,41.9663887023926
3153608,"MG","PRUDENTE DE MORAIS",5227,"0",41.0348706411699,12.007,68.7020034790039,18.0890007019043,0.523000001907349,15.9148936170213,-19.4819450378418,44.1549987792969
3153707,"MG","QUARTEL GERAL",2692,"0",31.1214953271028,14.079,65.5859985351562,30.2040004730225,0.501999974250793,6.81308830121022,-19.2736110687256,45.5572204589844
3153806,"MG","QUELUZITO",1606,"0",31.1486486486486,7.672,84.4280014038086,22.625,0.507000029087067,9.04977375565611,-20.7399997711182,43.8844451904297
3153905,"MG","RAPOSOS",9654,"0",36.31156930126,13.316,37.6759986877441,14.9530000686646,0.430000007152557,26.4909390444811,-19.9672222137451,43.8041648864746
3154002,"MG","RAUL SOARES",18561,"0",37.6321353065539,16.242,77.5719985961914,30.0669994354248,0.583999991416931,13.7001494912475,-20.1019439697266,42.4524993896484
3154101,"MG","RECREIO",8438,"0",31.6610064834826,11.078,67.7539978027344,23.386999130249,0.711000025272369,15.8769158769159,-21.5249996185303,42.469165802002
3154150,"MG","REDUTO",2956,"0",32.3679060665362,17.005,80.7580032348633,32.9059982299805,0.504999995231628,11.2751584372171,-20.2188892364502,41.9824981689453
3154200,"MG","RESENDE COSTA",7073,"0",34.3946932006634,13.057,68.1640014648438,14.0050001144409,0.531000018119812,13.9077741649424,-20.9222221374512,44.2374992370605
3154309,"MG","RESPLENDOR",13908,"0",41.5754257907543,9.923,68.4489974975586,34.648998260498,0.537999987602234,6.4866495700709,-19.3255558013916,41.2552795410156
3154408,"MG","RESSAQUINHA",3793,"0",24.7662141779789,10.143,79.0500030517578,22.9589996337891,0.513000011444092,10.4085058757694,-21.0625,43.7627792358398
3154457,"MG","RIACHINHO",4674,"0",21.8840115347645,10.414,79.6729965209961,38.6180000305176,0.53600001335144,12.6546391752577,-16.2299995422363,45.9916648864746
3154507,"MG","RIACHO DOS MACHADOS",6872,"0",24.9208860759494,12.182,87.4179992675781,51.3520011901855,0.560000002384186,5.82298136645963,-16.0061111450195,43.049446105957
3154606,"MG","RIBEIRAO DAS NEVES",87027,"1",16.1799006185985,26.755,53.3440017700195,19.5849990844727,0.453999996185303,13.4759089193609,-19.7669448852539,44.0866661071777
3154705,"MG","RIBEIRAO VERMELHO",2535,"0",30.7955517536356,11.727,44.3470001220703,12.2729997634888,0.541000008583069,24.7478991596639,-21.1905555725098,45.0619430541992
3154804,"MG","RIO ACIMA",4995,"0",39.4270122783083,12.851,62.0929985046387,15.1940002441406,0.46399998664856,20.4796264855688,-20.0874996185303,43.7894439697266
3154903,"MG","RIO CASCA",12559,"0",40.7512868251013,20.173,77.9459991455078,28.6669998168945,0.629000008106232,7.93382849426064,-20.226110458374,42.6508331298828
3155009,"MG","RIO DOCE",1802,"0",45.249169435216,14.26,78.5279998779297,29.0240001678467,0.554000020027161,18.6032510535822,-20.244722366333,42.8958320617676
3155108,"MG","RIO DO PRADO",3715,"0",32.5220310532942,11.98,89.004997253418,56.1839981079102,0.566999971866608,13.9548519495749,-16.6083335876465,40.5697212219238
3155207,"MG","RIO ESPERA",5539,"0",22.3696911196911,15.91,89.7330017089844,32.2999992370605,0.563000023365021,10.0471253534402,-20.8552780151367,43.4744453430176
3155306,"MG","RIO MANSO",3518,"0",37.7983612397578,10.027,77.1760025024414,36.2089996337891,0.5,8.72198667474258,-20.2652778625488,44.3077774047852
3155405,"MG","RIO NOVO",6280,"0",35.693377241127,13.976,67.5699996948242,22.2849998474121,0.560000002384186,8.99221147037999,-21.4575004577637,43.1252784729004
3155504,"MG","RIO PARANAIBA",6737,"0",38.4914594960257,7.28,54.1389999389648,23.1399993896484,0.52999997138977,7.87648612945839,-19.1936111450195,46.2472229003906
3155603,"MG","RIO PARDO DE MINAS",13389,"0",39.0192867540029,13.407,83.322998046875,64.5230026245117,0.497000008821487,3.17942083789432,-15.6097221374512,42.539722442627
3155702,"MG","RIO PIRACICABA",10435,"0",31.5331399241241,10.919,64.7809982299805,19.6580009460449,0.601000010967255,12.9042098840757,-19.9291667938232,43.1741676330566
3155801,"MG","RIO POMBA",12044,"0",36.0275064779749,13.221,63.826000213623,24.132999420166,0.568000018596649,17.6679340937896,-21.2747230529785,43.1791648864746
3155900,"MG","RIO PRETO",3941,"0",32.9689298043728,11.133,67.8420028686523,24.94700050354,0.540000021457672,18.4844583409969,-22.0891666412354,43.8277778625488
3156007,"MG","RIO VERMELHO",9388,"0",40.7272149888854,21.34,85.4290008544922,58.726001739502,0.490000009536743,4.5577990317629,-18.2936115264893,43.0091667175293
3156106,"MG","RITAPOLIS",4614,"0",27.3772791023843,9.226,75.8889999389648,19.7350006103516,0.501999974250793,8.64337568058076,-21.0219440460205,44.3180541992188
3156205,"MG","ROCHEDO DE MINAS",1423,"0",19.7258187357197,8.907,77.015998840332,26.8120002746582,0.558000028133392,15.8487530168946,-21.6297225952148,43.0197219848633
3156304,"MG","RODEIRO",3063,"0",31.3597246127367,9.625,77.515998840332,26.5879993438721,0.500999987125397,9.89621942179392,-21.2000007629395,42.8650016784668
3156403,"MG","ROMARIA",2309,"0",24.7501189909567,7.193,46.6189994812012,20.0590000152588,0.533999979496002,8.27897641746111,-18.8824996948242,47.5855560302734
3156452,"MG","ROSARIO DA LIMEIRA",2996,"0",29.073482428115,16.154,84.1419982910156,37.5009994506836,0.495000004768372,11.2751584372171,-20.978889465332,42.5119438171387
3156502,"MG","RUBELITA",6519,"0",23.7026647966339,15.418,91.2350006103516,50.4910011291504,0.486000001430511,10.1353916234341,-16.4074993133545,42.2625007629395
3156601,"MG","RUBIM",7916,"0",26.9214876033058,13.497,86.0370025634766,49.8479995727539,0.624000012874603,9.66831333803811,-16.3747215270996,40.5374984741211
3156700,"MG","SABARA",60664,"1",16.6466734336071,23.604,48.773998260498,13.9989995956421,0.542999982833862,19.968834261302,-19.8863887786865,43.8066673278809
3156809,"MG","SABINOPOLIS",10399,"0",53.5714285714286,26.794,78.3850021362305,39.1500015258789,0.611999988555908,11.5380766536576,-18.6661109924316,43.0838890075684
3156908,"MG","SACRAMENTO",13338,"0",31.1023622047244,8.634,54.4109992980957,19.125,0.569000005722046,10.0612148799247,-19.8652782440186,47.439998626709
3157005,"MG","SALINAS",23264,"0",28.6393805309735,13.651,78.3410034179688,39.9230003356934,0.513000011444092,8.51754673663496,-16.1702785491943,42.2902793884277
3157104,"MG","SALTO DA DIVISA",5072,"0",33.59758399396,20.885,80.0599975585938,57.5670013427734,0.680999994277954,10.8097083418315,-16.0027770996094,39.9469451904297
3157203,"MG","SANTA BARBARA",16829,"0",34.1788028708801,10.96,52.7220001220703,16.9990005493164,0.52999997138977,17.620247734463,-19.9594440460205,43.4152793884277
3157252,"MG","SANTA BARBARA DO LESTE",5027,"0",31.0517529215359,12.059,76.2620010375977,32.6160011291504,0.485000014305115,7.82429649965683,-19.9777774810791,42.139720916748
3157278,"MG","SANTA BARBARA DO MONTE VERDE",2045,"0",34.6318036286019,14.089,80.911003112793,37.0320014953613,0.492000013589859,11.2751584372171,-21.9591674804688,43.702220916748
3157302,"MG","SANTA BARBARA DO TUGURIO",3784,"0",38.4372034166403,23.061,85.6240005493164,35.4300003051758,0.510999977588654,7.26582278481013,-21.2461109161377,43.5594444274902
3157336,"MG","SANTA CRUZ DE MINAS",3553,"0",26.4487369985141,13.284,72.1149978637695,17.3369998931885,0.46000000834465,11.2751584372171,-21.119722366333,44.223331451416
3157377,"MG","SANTA CRUZ DE SALINAS",3102,"0",21.954425942156,16.329,85.8539962768555,55.8740005493164,0.446999996900558,11.2751584372171,-16.0983333587646,41.7463874816895
3157401,"MG","SANTA CRUZ DO ESCALVADO",5048,"0",38.7968078575813,17.077,89.7009963989258,36.5470008850098,0.521000027656555,8.29884105960265,-20.2361106872559,42.8138885498047
3157500,"MG","SANTA EFIGENIA DE MINAS",3446,"0",41.0544511668107,19.779,86.9489974975586,50.226001739502,0.50900000333786,5.13365735115431,-18.8272228240967,42.4483337402344
3157609,"MG","SANTA FE DE MINAS",3424,"0",31.5196998123827,10.668,84.0070037841797,46.2130012512207,0.47299998998642,9.13775334936448,-16.6900005340576,45.4138870239258
3157658,"MG","SANTA HELENA DE MINAS",3366,"0",21.4312617702448,11.674,90.6190032958984,66.1110000610352,0.486000001430511,11.2751584372171,-16.9830551147461,40.6855545043945
3157708,"MG","SANTA JULIANA",5695,"0",23.4872443601096,5.351,35.2879981994629,18.1019992828369,0.572000026702881,6.02058652165469,-19.3086109161377,47.525276184082
3157807,"MG","SANTA LUZIA",87003,"1",15.1701933075256,19.917,46.7719993591309,14.5769996643066,0.467999994754791,16.1544935223911,-19.7697219848633,43.8513870239258
3157906,"MG","SANTA MARGARIDA",9140,"0",26.7376166075417,10.016,76.3870010375977,29.2399997711182,0.574000000953674,7.88366336633663,-20.3838882446289,42.2505569458008
3158003,"MG","SANTA MARIA DE ITABIRA",7170,"0",44.3874845324377,29.209,88.1630020141602,37.9780006408691,0.609000027179718,11.5758896151053,-19.4494438171387,43.1124992370605
3158102,"MG","SANTA MARIA DO SALTO",4555,"0",17.493925720236,10.52,90.0780029296875,54.9630012512207,0.523000001907349,6.201171875,-16.2488880157471,40.1494445800781
3158201,"MG","SANTA MARIA DO SUACUI",10261,"0",45.394140742978,17.11,81.4010009765625,58.7270011901855,0.712000012397766,6.61094860008358,-18.1902770996094,42.4141654968262
3158300,"MG","SANTANA DA VARGEM",5130,"0",44.2307692307692,15.283,58.3450012207031,26.07200050354,0.566999971866608,13.3652047391395,-21.2491664886475,45.5066680908203
3158409,"MG","SANTANA DE CATAGUASES",2630,"0",28.6256323777403,10.317,77.4990005493164,25.8460006713867,0.533999979496002,9.20840064620355,-21.2872219085693,42.5572204589844
3158508,"MG","SANTANA DE PIRAPAMA",7216,"0",40.8420224277002,10.701,85.5859985351562,36.7900009155273,0.566999971866608,5.40498198339339,-19.0061111450195,44.0430564880371
3158607,"MG","SANTANA DO DESERTO",2836,"0",32.5591216216216,10.052,73.3730010986328,23.4810009002686,0.499000012874603,17.2641837800209,-21.9500007629395,43.166389465332
3158706,"MG","SANTANA DO GARAMBEU",1481,"0",36.6483946750196,9.685,85.6669998168945,39.1150016784668,0.514999985694885,5.30612244897959,-21.6013889312744,44.1044425964355
3158805,"MG","SANTANA DO JACARE",3393,"0",39.5685997171146,17.513,49.7089996337891,35.0999984741211,0.492000013589859,7.53954897340963,-20.897777557373,45.1308326721191
3158904,"MG","SANTANA DO MANHUACU",6037,"0",34.8865877712032,14.017,80.1669998168945,37.5900001525879,0.545000016689301,12.7154414351038,-20.1075000762939,41.9252777099609
3158953,"MG","SANTANA DO PARAISO",9433,"0",35.3591896574703,12.532,74.3730010986328,31.5520000457764,0.515999972820282,22.420443587271,-19.3636112213135,42.5686111450195
3159001,"MG","SANTANA DO RIACHO",2484,"0",31.3920454545455,17.615,84.0859985351562,36.5779991149902,0.522000014781952,7.49007936507936,-19.168888092041,43.7144432067871
3159100,"MG","SANTANA DOS MONTES",3130,"0",32.8694998119594,12.306,85.1460037231445,22.113000869751,0.497999995946884,9.34219734079776,-20.7877769470215,43.6916656494141
3159209,"MG","SANTA RITA DE CALDAS",6364,"0",33.915953886203,10.037,48.7760009765625,20.4629993438721,0.446999996900558,6.71129980404964,-22.0286102294922,46.3366661071777
3159308,"MG","SANTA RITA DE JACUTINGA",4219,"0",25.6260920209668,11.681,70.3690032958984,25.4740009307861,0.533999979496002,18.209179834462,-22.1494445800781,44.0950012207031
3159357,"MG","SANTA RITA DE MINAS",4564,"0",30.8305240576157,13.976,85.3369979858398,41.9970016479492,0.528999984264374,6.95380173243503,-19.8744449615479,42.1319427490234
3159407,"MG","SANTA RITA DO IBITIPOCA",3290,"0",19.6924231057764,11.013,87.9010009765625,37.7190017700195,0.493999987840652,13.9357828533598,-21.5627784729004,43.914722442627
3159506,"MG","SANTA RITA DO ITUETO",4161,"0",28.652186849152,10.16,87.7679977416992,48.3870010375977,0.540000021457672,9.49227373068433,-19.3597221374512,41.3800010681152
3159605,"MG","SANTA RITA DO SAPUCAI",19793,"0",48.5331239131654,12.707,53.5719985961914,21.2189998626709,0.60699999332428,8.92763088591594,-22.2522220611572,45.7033348083496
3159704,"MG","SANTA ROSA DA SERRA",2021,"0",17.7390258568851,8.453,65.3889999389648,32.8559989929199,0.474999994039536,8.02219979818365,-19.5297222137451,45.9663887023926
3159803,"MG","SANTA VITORIA",12609,"0",25.9281026545205,8.211,63.0190010070801,30.05299949646,0.568000018596649,19.5891415994131,-18.8386116027832,50.1213874816895
3159902,"MG","SANTO ANTONIO DO AMPARO",9352,"0",41.6608996539792,18.533,74.2089996337891,26.8530006408691,0.569000005722046,9.44487707197686,-20.9463882446289,44.918888092041
3160009,"MG","SANTO ANTONIO DO AVENTUREIRO",2729,"0",23.0705394190871,11.098,77.7649993896484,28.4710006713867,0.512000024318695,6.77898114721219,-21.7580547332764,42.8155555725098
3160108,"MG","SANTO ANTONIO DO GRAMA",3015,"0",28.9687137891078,14.989,84.2350006103516,28.5090007781982,0.574000000953674,13.3408071748879,-20.3144435882568,42.6086120605469
3160207,"MG","SANTO ANTONIO DO ITAMBE",2771,"0",58.8235294117647,13.728,92.3580017089844,59.2130012512207,0.510999977588654,4.36507936507936,-18.4658336639404,43.3066673278809
3160306,"MG","SANTO ANTONIO DO JACINTO",9534,"0",31.4804917156601,9.237,85.7480010986328,62.7830009460449,0.560000002384186,9.82063773250664,-16.5338897705078,40.1758346557617
3160405,"MG","SANTO ANTONIO DO MONTE",12454,"0",25.6858914465302,10.442,53.0820007324219,21.6529998779297,0.532999992370605,8.3271190653741,-20.0872230529785,45.2936096191406
3160454,"MG","SANTO ANTONIO DO RETIRO",3167,"0",30.0587084148728,12.92,93.0270004272461,75.0039978027344,0.47299998998642,11.2751584372171,-15.3394441604614,42.6236114501953
3160504,"MG","SANTO ANTONIO DO RIO ABAIXO",1558,"0",18.6178861788618,11.778,84.568000793457,34.640998840332,0.483000010251999,15.8307210031348,-19.2283325195312,43.2538871765137
3160603,"MG","SANTO HIPOLITO",2607,"0",43.1043807463494,15.082,87.7190017700195,41.5419998168945,0.573000013828278,5.62437227987948,-18.2969436645508,44.2230567932129
3160702,"MG","SANTOS DUMONT",32637,"0",22.6687939169693,11.349,59.1710014343262,18.6520004272461,0.549000024795532,17.8894281092397,-21.4566669464111,43.5525016784668
3160801,"MG","SAO BENTO ABADE",2304,"0",51.0086455331412,14.508,69.7470016479492,32.015998840332,0.538999974727631,4.30816016218956,-21.5816669464111,45.0758323669434
3160900,"MG","SAO BRAS DO SUACUI",2437,"0",38.3195726080622,8.548,73.3899993896484,17.4050006866455,0.533999979496002,9.64316057774002,-20.625,43.9491653442383
3160959,"MG","SAO DOMINGOS DAS DORES",2780,"0",23.3720930232558,9.761,89.4980010986328,32.1419982910156,0.601999998092651,11.2751584372171,-19.5269451141357,42.0113906860352
3161007,"MG","SAO DOMINGOS DO PRATA",13847,"0",37.2827661115134,16.273,76.2829971313477,17.2819995880127,0.58899998664856,16.0573422330097,-19.8649997711182,42.968334197998
3161056,"MG","SAO FELIX DE MINAS",2432,"0",32.5466520307355,10.813,88.6630020141602,59.140998840332,0.533999979496002,11.2751584372171,-18.5911102294922,41.4863891601562
3161106,"MG","SAO FRANCISCO",28244,"0",34.4616003621184,12.9,85.6139984130859,44.7750015258789,0.53600001335144,10.5872297995086,-15.9486112594604,44.864444732666
3161205,"MG","SAO FRANCISCO DE PAULA",4387,"0",35.539979231568,13.93,80.3030014038086,30.1149997711182,0.467000007629395,6.34291377601586,-20.7099990844727,44.985279083252
3161304,"MG","SAO FRANCISCO DE SALES",3986,"0",25.2551020408163,8.291,46.6839981079102,24.2929992675781,0.52700001001358,15.1427747331987,-19.8627777099609,49.7741661071777
3161403,"MG","SAO FRANCISCO DO GLORIA",3688,"0",33.8525111252384,13.135,76.8079986572266,34.3079986572266,0.526000022888184,11.7128205128205,-20.7894439697266,42.2675018310547
3161502,"MG","SAO GERALDO",5205,"0",38.6896551724138,14.192,79.4800033569336,31.0240001678467,0.552999973297119,20.5411030176899,-20.9227771759033,42.8344459533691
3161601,"MG","SAO GERALDO DA PIEDADE",4137,"0",36.6202346041056,15.514,86.4889984130859,53.2120018005371,0.470999985933304,9.67306133477438,-18.8361110687256,42.2880554199219
3161650,"MG","SAO GERALDO DO BAIXIO",2376,"0",26.1083743842365,8.847,79.0220031738281,46.8520011901855,0.521000027656555,11.2751584372171,-18.8999996185303,41.3600006103516
3161700,"MG","SAO GONCALO DO ABAETE",4790,"0",30.3899452143087,9.381,72.0630035400391,24.242000579834,0.532000005245209,5.54253412381084,-18.3383331298828,45.8333320617676
3161809,"MG","SAO GONCALO DO PARA",5641,"0",25.881126173097,10.313,55.8019981384277,18.4799995422363,0.472000002861023,9.0056974820805,-19.9827785491943,44.8588905334473
3161908,"MG","SAO GONCALO DO RIO ABAIXO",6054,"0",43.674581549241,18.339,75.318000793457,30.0200004577637,0.555000007152557,15.3284671532847,-19.8261108398438,43.3622207641602
3162005,"MG","SAO GONCALO DO SAPUCAI",14412,"0",38.9247659024863,15.463,60.4259986877441,21.4209995269775,0.586000025272369,8.80281690140845,-21.8922214508057,45.5952758789062
3162104,"MG","SAO GOTARDO",15891,"0",40.7185195894174,10.844,49.2890014648438,20.5669994354248,0.569999992847443,6.90999529475029,-19.3111114501953,46.0488891601562
3162203,"MG","SAO JOAO BATISTA DO GLORIA",3773,"0",23.8720731010851,11.112,49.0800018310547,22.9979991912842,0.547999978065491,12.3352957667508,-20.6413879394531,46.5055541992188
3162252,"MG","SAO JOAO DA LAGOA",2614,"0",31.1894273127753,8.987,91.140998840332,41.4620018005371,0.497999995946884,11.2751584372171,-16.8530559539795,44.3519439697266
3162302,"MG","SAO JOAO DA MATA",2145,"0",30.5970149253731,7.837,50.7890014648438,21.82200050354,0.515999972820282,9.82839313572543,-21.9300003051758,45.9288902282715
3162401,"MG","SAO JOAO DA PONTE",16774,"0",27.132273220094,11.35,92.1869964599609,65.3990020751953,0.462000012397766,5.67390139335477,-15.9291667938232,44.0077781677246
3162450,"MG","SAO JOAO DAS MISSOES",3865,"0",23.5125676105632,20.944,94.7949981689453,68.7750015258789,0.495999991893768,11.2751584372171,-14.8836107254028,44.0905570983887
3162500,"MG","SAO JOAO DEL REI",54235,"1",9.98253535525643,11.108,51.2239990234375,11.8640003204346,0.578999996185303,15.959681615819,-21.135555267334,44.2616653442383
3162559,"MG","SAO JOAO DO MANHUACU",5281,"0",38.0829622685728,14.041,74.5179977416992,32.8600006103516,0.533999979496002,7.09067468844005,-20.393611907959,42.1513900756836
3162575,"MG","SAO JOAO DO MANTENINHA",3403,"0",27.1663619744059,7.111,86.2389984130859,51.4420013427734,0.559000015258789,10.4382929642445,-18.7213897705078,41.1602783203125
3162609,"MG","SAO JOAO DO ORIENTE",6699,"0",15.4435226547543,8.657,74.0950012207031,42.1559982299805,0.53600001335144,15.1637360864656,-19.3386116027832,42.1577758789062
3162658,"MG","SAO JOAO DO PACUI",2248,"0",29.0736607142857,8.832,92.1460037231445,39.8250007629395,0.523000001907349,11.2751584372171,-16.5419445037842,44.5161094665527
3162708,"MG","SAO JOAO DO PARAISO",12558,"0",39.3446180555556,18.367,83.9020004272461,67.5309982299805,0.469999998807907,3.21321711981267,-15.3136110305786,42.0144462585449
3162807,"MG","SAO JOAO EVANGELISTA",11274,"0",42.4859362443075,18.629,79.0999984741211,34.0089988708496,0.611999988555908,10.4550326415278,-18.5477771759033,42.7633323669434
3162906,"MG","SAO JOAO NEPOMUCENO",16259,"0",21.5111049609078,9.553,56.3800010681152,16.2080001831055,0.549000024795532,19.874516762786,-21.5400009155273,43.010555267334
3162922,"MG","SAO JOAQUIM DE BICAS",8050,"0",37.9238856804383,16.578,65.0530014038086,25.0020008087158,0.589999973773956,11.2751584372171,-20.049165725708,44.2738876342773
3162948,"MG","SAO JOSE DA BARRA",3041,"0",27.5618374558304,8.603,44.1349983215332,16.0650005340576,0.479999989271164,11.2751584372171,-20.7180557250977,46.3113899230957
3162955,"MG","SAO JOSE DO LAPA",6391,"0",36.4338824901589,10.411,40.1539993286133,13.2670001983643,0.465999990701675,18.175085172567,-19.7075004577637,43.6163902282715
3163003,"MG","SAO JOSE DA SAFIRA",2544,"0",40.9460834181078,10.778,77.504997253418,49.1059989929199,0.559000015258789,5.85516178736518,-18.3244438171387,42.1433334350586
3163102,"MG","SAO JOSE DA VARGINHA",2133,"0",32.0701357466063,8.837,47.0950012207031,16.0799999237061,0.48199999332428,7.93650793650794,-19.7097225189209,44.5569458007812
3163201,"MG","SAO JOSE DO ALEGRE",2631,"0",53.0084745762712,14.781,69.8850021362305,19.8209991455078,0.545000016689301,8.52824757106873,-22.3286113739014,45.5263900756836
3163300,"MG","SAO JOSE DO DIVINO",2999,"0",19.2141623488774,6.415,85.6100006103516,52.7939987182617,0.569999992847443,5.24256651017214,-18.4786109924316,41.3894462585449
3163409,"MG","SAO JOSE DO GOIABAL",4911,"0",38.971807628524,14.503,77.9540023803711,28.4419994354248,0.544000029563904,16.788159929313,-19.9286117553711,42.7050018310547
3163508,"MG","SAO JOSE DO JACURI",4253,"0",30.9981960312688,21.033,87.0979995727539,50.015998840332,0.51800000667572,4.87079091620987,-18.2752780914307,42.6702766418457
3163607,"MG","SAO JOSE DO MANTIMENTO",1628,"0",23.37383845604,6.352,86.6210021972656,42.0250015258789,0.499000012874603,21.2669683257919,-20.005277633667,41.7447204589844
3163706,"MG","SAO LOURENCO",22837,"0",39.0094911147011,10.463,53.6539993286133,13.2510004043579,0.606000006198883,11.8653629183904,-22.1163883209229,45.054443359375
3163805,"MG","SAO MIGUEL DO ANTA",4932,"0",18.4541792547835,12.445,81.1119995117188,32.5810012817383,0.59500002861023,10.7347118345799,-20.7072219848633,42.7188873291016
3163904,"MG","SAO PEDRO DA UNIAO",3949,"0",37.5446573562845,15.172,70.5970001220703,29.7770004272461,0.495999991893768,5.45829042224511,-21.1266670227051,46.6152763366699
3164001,"MG","SAO PEDRO DOS FERROS",8242,"0",37.8335674157303,17.017,77.7669982910156,36.7610015869141,0.541000008583069,9.48764160659114,-20.1702785491943,42.5238876342773
3164100,"MG","SAO PEDRO DO SUACUI",4497,"0",38.9391979301423,22.537,84.504997253418,42.7910003662109,0.45100000500679,4.54545454545455,-18.3658332824707,42.6025009155273
3164209,"MG","SAO ROMAO",4793,"0",26.6509433962264,7.666,82.3929977416992,44.6969985961914,0.533999979496002,10.7804077806421,-16.3686103820801,45.0694427490234
3164308,"MG","SAO ROQUE DE MINAS",4681,"0",31.2600106780566,9.863,37.298999786377,22.8889999389648,0.451999992132187,5.89435502153707,-20.2452774047852,46.3658332824707
3164407,"MG","SAO SEBASTIAO DA BELA VISTA",3259,"0",42.7905308464849,17.699,65.7939987182617,30.0909996032715,0.563000023365021,5.63887222555489,-22.1591663360596,45.7541656494141
3164431,"MG","SAO SEBASTIAO DA VARGEM ALEGRE",2273,"0",30.6632653061225,11.925,84.2770004272461,34.9900016784668,0.444000005722046,11.2751584372171,-21.0722217559814,42.6363906860352
3164472,"MG","SAO SEBASTIAO DO ANTA",2369,"0",20.6691109074244,11.207,83.8899993896484,52.4799995422363,0.546999990940094,11.2751584372171,-19.4977779388428,41.9836120605469
3164506,"MG","SAO SEBASTIAO DO MARANHAO",8080,"0",47.6390556222489,25.734,87.8840026855469,55.7369995117188,0.495000004768372,3.55227882037534,-18.0844440460205,42.5713882446289
3164605,"MG","SAO SEBASTIAO DO OESTE",3779,"0",33.7939321117453,13.039,74.5640029907227,19.9209995269775,0.470999985933304,10.5996222851747,-20.2755546569824,45.0050010681152
3164704,"MG","SAO SEBASTIAO DO PARAISO",34457,"0",34.1214330279447,10.01,38.6500015258789,18.5020008087158,0.540000021457672,11.609375,-20.9169445037842,46.9913902282715
3164803,"MG","SAO SEBASTIAO DO RIO PRETO",1517,"0",35.5186721991701,11.433,85.2229995727539,40.1059989929199,0.523000001907349,7.68667642752562,-19.2919445037842,43.1738891601562
3164902,"MG","SAO SEBASTIAO DO RIO VERDE",1600,"0",35.8150470219436,8.665,68.213996887207,19.1079998016357,0.550999999046326,8.00273597811218,-22.218334197998,44.9761123657227
3165008,"MG","SAO TIAGO",7187,"0",39.212962962963,14.84,77.2850036621094,18.5659999847412,0.546999990940094,10.8743897026187,-20.9130554199219,44.5091667175293
3165107,"MG","SAO TOMAS DE AQUINO",4745,"0",41.3205537806177,12.323,48.9410018920898,28.6790008544922,0.486999988555908,6.07634967246442,-20.78444480896,47.0980567932129
3165206,"MG","SAO TOME DAS LETRAS",4289,"0",48.8542890716804,12.748,74.9879989624023,35.5880012512207,0.545000016689301,11.2365063788027,-21.7222213745117,44.985279083252
3165305,"MG","SAO VICENTE DE MINAS",4310,"0",28.1079529141545,12.62,70.1880035400391,22.761999130249,0.617999970912933,16.6137307598339,-21.7124996185303,44.4441680908203
3165404,"MG","SAPUCAI MIRIM",3307,"0",42.8414901387874,12.591,62.4710006713867,33.2639999389648,0.49099999666214,15.19388024268,-22.7477779388428,45.7425003051758
3165503,"MG","SARDOA",2867,"0",40.1226993865031,11.041,79.9440002441406,43.8190002441406,0.528999984264374,5.74412532637076,-18.7836112976074,42.3650016784668
3165537,"MG","SARZEDO",5593,"0",39.3580435613298,16.644,60.2709999084473,20.4650001525879,0.556999981403351,11.2751584372171,-20.0352783203125,44.1447219848633
3165552,"MG","SETUBINHA",4309,"0",25.4633589962931,28.422,85.9889984130859,69.8119964599609,0.507000029087067,11.2751584372171,-17.7255554199219,42.272777557373
3165560,"MG","SEM-PEIXE",2936,"0",31.409691629956,15.919,88.9570007324219,31.1480007171631,0.507000029087067,11.2751584372171,-20.109167098999,42.8394432067871
3165578,"MG","SENADOR AMARAL",3613,"0",37.2308711493872,9.072,42.4360008239746,31.19700050354,0.453000009059906,5.79510175922732,-22.5872230529785,46.1766662597656
3165602,"MG","SENADOR CORTES",1518,"0",17.3669467787115,9.325,81.1869964599609,31.3719997406006,0.550999999046326,11.0169491525424,-21.8005561828613,42.945556640625
3165701,"MG","SENADOR FIRMINO",4762,"0",16.9528949950932,10.928,80.8050003051758,23.8649997711182,0.589999973773956,14.1484044598231,-20.9119453430176,43.0966682434082
3165800,"MG","SENADOR JOSE BENTO",1544,"0",42.5579655946148,10.638,47.8240013122559,24.3509998321533,0.479000002145767,8.8905216752388,-22.1644439697266,46.1788902282715
3165909,"MG","SENADOR MODESTINO GONCALVES",4391,"0",35.7577929057685,18.478,86.9899978637695,52.1720008850098,0.510999977588654,6.49350649350649,-17.9466667175293,43.2249984741211
3166006,"MG","SENHORA DE OLIVEIRA",3961,"0",40.5663189269747,13.362,86.8649978637695,34.4539985656738,0.542999982833862,9.22897196261682,-20.793888092041,43.3444442749023
3166105,"MG","SENHORA DO PORTO",3078,"0",23.3264033264033,14.471,85.6080017089844,42.6619987487793,0.546000003814697,2.93549633062959,-18.8922214508057,43.0841674804688
3166204,"MG","SENHORA DOS REMEDIOS",6809,"0",44.3078668683812,20.913,87.765998840332,30.1550006866455,0.479999989271164,5.53787396562699,-21.02805519104,43.5825004577637
3166303,"MG","SERICITA",4906,"0",24.4372990353698,12.111,87.9209976196289,36.6559982299805,0.596000015735626,8.78136200716846,-20.4738883972168,42.4819450378418
3166402,"MG","SERITINGA",1285,"0",33.9382940108893,12.669,73.5139999389648,23.0279998779297,0.535000026226044,8.71104815864023,-21.9091663360596,44.5191650390625
3166501,"MG","SERRA AZUL DE MINAS",2904,"0",42.5039452919516,16.54,89.963996887207,52.7630004882812,0.565999984741211,3.91705069124424,-18.3619441986084,43.1699981689453
3166600,"MG","SERRA DA SAUDADE",818,"0",24.8579545454545,6.065,63.7620010375977,37.0279998779297,0.469999998807907,6.73352435530086,-19.4377784729004,45.7958335876465
3166709,"MG","SERRA DOS AIMORES",6590,"0",33.9411621687333,14.734,71.7649993896484,45.4889984130859,0.591000020503998,13.8114209827357,-17.7824993133545,40.247501373291
3166808,"MG","SERRA DO SALITRE",5651,"0",29.9187725631769,8.57,45.6660003662109,18.8150005340576,0.537000000476837,6.38894452233126,-19.1113891601562,46.6897239685059
3166907,"MG","SERRANIA",4760,"0",47.7278562259307,15.128,48.5900001525879,25.7029991149902,0.518999993801117,7.74739583333333,-21.5480556488037,46.039722442627
3166956,"MG","SERRANOPOLIS DE MINAS",3077,"0",33.2801913112794,14.761,93.6520004272461,50.8769989013672,0.462999999523163,11.2751584372171,-15.8286113739014,42.8713874816895
3167004,"MG","SERRANOS",1759,"0",27.522306108442,14.06,75.1740036010742,30.3099994659424,0.53600001335144,11.7945466074826,-21.8902778625488,44.5099983215332
3167103,"MG","SERRO",12437,"0",44.6680942184154,17.948,85.1460037231445,41.0369987487793,0.621999979019165,3.46892225812583,-18.6047229766846,43.3794441223145
3167202,"MG","SETE LAGOAS",101810,"1",12.6078924571822,15.398,48.9449996948242,11.8299999237061,0.563000023365021,14.2335459156827,-19.4658336639404,44.2466659545898
3167301,"MG","SILVEIRANIA",1625,"0",23.3311730395334,10.444,79.0930023193359,23.8680000305176,0.551999986171722,28.4541723666211,-21.1588897705078,43.2152786254883
3167400,"MG","SILVIANOPOLIS",4459,"0",35.1795157250209,16.136,61.8129997253418,26.7240009307861,0.528999984264374,8.11867525298988,-22.0294437408447,45.8349990844727
3167509,"MG","SIMAO PEREIRA",2038,"0",32.1487151448879,10.852,81.6340026855469,24.0970001220703,0.524999976158142,21.2070874861573,-21.9636116027832,43.3119430541992
3167608,"MG","SIMONESIA",11271,"0",42.5764460272627,13.959,88.0839996337891,38.7410011291504,0.505999982357025,12.3892081425928,-20.1238880157471,42.0013885498047
3167707,"MG","SOBRALIA",5119,"0",16.1229441898086,11.869,87.068000793457,39.3899993896484,0.569000005722046,12.8976784178848,-19.2347221374512,42.098331451416
3167806,"MG","SOLEDADE DE MINAS",3601,"0",41.7956656346749,13.774,68.7789993286133,19.0750007629395,0.564000010490417,10.9300947867299,-22.0599994659424,45.0449981689453
3167905,"MG","TABULEIRO",3159,"0",44.2658092175777,13.861,78.5169982910156,31.4640007019043,0.537999987602234,12.3306703716568,-21.3588886260986,43.2477760314941
3168002,"MG","TAIOBEIRAS",17745,"0",36.9984179490867,19.524,79.1070022583008,45.1790008544922,0.574999988079071,5.9796573875803,-15.8077774047852,42.2330551147461
3168051,"MG","TAPARUBA",2014,"0",20.6913106096976,10.718,82.6989974975586,41.5270004272461,0.481000006198883,11.2751584372171,-19.7586116790771,41.6155548095703
3168101,"MG","TAPIRA",2482,"0",18.7384898710866,6.542,41.8650016784668,20.6650009155273,0.505999982357025,8.48708487084871,-19.9222221374512,46.823055267334
3168200,"MG","TAPIRAI",1752,"0",20.7402234636872,7.461,76.3919982910156,21.2399997711182,0.486999988555908,8.04828973843058,-19.8877773284912,46.0202789306641
3168309,"MG","TAQUARACU DE MINAS",2462,"0",24.9763928234183,12.795,72.3740005493164,24.7819995880127,0.551999986171722,4.23685553854007,-19.6697216033936,43.6872215270996
3168408,"MG","TARUMIRIM",12950,"0",22.4825632083697,9.476,84.1380004882812,41.1199989318848,0.559000015258789,27.4303305249514,-19.280834197998,42.0066680908203
3168507,"MG","TEIXEIRAS",7981,"0",28.0519859813084,16.164,72.1630020141602,28.3390007019043,0.541999995708466,11.9654488813367,-20.6511116027832,42.8566665649414
3168606,"MG","TEOFILO OTONI",83487,"1",10.0568911726922,17.406,65.9300003051758,31.8409996032715,0.620999991893768,16.9521017316791,-17.8575000762939,41.5052795410156
3168705,"MG","TIMOTEO",43064,"1",7.87597455888387,7.901,35.7840003967285,13.2259998321533,0.526000022888184,37.6898781771695,-19.5825004577637,42.6444435119629
3168804,"MG","TIRADENTES",3580,"0",24.6773202212661,9.288,64.6210021972656,18.4680004119873,0.546000003814697,11.1641515244841,-21.1102771759033,44.1780548095703
3168903,"MG","TIROS",5852,"0",33.232856066315,8.828,61.6660003662109,25.617000579834,0.531000018119812,4.43830570902394,-19.0038890838623,45.9644432067871
3169000,"MG","TOCANTINS",10462,"0",36.8408986703347,13.221,67.7590026855469,25.0919990539551,0.598999977111816,13.5413480167227,-21.1749992370605,43.0177764892578
3169059,"MG","TOCOS DO MOJI",2446,"0",32.8028293545535,17.499,58.9500007629395,23.4230003356934,0.465000003576279,11.2751584372171,-22.3705558776855,46.0955543518066
3169109,"MG","TOLEDO",3684,"0",38.6671294689344,16.462,52.9059982299805,36.2150001525879,0.503000020980835,4.88075429839157,-22.7430553436279,46.3719444274902
3169208,"MG","TOMBOS",6637,"0",33.3459931636916,15.924,68.1240005493164,25.8819999694824,0.577000021934509,19.8413932514383,-20.9047222137451,42.022777557373
3169307,"MG","TRES CORACOES",39956,"0",50.9140205724508,17.206,43.7490005493164,19.0330009460449,0.574000000953674,13.4334810331784,-21.6969451904297,45.2533340454102
3169356,"MG","TRES MARIAS",17853,"0",35.062893081761,10.069,47.4939994812012,21.0370006561279,0.513000011444092,12.6138299747371,-18.2063884735107,45.2416648864746
3169406,"MG","TRES PONTAS",29957,"0",42.4166605342556,17.181,49.4000015258789,21.6280002593994,0.555000007152557,10.6137358282505,-21.3666667938232,45.5125007629395
3169505,"MG","TUMIRITINGA",4488,"0",36.2240289069557,13.172,82.015998840332,43.8680000305176,0.653999984264374,14.0042598509052,-18.9791660308838,41.6452789306641
3169604,"MG","TUPACIGUARA",17989,"0",29.3079680176454,9.389,54.3619995117188,20.5779991149902,0.643999993801117,10.0565904267861,-18.5922222137451,48.7050018310547
3169703,"MG","TURMALINA",9542,"0",31.3613789073912,8.789,74.5,43.1450004577637,0.521000027656555,16.6709588805906,-17.2855548858643,42.7299995422363
3169802,"MG","TURVOLANDIA",2585,"0",49.7751124437781,14.459,62.8790016174316,23.0599994659424,0.495999991893768,6.20467365028203,-21.8755550384521,45.7869453430176
3169901,"MG","UBA",49026,"1",10.857683662605,17.141,52.6730003356934,18.2999992370605,0.547999978065491,17.0892440678691,-21.1200008392334,42.9427795410156
3170008,"MG","UBAI",7731,"0",34.0477077897876,10.077,85.5149993896484,51.8279991149902,0.563000023365021,3.4097261039687,-16.2852783203125,44.7780570983887
3170057,"MG","UBAPORANGA",7242,"0",24.7888295121531,10.126,83.6940002441406,39.3540000915527,0.497000008821487,14.6165884194053,-19.6352787017822,42.1055564880371
3170107,"MG","UBERABA",163701,"1",11.0136799001039,12.795,27.6049995422363,11.378999710083,0.540000021457672,14.2134648606695,-19.7483329772949,47.9319458007812
3170206,"MG","UBERLANDIA",268017,"1",8.69602117727888,10.426,19.9009990692139,10.4870004653931,0.527999997138977,18.1743342559893,-18.9186115264893,48.2772216796875
3170305,"MG","UMBURATIBA",2149,"0",17.3160173160173,6.963,82.3119964599609,55.8110008239746,0.504999995231628,11.3879003558719,-17.2558326721191,40.5727767944336
3170404,"MG","UNAI",44472,"1",7.15970301353909,13.262,60.1710014343262,26.2140007019043,0.589999973773956,13.9490459530811,-16.3575000762939,46.9061126708984
3170438,"MG","UNIAO DE MINAS",2918,"0",23.9587313717998,5.257,62.2639999389648,32.6139984130859,0.547999978065491,11.2751584372171,-19.5302772521973,50.3358345031738
3170479,"MG","URUANA DE MINAS",2489,"0",24.4226327944573,9.684,88.6569976806641,40.8440017700195,0.555000007152557,11.2751584372171,-16.0641670227051,46.2541656494141
3170503,"MG","URUCANIA",7438,"0",48.4014045462946,21.402,76.4089965820312,33.9449996948242,0.555000007152557,8.68135011441648,-20.3508338928223,42.739444732666
3170529,"MG","URUCUIA",3889,"0",39.5258200714518,11.857,89.6620025634766,39.867000579834,0.470999985933304,9.19207978031507,-16.1324996948242,45.7422218322754
3170578,"MG","VARGEM ALEGRE",5144,"0",25.1338329764454,11.406,83.7720031738281,42.3240013122559,0.523000001907349,11.2751584372171,-19.6083335876465,42.2983322143555
3170602,"MG","VARGEM BONITA",1957,"0",21.1462450592885,7.059,60.3339996337891,18.3059997558594,0.490000009536743,7.81499202551834,-20.3266658782959,46.3661117553711
3170651,"MG","VARGEM GRANDE DO RIO PARDO",2622,"0",24.4959244959245,8.748,89.7929992675781,64.120002746582,0.499000012874603,11.2751584372171,-15.402777671814,42.3074989318848
3170701,"MG","VARGINHA",62260,"1",11.4712402687793,15.204,31.1299991607666,11.8199996948242,0.600000023841858,18.1639557135046,-21.5513896942139,45.4302787780762
3170750,"MG","VARJAO DE MINAS",3228,"0",32.4670131947221,10.01,60.7519989013672,25.1760005950928,0.462999999523163,11.2751584372171,-18.3777770996094,46.031665802002
3170800,"MG","VARZEA DA PALMA",19904,"0",41.9085487077535,14.871,68.3140029907227,30.7830009460449,0.550999999046326,11.833542954011,-17.5980548858643,44.7308349609375
3170909,"MG","VARZELANDIA",11138,"0",27.2454681750034,8.026,91.5169982910156,64.4970016479492,0.5,13.5687732342007,-15.7013893127441,44.0275001525879
3171006,"MG","VAZANTE",14394,"0",26.3835711799513,8.993,48.7599983215332,21.2129993438721,0.532999992370605,14.6484375,-17.9869441986084,46.9077758789062
3171030,"MG","VERDELANDIA",3202,"0",34.8715716151502,13.247,90.0859985351562,63.4459991455078,0.46000000834465,11.2751584372171,-15.5891666412354,43.6027793884277
3171071,"MG","VEREDINHA",3130,"0",19.6673596673597,7.225,86.681999206543,61.0620002746582,0.508000016212463,11.2751584372171,-17.3994445800781,42.7355537414551
3171105,"MG","VERISSIMO",2879,"0",30.6562193927522,10.313,39.8959999084473,14.6680002212524,0.509999990463257,7.52780153977759,-19.6633338928223,48.3083343505859
3171154,"MG","VERMELHO NOVO",3332,"0",39.0786948176584,14.513,87.5979995727539,34.8079986572266,0.541000008583069,11.2751584372171,-20.036111831665,42.2669448852539
3171204,"MG","VESPASIANO",33672,"0",38.5752030531363,15.661,52.0690002441406,20.8959999084473,0.504000008106232,16.6933260728993,-19.6919441223145,43.9233322143555
3171303,"MG","VICOSA",37804,"0",27.8225198322927,11.27,46.9210014343262,14.6999998092651,0.596000015735626,25.6699814596326,-20.7538890838623,42.8819427490234
3171402,"MG","VIEIRAS",3143,"0",25.4316378908073,18.829,86.3349990844727,29.1030006408691,0.522000014781952,26.8595041322314,-20.8658332824707,42.2436103820801
3171501,"MG","MATHIAS LOBATO",2711,"0",29.0355853532749,12.293,82.8820037841797,46.1199989318848,0.58899998664856,9.7319587628866,-18.5647220611572,41.9144439697266
3171600,"MG","VIRGEM DA LAPA",9496,"0",44.7002233293249,15.15,84.2089996337891,55.8339996337891,0.495999991893768,11.8013100436681,-16.8044452667236,42.3430557250977
3171709,"MG","VIRGINIA",5999,"0",33.800494641385,0,78.8099975585938,27.1459999084473,0.526000022888184,9.50779036827196,-22.3333339691162,45.091667175293
3171808,"MG","VIRGINOPOLIS",7380,"0",38.1009822505601,15.898,80.7509994506836,26.9610004425049,0.592999994754791,9.9681712962963,-18.8227787017822,42.7038879394531
3171907,"MG","VIRGOLANDIA",4339,"0",34.5398138572906,16.022,79.4779968261719,44.484001159668,0.569999992847443,16.8334167083542,-18.4758338928223,42.3066673278809
3172004,"MG","VISCONDE DO RIO BRANCO",21987,"0",29.9207030658114,10.317,67.0339965820312,24.4860000610352,0.601000010967255,22.0734654422426,-21.0102787017822,42.8405570983887
3172103,"MG","VOLTA GRANDE",3411,"0",31.1102831594635,15.464,72.2320022583008,29.3969993591309,0.58899998664856,16.5772380683423,-21.7705554962158,42.5388870239258
3172202,"MG","WENCESLAU BRAZ",1808,"0",40.6384284837324,13.005,69.5380020141602,23.0779991149902,0.531000018119812,17.940813810111,-22.53444480896,45.3627777099609
3200136,"ES","AGUIA BRANCA",7767,"0",21.4508020110127,7.776,84.4290008544922,35.8240013122559,0.601999998092651,17.6844976511593,-18.9830551147461,40.7402763366699
3200169,"ES","AGUA DOCE DO NORTE",11807,"0",29.4988003199147,6.729,84.379997253418,40.4630012512207,0.446000009775162,10.3522780648192,-18.5469436645508,40.9786109924316
3200201,"ES","ALEGRE",23203,"0",33.4713417000906,10.179,67.1210021972656,29.8759994506836,0.597000002861023,10.6446296126728,-20.7636108398438,41.5330543518066
3200300,"ES","ALFREDO CHAVES",9909,"0",41.3748225272125,7.131,54.9329986572266,20.3889999389648,0.523999989032745,8.42459069717012,-20.6350002288818,40.7497215270996
3200359,"ES","ALTO RIO NOVO",6661,"0",30.7483608410581,11.331,76.0510025024414,38.7210006713867,0.561999976634979,12.1067515022976,-19.0561103820801,41.0166664123535
3200409,"ES","ANCHIETA",13057,"0",37.4777642542833,8.664,54.4949989318848,22.1539993286133,0.504999995231628,16.2337662337662,-20.8058338165283,40.6455574035645
3200508,"ES","APIACA",5738,"0",27.7565686054345,8.465,77.5559997558594,29.0869998931885,0.617999970912933,6.37619553666312,-21.1536102294922,41.5675010681152
3200607,"ES","ARACRUZ",39605,"0",20.8084317131333,7.67,45.0530014038086,22.4060001373291,0.587999999523163,17.5618640148011,-19.8202781677246,40.2733345031738
3200706,"ES","ATILIO VIVACQUA",5724,"0",32.7978056426332,10.813,75.7030029296875,23.6679992675781,0.569999992847443,12.2345953971789,-20.9141674041748,41.1983337402344
3200805,"ES","BAIXO GUANDU",20001,"0",34.115796098175,11.965,72.4169998168945,33.5610008239746,0.510999977588654,9.30029472764982,-19.5188884735107,41.0158348083496
3200904,"ES","BARRA DE SAO FRANCISCO",26246,"0",24.9038872276805,7.274,76.0289993286133,38.4119987487793,0.611999988555908,15.2828802351212,-18.7549991607666,40.8908348083496
3201001,"ES","BOA ESPERANCA",9906,"0",31.0917615539183,8.994,70.2470016479492,31.6849994659424,0.53600001335144,17.1396140749149,-18.5400009155273,40.2958335876465
3201100,"ES","BOM JESUS DO NORTE",6980,"0",35.8691588785047,12.038,65.7170028686523,20.3740005493164,0.560999989509583,13.534761831355,-21.1322231292725,41.6766662597656
3201159,"ES","BREJETUBA",5555,"0",49.44,17.356,80.8420028686523,53.2089996337891,0.517000019550323,11.2751584372171,-20.146110534668,41.2902793884277
3201209,"ES","CACHOEIRO DE ITAPEMIRIM",93405,"1",10.6228420805128,10.674,43.8689994812012,17.003999710083,0.564000010490417,18.6246852559918,-20.8488883972168,41.1127777099609
3201308,"ES","CARIACICA",193537,"1",9.73060980370983,17.13,46.8610000610352,18.3540000915527,0.483999997377396,23.767132644233,-20.2638893127441,40.4199981689453
3201407,"ES","CASTELO",19551,"0",37.7322340919647,8.591,66.7519989013672,20.9629993438721,0.593999981880188,17.6676896098203,-20.6036109924316,41.1847229003906
3201506,"ES","COLATINA",70533,"1",7.4777284765934,9.203,48.0999984741211,20.3740005493164,0.547999978065491,18.114870324912,-19.5394439697266,40.6305541992188
3201605,"ES","CONCEICAO DA BARRA",16046,"0",41.1241260328702,17.244,66.5449981689453,42.0200004577637,0.547999978065491,21.3601063457637,-18.593334197998,39.7322235107422
3201704,"ES","CONCEICAO DO CASTELO",7803,"0",42.6898782930211,13.891,69.7559967041016,26.7600002288818,0.577000021934509,10.4487885462555,-20.3683338165283,41.2438888549805
3201803,"ES","DIVINO DE SAO LOURENCO",3639,"0",35.6976744186046,8.647,81.1949996948242,36.826000213623,0.501999974250793,4.37051532941944,-20.6200008392334,41.6858329772949
3201902,"ES","DOMINGOS MARTINS",17672,"0",38.357377879018,10.307,57.4990005493164,24.4200000762939,0.550000011920929,9.37657114127702,-20.3633327484131,40.6591682434082
3202009,"ES","DORES DO RIO PRETO",5023,"0",48.0200945626478,17.988,71.1470031738281,31.5580005645752,0.59500002861023,5.35158680771624,-20.6888885498047,41.8452758789062
3202108,"ES","ECOPORANGA",18090,"0",30.5754834684966,8.487,77.5699996948242,48.4329986572266,0.619000017642975,15.5480185647983,-18.3733329772949,40.8305549621582
3202207,"ES","FUNDAO",10713,"0",30.1208981001727,10.618,55.9329986572266,24.3419990539551,0.577000021934509,16.7687434002112,-19.9325008392334,40.406665802002
3202306,"ES","GUACUI",16279,"0",36.2758927908531,13.314,64.8779983520508,28.4580001831055,0.630999982357025,8.48525024859132,-20.7755546569824,41.679443359375
3202405,"ES","GUARAPARI",52204,"1",11.354650588119,10.146,48.8460006713867,16.8430004119873,0.554000020027161,11.9150739101779,-20.6666660308838,40.497501373291
3202454,"ES","IBATIBA",11399,"0",38.3102778095347,12.432,74.5199966430664,37.5289993286133,0.52999997138977,5.3455775737071,-20.2338886260986,41.510555267334
3202504,"ES","IBIRACU",7844,"0",15.9534814373043,9.572,51.3849983215332,22.9169998168945,0.513999998569489,16.0937066814527,-19.8319435119629,40.3697204589844
3202553,"ES","IBITIRAMA",5870,"0",34.1396622546782,7.941,77.1240005493164,41.984001159668,0.558000028133392,6.35972769616625,-20.541389465332,41.6672210693359
3202603,"ES","ICONHA",7363,"0",36.4521841794569,5.587,46.8600006103516,20.4909992218018,0.540000021457672,11.2002376708259,-20.7930564880371,40.8111114501953
3202652,"ES","IRUPI",5625,"0",38.1071835803877,11,74.734001159668,41.2330017089844,0.505999982357025,5.44698544698545,-20.3452777862549,41.6411094665527
3202702,"ES","ITAGUACU",10206,"0",34.3347639484979,7.056,71.8489990234375,26.8430004119873,0.584999978542328,11.4227380184827,-19.801944732666,40.8555564880371
3202801,"ES","ITAPEMIRIM",17675,"0",30.9131954558695,13.993,73.4469985961914,30.0149993896484,0.513999998569489,12.5376374203487,-21.0111103057861,40.8338890075684
3202900,"ES","ITARANA",8045,"0",30.8454810495627,9.998,71.7379989624023,25.3269996643066,0.652999997138977,10.6237424547284,-19.8738880157471,40.8752784729004
3203007,"ES","IUNA",19216,"0",35.1019306061833,9.572,68.8949966430664,30.6520004272461,0.563000023365021,6.17937853107345,-20.345832824707,41.535831451416
3203056,"ES","JAGUARE",10899,"0",31.7067736185383,9.765,71.6660003662109,34.8580017089844,0.698000013828278,19.8153335408237,-18.9055557250977,40.0761108398438
3203106,"ES","JERONIMO MONTEIRO",8805,"0",32.3294951284322,12.708,71.1240005493164,28.0629997253418,0.589999973773956,9.5934764360235,-20.7894439697266,41.3950004577637
3203130,"ES","JOAO NEIVA",10584,"0",27.5888380204927,8.432,48.4809989929199,20.3229999542236,0.565999984741211,28.3507264170248,-19.7574996948242,40.385555267334
3203163,"ES","LARANJA DA TERRA",8005,"0",27.2915434654051,9.972,80.2190017700195,32.443000793457,0.565999984741211,9.37246416012984,-19.898889541626,41.0566673278809
3203205,"ES","LINHARES",67501,"1",6.6765222211956,8.698,60.814998626709,26.1469993591309,0.598999977111816,15.3668189622559,-19.3911113739014,40.0722236633301
3203304,"ES","MANTENOPOLIS",11005,"0",38.98402647863,12.003,71.9700012207031,42.0359992980957,0.555000007152557,8.62279098110908,-18.8624992370605,41.1227760314941
3203320,"ES","MARATAIZES",14575,"0",24.1388354607449,8.304,59.0429992675781,25.4610004425049,0.582000017166138,11.2751584372171,-21.0433330535889,40.8244438171387
3203346,"ES","MARECHAL FLORIANO",8410,"0",42.6018983807929,11.916,55.6209983825684,22.0659999847412,0.542999982833862,11.2960436562074,-20.4127769470215,40.6830558776855
3203353,"ES","MARILANDIA",7897,"0",30.8363890343985,6.314,63.0769996643066,23.7070007324219,0.573000013828278,15.5292479108635,-19.4127769470215,40.5416679382324
3203403,"ES","MIMOSO DO SUL",18394,"0",33.3675213675214,10.35,74.6309967041016,31.9799995422363,0.570999979972839,8.67410161090458,-21.0641670227051,41.3663902282715
3203502,"ES","MONTANHA",13302,"0",30.9749492213947,10.44,67.8720016479492,37.9290008544922,0.523000001907349,23.7728664845625,-18.1269435882568,40.3633346557617
3203601,"ES","MUCURICI",4322,"0",25.137674117266,10.389,77.0029983520508,43.306999206543,0.58899998664856,21.2428588084412,-18.093334197998,40.5158348083496
3203700,"ES","MUNIZ FREIRE",12446,"0",31.5784103662892,9.93,74.734001159668,32.1100006103516,0.570999979972839,10.1132909643548,-20.4641666412354,41.4130554199219
3203809,"ES","MUQUI",12431,"0",28.9387857501254,10.072,74.2910003662109,28.3490009307861,0.651000022888184,18.7336755831757,-20.9516658782959,41.345832824707
3203908,"ES","NOVA VENECIA",26340,"0",25.5620603138683,8.259,62.9269981384277,30.4139995574951,0.564000010490417,17.9592008766754,-18.7105560302734,40.4005546569824
3204005,"ES","PANCAS",14739,"0",27.9245283018868,10.869,74.9160003662109,37.523998260498,0.552999973297119,14.722739647514,-19.2250003814697,40.8513870239258
3204054,"ES","PEDRO CANARIO",18717,"0",38.0724776223169,14.305,64.3889999389648,43.4599990844727,0.587999999523163,18.3106201596926,-18.0302772521973,40.1505546569824
3204104,"ES","PINHEIROS",16286,"0",35.586964350018,10.337,65.1709976196289,40.0880012512207,0.617999970912933,20.3036180030763,-18.3702774047852,40.2133331298828
3204203,"ES","PIUMA",8722,"0",32.5595509027462,8.72,47.9199981689453,22.1800003051758,0.538999974727631,9.35462408516301,-20.8377780914307,40.7219429016113
3204252,"ES","PONTO BELO",5522,"0",31.4368117461982,10.446,76.3050003051758,44.7000007629395,0.605000019073486,11.2751584372171,-18.1236114501953,40.5411109924316
3204302,"ES","PRESIDENTE KENNEDY",8578,"0",34.5225784212341,7.266,78.5390014648438,36.273998260498,0.550000011920929,8.67066466766617,-21.0988883972168,41.0466651916504
3204351,"ES","RIO BANANAL",12025,"0",29.5673331217603,3.616,74.7440032958984,23.9860000610352,0.593999981880188,15.016091954023,-19.2649993896484,40.3333320617676
3204401,"ES","RIO NOVO DO SUL",8498,"0",29.3269230769231,9.06,62.6279983520508,22.0380001068115,0.559000015258789,10.8073418046464,-20.8624992370605,40.9363899230957
3204500,"ES","SANTA LEOPOLDINA",9652,"0",33.4172313649564,10.245,78.1569976806641,30.6110000610352,0.517000019550323,11.9478560655031,-20.1005554199219,40.5297241210938
3204559,"ES","SANTA MARIA DO JETIBA",12964,"0",31.3368630046327,7.504,69.3550033569336,30.0359992980957,0.574999988079071,7.74087290694483,-20.0405559539795,40.7461128234863
3204609,"ES","SANTA TERESA",13601,"0",30.1547505835567,9.962,59.8030014038086,22.82200050354,0.620000004768372,10.0904138170859,-19.9355564117432,40.6002769470215
3204658,"ES","SAO DOMINGOS",6237,"0",27.0921281350882,8.288,76.4759979248047,28.0310001373291,0.601999998092651,17.6600036677059,-19.143611907959,40.6236114501953
3204708,"ES","SAO GABRIEL DA PALHA",17851,"0",25.2568189868934,7.281,67.5810012817383,26.3439998626709,0.555000007152557,21.2657980773923,-19.0174999237061,40.5355567932129
3204807,"ES","SAO JOSE DO CALCADO",8477,"0",39.6466973886329,10.692,68.2399978637695,28.3470001220703,0.573000013828278,11.944138184491,-21.0252780914307,41.6544456481934
3204906,"ES","SAO MATEUS",53142,"1",6.76242695703658,11.573,54.3269996643066,28.0919990539551,0.602999985218048,20.7936012833081,-18.7161102294922,39.8588905334473
3204955,"ES","SAO ROQUE DO CANAA",5082,"0",27.556754326815,7.32,63.4799995422363,23.5499992370605,0.499000012874603,11.2751584372171,-19.7388896942139,40.6569442749023
3205002,"ES","SERRA",150492,"1",10.4115354637568,15.166,43.4560012817383,16.0030002593994,0.508000016212463,28.8812405738814,-20.1286106109619,40.3077774047852
3205010,"ES","SOORETAMA",9342,"0",21.7558886509636,10.881,74.7050018310547,37.2280006408691,0.449000000953674,11.2751584372171,-19.1969451904297,40.0977783203125
3205036,"ES","VARGEM ALTA",9408,"0",37.8965381071476,9.742,73.9700012207031,26.7469997406006,0.524999976158142,16.30024428159,-20.6713886260986,41.0069427490234
3205069,"ES","VENDA NOVA DO IMIGRANTE",8538,"0",34.2699512445471,11,55.0610008239746,22.7709999084473,0.616999983787537,15.0163357627545,-20.3397216796875,41.1347236633301
3205101,"ES","VIANA",36546,"0",33.0402176798513,13.616,53.2709999084473,20.5389995574951,0.448000013828278,20.8904221043382,-20.3902778625488,40.4961128234863
3205150,"ES","VILA PAVAO",5530,"0",25.3871421867668,7.706,80.1269989013672,38.2050018310547,0.61599999666214,16.1137440758294,-18.6149997711182,40.6113891601562
3205176,"ES","VILA VALERIO",7882,"0",23.7207077953132,7.585,67.2429962158203,29.121000289917,0.569999992847443,11.2751584372171,-18.9977779388428,40.3891677856445
3205200,"ES","VILA VELHA",193625,"1",9.64728744553133,16.077,25.7450008392334,9.96300029754639,0.519999980926514,25.838899309209,-20.3297214508057,40.2924995422363
3500105,"SP","ADAMANTINA",23715,"0",40.6410990269033,11.016,30.5949993133545,19.0419998168945,0.566999971866608,9.88731529793484,-21.6852779388428,51.0724983215332
3500204,"SP","ADOLFO",2776,"0",32.0675105485232,10.02,26.2689990997314,24.9710006713867,0.433999985456467,10.6287425149701,-21.2350006103516,49.643611907959
3500303,"SP","AGUAI",17355,"0",47.4105430253324,16.1,28.7940006256104,15.5349998474121,0.479000002145767,14.544897333742,-22.0594444274902,46.9786109924316
3500402,"SP","AGUAS DA PRATA",4583,"0",39.2392392392392,14.303,30.2350006103516,12.7399997711182,0.533999979496002,12.5201752363385,-21.9366664886475,46.716667175293
3500501,"SP","AGUAS DE LINDOIA",9519,"0",51.5846736045412,18.145,34.6370010375977,15.7720003128052,0.574999988079071,10.5449712007089,-22.4763889312744,46.6327781677246
3500550,"SP","AGUAS DE SANTA BARBARA",2905,"0",32.3022709475333,9.769,37.0270004272461,15.3210000991821,0.549000024795532,7.95330171470266,-22.8805561065674,49.2388877868652
3500600,"SP","AGUAS DE SAO PEDRO",2530,"0",22.8976697061803,8.377,9.53400039672852,5.90700006484985,0.587000012397766,10.095159288374,-22.5994453430176,47.8761100769043
3500709,"SP","AGUDOS",20817,"0",48.0216417094764,14.305,30.8080005645752,16.5949993133545,0.467000007629395,15.9466798321402,-22.469165802002,48.9874992370605
3500758,"SP","ALAMBARI",2012,"0",34.8955392433653,11.148,40.0130004882812,20.9869995117188,0.514999985694885,8.00711743772242,-23.5508327484131,47.8986129760742
3500808,"SP","ALFREDO MARCONDES",3412,"0",26.894451962111,9.877,45.1699981689453,24.2189998626709,0.542999982833862,14.3078833022967,-21.9552783966064,51.4127769470215
3500907,"SP","ALTAIR",2614,"0",39.0338164251208,9.678,24.7830009460449,26.6700000762939,0.425999999046326,8.11258278145695,-20.5236110687256,49.0588874816895
3501004,"SP","ALTINOPOLIS",10412,"0",33.2848674644894,10.24,29.1749992370605,16.2210006713867,0.546999990940094,11.7025599349858,-21.0255546569824,47.3738899230957
3501103,"SP","ALTO ALEGRE",4046,"0",47.7036129822413,10.456,54.0439987182617,23.6830005645752,0.488000005483627,12.4184711714062,-21.5805549621582,50.1636123657227
3501152,"SP","ALUMINIO",10902,"0",41.0532863363052,12.365,16.1030006408691,15.9709997177124,0.40599998831749,33.9116551357105,-23.5349998474121,47.2619438171387
3501202,"SP","ALVARES FLORENCE",4249,"0",31.0035842293907,8.454,59.7770004272461,23.1270008087158,0.493000000715256,5.69539791507755,-20.3208332061768,49.9105567932129
3501301,"SP","ALVARES MACHADO",11376,"0",28.8802161513059,13.894,38.0859985351562,20.3169994354248,0.488999992609024,17.2112676056338,-22.0794448852539,51.4719429016113
3501400,"SP","ALVARO DE CARVALHO",2823,"0",45.2462213554364,20.906,64.3769989013672,30.3859996795654,0.488000005483627,8.68068833652008,-22.0891666412354,49.7188873291016
3501509,"SP","ALVINLANDIA",1620,"0",30.9757694826457,11.041,49.2589988708496,31.257999420166,0.493999987840652,7.95708538220831,-22.4441661834717,49.763053894043
3501608,"SP","AMERICANA",111545,"1",12.4357646969424,19.399,5.96999979019165,9.55099964141846,0.46399998664856,22.1913670009663,-22.7391662597656,47.3313903808594
3501707,"SP","AMERICO BRASILIENSE",15592,"0",41.7144881331916,19.002,10.4040002822876,16.7000007629395,0.345999985933304,20.4412719013628,-21.7244453430176,48.1016654968262
3501806,"SP","AMERICO DE CAMPOS",5112,"0",31.2329446787398,9.692,46.9000015258789,23.5189990997314,0.52999997138977,6.88598283612587,-20.299165725708,49.7316665649414
3501905,"SP","AMPARO",34949,"0",42.8819868196241,18.128,13.3690004348755,12.6969995498657,0.462000012397766,16.8414075680887,-22.7011108398438,46.7644462585449
3502002,"SP","ANALANDIA",2481,"0",31.4349775784753,9.43,30.1229991912842,16.5349998474121,0.499000012874603,8.02238805970149,-22.1263885498047,47.6630554199219
3502101,"SP","ANDRADINA",37913,"0",42.9102288284764,11.857,27.2530002593994,19.4230003356934,0.523999989032745,17.4836556981255,-20.896110534668,51.3794441223145
3502200,"SP","ANGATUBA",10886,"0",36.3167806521955,12.191,35.7690010070801,17.9109992980957,0.510999977588654,20.3934740882917,-23.4897212982178,48.4127769470215
3502309,"SP","ANHEMBI",3327,"0",37.2602739726027,14.002,34.9119987487793,20.2409992218018,0.476999998092651,9.84703632887189,-22.7894439697266,48.1272239685059
3502408,"SP","ANHUMAS",2567,"0",36.076817558299,17.393,48.3050003051758,26.6669998168945,0.48199999332428,11.3908378043747,-22.2952785491943,51.3872222900391
3502507,"SP","APARECIDA",25591,"0",38.249495215521,14.352,27.2439994812012,9.91499996185303,0.566999971866608,14.7695815013841,-22.84694480896,45.2297210693359
3502606,"SP","APARECIDA D OESTE",4476,"0",35.9536867763559,7.89,56.5289993286133,32.4850006103516,0.551999986171722,8.69145340415258,-20.4494438171387,50.8797225952148
3502705,"SP","APIAI",16337,"0",29.6980516960335,12.991,55.4550018310547,21.6700000762939,0.551999986171722,11.1369385383195,-24.5094451904297,48.8424987792969
3502754,"SP","ARACARIGUAMA",6196,"0",32.7859461523773,14.765,46.1590003967285,20.3120002746582,0.517000019550323,11.439588688946,-23.4386119842529,47.0613899230957
3502804,"SP","ARACATUBA",105910,"1",11.2824728707662,15.017,16.0550003051758,11.2729997634888,0.549000024795532,15.3307888040712,-21.2088890075684,50.4327774047852
3502903,"SP","ARACOIABA DA SERRA",13149,"0",43.5573741946718,16.427,33.3559989929199,17.5970001220703,0.504999995231628,12.7663245061675,-23.505277633667,47.6141662597656
3503000,"SP","ARAMINA",3612,"0",33.063209076175,8.908,27.2849998474121,17.5990009307861,0.483000010251999,7.04985709749127,-20.0902786254883,47.785831451416
3503109,"SP","ARANDU",4447,"0",50.1672240802676,15.15,64.9710006713867,28.4069995880127,0.521000027656555,11.0630110630111,-23.1344451904297,49.0538902282715
3503158,"SP","ARAPEI",2162,"0",43.4226552984166,17.182,84.5910034179688,26.628999710083,0.601000010967255,10.3548857559553,-22.6738891601562,44.4477767944336
3503208,"SP","ARARAQUARA",107477,"1",14.5657659875669,17.256,11.0069999694824,10.375,0.486999988555908,24.1515946164822,-21.7944450378418,48.1755561828613
3503307,"SP","ARARAS",58949,"1",14.2212392563024,21.043,13.3090000152588,12.6859998703003,0.477999985218048,17.8231390652048,-22.3569450378418,47.3841667175293
3503356,"SP","ARCO IRIS",1798,"0",40.1125967628431,11.518,67.0039978027344,27.0869998931885,0.666999995708466,11.2751584372171,-21.7724990844727,50.4650001525879
3503406,"SP","AREALVA",5397,"0",47.842278203724,11.939,38.6240005493164,22.3959999084473,0.488999992609024,11.2531969309463,-22.0286102294922,48.9111099243164
3503505,"SP","AREIAS",2825,"0",34.724153917478,11.755,78.2300033569336,27.1660003662109,0.583000004291534,13.0134357005758,-22.5797214508057,44.6969451904297
3503604,"SP","AREIOPOLIS",6675,"0",36.8683274021352,16.124,20.3139991760254,29.6760005950928,0.34799998998642,10.009878169246,-22.6680564880371,48.6650009155273
3503703,"SP","ARIRANHA",4891,"0",42.221252454724,8.252,18.5349998474121,21.2700004577637,0.479000002145767,16.7506874427131,-21.1877784729004,48.7869453430176
3503802,"SP","ARTUR NOGUEIRA",16497,"0",49.4950819672131,14.142,15.625,15.8190002441406,0.5,17.2034016450579,-22.573055267334,47.1725006103516
3503901,"SP","ARUJA",34441,"0",35.695067264574,20.679,25.826000213623,15.0679998397827,0.586000025272369,15.8193665284505,-23.396110534668,46.3208351135254
3503950,"SP","ASPASIA",1952,"0",38.0014074595355,7.098,73.4879989624023,32.6100006103516,0.503000020980835,7.37704918032787,-20.1588897705078,50.727222442627
3504008,"SP","ASSIS",53661,"1",15.747858554799,14.456,20.4090003967285,12.121000289917,0.524999976158142,16.6115076358706,-22.6616668701172,50.412223815918
3504107,"SP","ATIBAIA",56944,"1",16.7238523426408,21.467,23.0709991455078,15.8669996261597,0.549000024795532,9.81677118053594,-23.1169452667236,46.5502777099609
3504206,"SP","AURIFLAMA",10018,"0",22.9338356486932,9.832,33.9850006103516,16.2549991607666,0.546000003814697,9.56171070784251,-20.6855564117432,50.5547218322754
3504305,"SP","AVAI",4134,"0",41.0945595854922,10.257,55.5369987487793,22.8430004119873,0.469999998807907,16.4332666476136,-22.1466674804688,49.3330574035645
3504404,"SP","AVANHANDAVA",6116,"0",29.0537808329964,11.706,34.6969985961914,21.5230007171631,0.527999997138977,15.3496503496503,-21.4608325958252,49.9497222900391
3504503,"SP","AVARE",41360,"1",11.7419959738577,16.643,27.6989994049072,13.4010000228882,0.550999999046326,14.3326404393461,-23.098611831665,48.9258346557617
3504602,"SP","BADY BASSIT",6271,"0",39.7851387645479,11.963,21.2730007171631,17.9750003814697,0.486000001430511,9.95873968492123,-20.9180564880371,49.4452781677246
3504701,"SP","BALBINOS",1432,"0",49.616122840691,9.802,43.1910018920898,22.4150009155273,0.485000014305115,7.59289176090468,-21.8997230529785,49.3566665649414
3504800,"SP","BALSAMO",5067,"0",36.5885992045957,9.512,30.5249996185303,19.8859996795654,0.479000002145767,10.7832952420528,-20.7352771759033,49.583610534668
3504909,"SP","BANANAL",7511,"0",43.5114503816794,20.702,67.5910034179688,19.7560005187988,0.611999988555908,15.0069348127601,-22.6836109161377,44.3233337402344
3505005,"SP","BARAO DE ANTONINA",2553,"0",43.9817455790074,14.573,69.8779983520508,24.6439990997314,0.578000009059906,5.04098360655738,-23.6269435882568,49.5613899230957
3505104,"SP","BARBOSA",4389,"0",30.5620608899297,18.184,42.6080017089844,26.4979991912842,0.46000000834465,13.2413459210845,-21.2666664123535,49.9491653442383
3505203,"SP","BARIRI",18199,"0",43.4838948537579,12.538,30.1989994049072,15.5699996948242,0.486000001430511,15.2054954010944,-22.0744438171387,48.7402763366699
3505302,"SP","BARRA BONITA",23471,"0",43.638635627343,14.022,5.68200016021729,15.8940000534058,0.485000014305115,15.5428309665598,-22.494722366333,48.5580558776855
3505351,"SP","BARRA DO CHAPEU",3317,"0",28.3758082921263,12.322,85.6809997558594,34.882999420166,0.5799999833107,6.83790350572718,-24.4730548858643,49.0244445800781
3505401,"SP","BARRA DO TURVO",6029,"0",50.8089696281578,19.459,74.7310028076172,43.8110008239746,0.531000018119812,12.2384155455904,-24.7563896179199,48.5047225952148
3505500,"SP","BARRETOS",63395,"1",9.69451082828508,12.29,20.3540000915527,12.5459995269775,0.544000029563904,11.6242412046819,-20.557222366333,48.5677795410156
3505609,"SP","BARRINHA",12899,"0",42.2557446062094,12.916,17.1520004272461,22.1089992523193,0.430000007152557,15.1841018582244,-21.1936111450195,48.1638870239258
3505708,"SP","BARUERI",120570,"1",7.77372394610411,20.866,18.0289993286133,14.8479995727539,0.601000010967255,21.7028364834042,-23.510555267334,46.8761100769043
3505807,"SP","BASTOS",14320,"0",46.7000175530981,12.456,35.0810012817383,20.3320007324219,0.666999995708466,10.1896779885311,-21.9219436645508,50.7338905334473
3505906,"SP","BATATAIS",30186,"0",35.5034814265013,11.518,22.9659996032715,14.0089998245239,0.513999998569489,14.6783564694012,-20.8911113739014,47.5849990844727
3506003,"SP","BAURU",171282,"1",16.7521015699869,20.987,14.6850004196167,9.37600040435791,0.523999989032745,21.9514598989775,-22.3147220611572,49.0605545043945
3506102,"SP","BEBEDOURO",43237,"1",13.9464068209501,14.474,21.8759994506836,14.3979997634888,0.495000004768372,19.3911623485827,-20.9494438171387,48.4791679382324
3506201,"SP","BENTO DE ABREU",1938,"0",45.3951665578054,8.955,33.7480010986328,21.5230007171631,0.514999985694885,15.0029188558085,-21.2705554962158,50.8119430541992
3506300,"SP","BERNADINO DE CAMPOS",7093,"0",35.5958023019634,15.776,37.3709983825684,17.871000289917,0.514999985694885,16.6350226376515,-23.0130558013916,49.4741668701172
3506359,"SP","BERTIOGA",13084,"0",33.0095388115866,11.829,21.8929996490479,17.7749996185303,0.456999987363815,12.2354104846686,-23.8544445037842,46.1386108398438
3506409,"SP","BILAC",4593,"0",38.2743362831858,12.668,29.3279991149902,18.4820003509521,0.483000010251999,10.5584444946869,-21.4033336639404,50.4705543518066
3506508,"SP","BIRIGUI",50483,"1",12.2315852510908,15.897,11.8120002746582,15.4770002365112,0.467000007629395,14.2890197728229,-21.288610458374,50.3400001525879
3506607,"SP","BIRITIBA MIRIM",14148,"0",40.7644882860666,20.366,34.5690002441406,24.0440006256104,0.515999972820282,11.2218060094046,-23.5725002288818,46.0386123657227
3506706,"SP","BOA ESPERANCA DO SUL",7586,"0",48.74941743048,14.965,25.32200050354,24.306999206543,0.453000009059906,17.5646955869484,-21.9925003051758,48.3908348083496
3506805,"SP","BOCAINA",5774,"0",44.4206008583691,10.815,11.9610004425049,19.5690002441406,0.460999995470047,18.8411285741337,-22.1361103057861,48.5180549621582
3506904,"SP","BOFETE",5289,"0",41.1795271499091,12.965,40.1150016784668,23.6620006561279,0.5,10.2864877058425,-23.102222442627,48.2577781677246
3507001,"SP","BOITUVA",19006,"0",47.8484673221515,24.09,17.8290004730225,16.4260005950928,0.490000009536743,11.0123456790123,-23.283332824707,47.6722221374512
3507100,"SP","BOM JESUS DOS PERDOES",8457,"0",41.642063826796,18.084,27.5020008087158,20.5510005950928,0.523000001907349,8.09432759719567,-23.1350002288818,46.4652786254883
3507159,"SP","BOM SUCESSO DE ITARARE",1791,"0",27.8823529411765,13.399,73.693000793457,27.378999710083,0.51800000667572,7.61523046092184,-24.317777633667,49.1438903808594
3507209,"SP","BORA",1138,"0",53.4675615212528,12.284,54.9150009155273,33.0699996948242,0.497999995946884,7.40740740740741,-22.2697219848633,50.5344429016113
3507308,"SP","BORACEIA",3142,"0",43.5453519006398,11.398,31.3519992828369,25.5450000762939,0.435000002384186,15.2891096133381,-22.1930561065674,48.7788887023926
3507407,"SP","BORBOREMA",8864,"0",33.0020920502092,10.222,26.5,20.6770000457764,0.568000018596649,5.94541910331384,-21.619722366333,49.0736122131348
3507456,"SP","BOREBI",1259,"0",34.8551360842845,12.87,11.9809999465942,23.3439998626709,0.439999997615814,10.9090909090909,-22.5694446563721,48.9711112976074
3507506,"SP","BOTUCATU",61753,"1",17.3124352146406,21.333,17.0510005950928,10.4209995269775,0.517000019550323,19.3824276980147,-22.8858337402344,48.4449996948242
3507605,"SP","BRAGANCA PAULISTA",69352,"1",13.1315210335492,21.302,20.0480003356934,14.3649997711182,0.532000005245209,14.5128149670163,-22.9519443511963,46.5419425964355
3507704,"SP","BRAUNA",3681,"0",33.5607537361923,11.785,44.4280014038086,21.4699993133545,0.497000008821487,8.01136363636364,-21.4991664886475,50.3155555725098
3507753,"SP","BREJO ALEGRE",1387,"0",32.1197411003236,13.905,38.5699996948242,33.8870010375977,0.435999989509583,11.2751584372171,-21.166389465332,50.1852760314941
3507803,"SP","BRODOSQUI",10543,"0",37.2509106492393,11.818,15.5310001373291,15.7550001144409,0.45100000500679,8.75345127313631,-20.9913883209229,47.6586112976074
3507902,"SP","BROTAS",10840,"0",37.4858553646744,15.586,27.1889991760254,19.1520004272461,0.505999982357025,10.9343737494998,-22.2841663360596,48.1266670227051
3508009,"SP","BURI",9454,"0",34.3058221369162,12.889,53.9860000610352,22.5750007629395,0.537000000476837,13.7218481541676,-23.7975006103516,48.5927772521973
3508108,"SP","BURITAMA",9313,"0",42.4257549288745,10.625,29.5389995574951,23.2119998931885,0.48199999332428,12.2493163172288,-21.0661106109619,50.1472206115723
3508207,"SP","BURITIZAL",2760,"0",37.2829861111111,7.303,27.0230007171631,14.1680002212524,0.46399998664856,4.19435215946844,-20.1911106109619,47.7083320617676
3508306,"SP","CABRALIA PAULISTA",3311,"0",39.1830559757943,13.786,49.3409996032715,20.0480003356934,0.52700001001358,12.0586275816123,-22.4555549621582,49.3375015258789
3508405,"SP","CABREUVA",13731,"0",44.218009478673,15.785,19.1189994812012,21.5109996795654,0.527999997138977,10.6260952684403,-23.3075008392334,47.1327781677246
3508504,"SP","CACAPAVA",45325,"1",14.3281595398255,17.51,23.2649993896484,10.9689998626709,0.524999976158142,22.0739716557207,-23.1008338928223,45.7069435119629
3508603,"SP","CACHOEIRA PAULISTA",17207,"0",38.47250113364,11.7,47.4129981994629,12.7889995574951,0.583999991416931,22.5768972054057,-22.6650009155273,45.0094451904297
3508702,"SP","CACONDE",11140,"0",40.1526393894424,18.133,51.8300018310547,23.7240009307861,0.51800000667572,8.76056338028169,-21.5294437408447,46.6438903808594
3508801,"SP","CAFELANDIA",10532,"0",30.6325435851587,15.194,49.7350006103516,21.1599998474121,0.532999992370605,12.4281246847574,-21.8024997711182,49.6100006103516
3508900,"SP","CAIABU",3272,"0",43.1468268869696,12.518,57.5979995727539,30.7749996185303,0.469999998807907,11.6887417218543,-22.0122222900391,51.2355537414551
3509007,"SP","CAIEIRAS",30918,"0",42.9328092208268,19.442,13.7910003662109,11.9650001525879,0.439000010490417,23.2129540854373,-23.3641662597656,46.7405548095703
3509106,"SP","CAIUA",3325,"0",42.6759410801964,15.451,58.6199989318848,29.3689994812012,0.492000013589859,10.6805600781504,-21.8316669464111,51.9983329772949
3509205,"SP","CAJAMAR",34288,"0",43.8815242595266,15.654,23.6650009155273,16.8740005493164,0.577000021934509,22.4658737667252,-23.3561115264893,46.8769454956055
3509254,"SP","CAJATI",15467,"0",51.4224983649444,20.033,54.4410018920898,33.492000579834,0.541999995708466,14.7683397683398,-24.7361106872559,48.1227760314941
3509304,"SP","CAJOBI",6641,"0",50.6371681415929,9.034,17.0820007324219,20.0219993591309,0.479000002145767,13.0434782608696,-20.8797225952148,48.8094444274902
3509403,"SP","CAJURU",13207,"0",40.1168539325843,9.541,34.359001159668,15.2019996643066,0.555000007152557,12.7025419949457,-21.2752780914307,47.3041648864746
3509452,"SP","CAMPINA DO MONTE ALEGRE",2889,"0",28.6694624475791,14.646,52.4580001831055,23.0869998931885,0.58899998664856,14.5136778115502,-23.5919437408447,48.477222442627
3509502,"SP","CAMPINAS",562283,"1",15.0335662958953,15.144,10.75,9.09500026702881,0.531000018119812,24.9985936990216,-22.9055557250977,47.0608329772949
3509601,"SP","CAMPO LIMPO PAULISTA",35105,"0",41.9308024670998,15.801,17.318000793457,14.1450004577637,0.456000000238419,21.8648155390431,-23.2063884735107,46.7844429016113
3509700,"SP","CAMPOS DO JORDAO",26390,"0",48.5170126257222,18.256,20.7670001983643,15.9519996643066,0.519999980926514,11.5671186026628,-22.739444732666,45.5913887023926
3509809,"SP","CAMPOS NOVOS PAULISTA",3309,"0",42.2186103210077,12.182,51.3019981384277,22.5300006866455,0.483000010251999,9.85426786953504,-22.6030559539795,50.002498626709
3509908,"SP","CANANEIA",6933,"0",35.6542397660819,10.921,62.0789985656738,20.7189998626709,0.566999971866608,11.7684277127491,-25.0147228240967,47.9266662597656
3509957,"SP","CANAS",1716,"0",35.7496902106568,12.604,67.2819976806641,19.1350002288818,0.528999984264374,11.2751584372171,-22.7036113739014,45.0552787780762
3510005,"SP","CANDIDO MOTA",19331,"0",46.6459590227585,12.251,33.4650001525879,20.6569995880127,0.569000005722046,11.9326986938233,-22.7463893890381,50.3869438171387
3510104,"SP","CANDIDO RODRIGUES",2414,"0",46.911099949774,4.491,22.2439994812012,21.1620006561279,0.449000000953674,11.8573413617415,-21.3252773284912,48.6308326721191
3510153,"SP","CANITAR",2211,"0",39.0311804008909,11.61,63.1520004272461,33.0709991455078,0.449999988079071,13.1963223363981,-23.0063896179199,49.783332824707
3510203,"SP","CAPAO BONITO",30139,"0",42.0076137046684,19.43,48.4500007629395,22.2399997711182,0.554000020027161,13.1487528659765,-24.0058326721191,48.3494453430176
3510302,"SP","CAPELA DO ALTO",7277,"0",46.3077375698735,22.589,36.367000579834,19.4619998931885,0.479000002145767,7.35737893375485,-23.4705562591553,47.7347221374512
3510401,"SP","CAPIVARI",21863,"0",50.4836436105575,19.742,13.8470001220703,14.8739995956421,0.481000006198883,13.4005062305296,-22.9950008392334,47.5077781677246
3510500,"SP","CARAGUATATUBA",39724,"0",35.9262721271251,14.475,30.3819999694824,15.8610000610352,0.545000016689301,12.9535888977363,-23.6202774047852,45.4130554199219
3510609,"SP","CARAPICUIBA",178433,"1",12.6842174026653,25.859,13.7779998779297,12.664999961853,0.430000007152557,28.7777459413655,-23.5224990844727,46.8355560302734
3510708,"SP","CARDOSO",9226,"0",37.1171432718827,11.414,50.4850006103516,26.3129997253418,0.596000015735626,11.7956939990838,-20.0819435119629,49.9141654968262
3510807,"SP","CASA BRANCA",16140,"0",38.7604070305273,15.125,27.2099990844727,17.8439998626709,0.532999992370605,12.8629369728964,-21.773889541626,47.0863876342773
3510906,"SP","CASSIA DOS COQUEIROS",2718,"0",37.5693393847706,14.039,54.8209991455078,21.2950000762939,0.513999998569489,6.5865943432778,-21.2827777862549,47.1697235107422
3511003,"SP","CASTILHO",11019,"0",44.4496106009532,11.719,41.9889984130859,25.05299949646,0.574000000953674,20.6478958522555,-20.8722229003906,51.4874992370605
3511102,"SP","CATANDUVA",57686,"1",14.5546083872075,16.308,10.7889995574951,14.1009998321533,0.513999998569489,14.2463368634847,-21.1377773284912,48.9727783203125
3511201,"SP","CATIGUA",5050,"0",49.1649966599866,13.005,15.5159997940063,23.6110000610352,0.389999985694885,17.7244258872651,-21.0494441986084,49.0583343505859
3511300,"SP","CEDRAL",4309,"0",41.7087967644085,11.958,35.148998260498,19.0799999237061,0.48199999332428,13.030888030888,-20.9027786254883,49.2683334350586
3511409,"SP","CERQUEIRA CESAR",9511,"0",39.594335093615,13.234,36.0299987792969,16.5330009460449,0.5799999833107,11.0440223954331,-23.0355548858643,49.1661109924316
3511508,"SP","CERQUILHO",15477,"0",38.0952380952381,11.848,10.8579998016357,10.5620002746582,0.510999977588654,15.6443444006753,-23.1650009155273,47.7436103820801
3511607,"SP","CESARIO LANGE",7889,"0",49.1796073835335,16.402,28.7859992980957,14.5530004501343,0.479000002145767,9.87801644126226,-23.2266674041748,47.9530563354492
3511706,"SP","CHARQUEADA",9382,"0",40.3419650600917,12.74,17.1909999847412,14.7430000305176,0.421999990940094,12.0032161727544,-22.5097217559814,47.7780570983887
3511904,"SP","CLEMENTINA",3787,"0",40.5043089690393,9.78,35.1209983825684,22.6469993591309,0.505999982357025,10.0366506907246,-21.5597229003906,50.4491653442383
3512001,"SP","COLINA",11321,"0",38.2793670753432,11.6,32.4109992980957,15.7510004043579,0.535000026226044,16.0583941605839,-20.7133331298828,48.5408325195312
3512100,"SP","COLOMBIA",4855,"0",38.574246266554,9.383,39.5639991760254,23.7910003662109,0.510999977588654,7.68509840674789,-20.1758327484131,48.6888885498047
3512209,"SP","CONCHAL",14564,"0",50.2760662559014,17.483,25.5590000152588,22.246000289917,0.476000010967255,9.05874548536891,-22.3302783966064,47.1725006103516
3512308,"SP","CONCHAS",9027,"0",36.625,11.222,20.8449993133545,13.4759998321533,0.517000019550323,15.2426282795449,-23.0152778625488,48.010555267334
3512407,"SP","CORDEIROPOLIS",9659,"0",45.3040503255711,11.398,14.0270004272461,12.1049995422363,0.448000013828278,17.4917491749175,-22.4819450378418,47.4566650390625
3512506,"SP","COROADOS",2579,"0",33.4320778671181,9.645,32.5340003967285,24.318000793457,0.512000024318695,15.7749586321015,-21.3519439697266,50.2813873291016
3512605,"SP","CORONEL MACEDO",5116,"0",32.6995179432244,14.482,61.9580001831055,27.4139995574951,0.546000003814697,7.18489953318449,-23.6311111450195,49.3136100769043
3512704,"SP","CORUMBATAI",2800,"0",34.1692789968652,8.801,31.5090007781982,16.556999206543,0.486000001430511,9.13897280966767,-22.2199993133545,47.6258316040039
3512803,"SP","COSMOPOLIS",24986,"0",37.0924774831917,14.538,13.3549995422363,13.8800001144409,0.428000003099442,25.482976695833,-22.6458339691162,47.1961097717285
3512902,"SP","COSMORAMA",5635,"0",41.0180900294489,10.683,51.8059997558594,21.8430004119873,0.558000028133392,5.96517228603186,-20.4777774810791,49.7777786254883
3513009,"SP","COTIA",71220,"1",13.9674146745449,21.516,16.4650001525879,13.75,0.570999979972839,21.3859807783688,-23.603889465332,46.9191665649414
3513108,"SP","CRAVINHOS",15756,"0",40.8069007675066,11.985,23,14.1730003356934,0.551999986171722,11.4538365130205,-21.3402786254883,47.7294425964355
3513207,"SP","CRISTAIS PAULISTA",4204,"0",36.0228898426323,13.245,44.1879997253418,22.2029991149902,0.476999998092651,9.06786820613912,-20.3972225189209,47.4202766418457
3513306,"SP","CRUZALIA",2135,"0",28.7685774946921,6.538,40.7869987487793,19.8139991760254,0.578999996185303,8.58869227449288,-22.7355556488037,50.7936096191406
3513405,"SP","CRUZEIRO",47271,"1",17.5759185052865,13.729,36.5909996032715,9.22799968719482,0.52999997138977,20.2408877661494,-22.5761108398438,44.962776184082
3513504,"SP","CUBATAO",71438,"1",11.5921742767963,17.141,23.1760005950928,16.5410003662109,0.437999993562698,24.1160152064466,-23.8950004577637,46.4252777099609
3513603,"SP","CUNHA",15512,"0",51.5821812596006,17.241,68.359001159668,26.1660003662109,0.583999991416931,11.5155661991105,-23.0744438171387,44.9597206115723
3513702,"SP","DESCALVADO",18078,"0",43.6561085972851,15.034,17.4260005950928,11.9829998016357,0.513999998569489,11.606291706387,-21.9038887023926,47.6194458007812
3513801,"SP","DIADEMA",220292,"1",13.149128866375,15.32,14.0749998092651,15.9849996566772,0.428000003099442,40.5089796645744,-23.6861114501953,46.6227760314941
3513850,"SP","DIRCE REIS",1588,"0",35.75,10.683,61.6539993286133,35.8800010681152,0.545000016689301,8.77914951989026,-20.4661102294922,50.6061096191406
3513900,"SP","DIVINOLANDIA",8600,"0",49.2376803702695,19.676,39.0120010375977,18.8269996643066,0.528999984264374,5.02283105022831,-21.6613883972168,46.7391662597656
3514007,"SP","DOBRADA",5032,"0",41.5694065060839,12.741,14.496000289917,26.5729999542236,0.402999997138977,28.5495849716033,-21.5166664123535,48.3938903808594
3514106,"SP","DOIS CORREGOS",13046,"0",40.8415217939027,18.191,15.0699996948242,18.3509998321533,0.497000008821487,16.8756105503093,-22.3661117553711,48.3802795410156
3514205,"SP","DOLCINOPOLIS",2352,"0",35.2941176470588,9.835,36.9990005493164,30.1730003356934,0.456999987363815,7.10407239819004,-20.1230564117432,50.5133323669434
3514304,"SP","DOURADO",5661,"0",49.6894409937888,11.177,17.4559993743896,19.9200000762939,0.513000011444092,16.1450381679389,-22.1000003814697,48.3175010681152
3514403,"SP","DRACENA",28010,"0",36.170481851524,13.082,25.9810009002686,18.875,0.532999992370605,8.87322367684905,-21.4825000762939,51.5327758789062
3514502,"SP","DUARTINA",9127,"0",37.1284501061571,16.156,41.1669998168945,21.4370002746582,0.547999978065491,18.3568236507391,-22.4144439697266,49.4038887023926
3514601,"SP","DUMONT",3702,"0",40.4322766570605,10.528,11.456000328064,17.0090007781982,0.470999985933304,15.5339805825243,-21.2363891601562,47.973331451416
3514700,"SP","ECHAPORA",4518,"0",36.404793608522,14.353,42.826000213623,25.3419990539551,0.564999997615814,11.1880046136102,-22.4294452667236,50.200553894043
3514809,"SP","ELDORADO",9148,"0",31.4741035856574,18.613,59.4259986877441,30.636999130249,0.624000012874603,11.5251815692344,-24.5200004577637,48.1080551147461
3514908,"SP","ELIAS FAUSTO",8927,"0",53.0053870144599,19.65,35.9379997253418,21.9080009460449,0.517000019550323,6.23616236162362,-23.0427780151367,47.3738899230957
3514924,"SP","ELISIARIO",2155,"0",32.6175869120654,8.358,25.2910003662109,28.6420001983643,0.430999994277954,16.7875069715561,-21.1655559539795,49.1116676330566
3514957,"SP","EMBAUBA",1937,"0",45.7126303592121,8.302,17.6439990997314,20.7530002593994,0.455000013113022,13.4319863403529,-20.9825000762939,48.8355560302734
3515004,"SP","EMBU",105249,"1",15.4142623843223,25.948,17.0610008239746,17.6380004882812,0.509999990463257,21.2215084618645,-23.648889541626,46.852222442627
3515103,"SP","EMBU GUACU",30052,"0",40.945662082359,20.664,25.1889991760254,19.576000213623,0.474000006914139,14.6776970876694,-23.8322219848633,46.8113899230957
3515129,"SP","EMILIANOPOLIS",2362,"0",35.234215885947,9.3,50.9519996643066,28.6389999389648,0.495999991893768,24.5080500894454,-21.8330554962158,51.4830551147461
3515152,"SP","ENGENHEIRO COELHO",4257,"0",42.2245651027939,15.164,22.9379997253418,22.636999130249,0.476000010967255,12.0126146788991,-22.4883327484131,47.2150001525879
3515186,"SP","ESPIRITO SANTO DO PINHAL",25656,"0",44.2390978088418,20.285,22.9099998474121,16.6560001373291,0.514999985694885,16.6040074364801,-22.1158332824707,46.6827774047852
3515194,"SP","ESPIRITO SANTO DO TURVO",2374,"0",41.8679549114332,10.058,37.2109985351562,22.5090007781982,0.47299998998642,10.4972375690608,-22.6922225952148,49.4302787780762
3515202,"SP","ESTRELA D OESTE",6263,"0",18.461825648684,9.953,51.8040008544922,22.3040008544922,0.552999973297119,9.8314606741573,-20.2877769470215,50.4008331298828
3515301,"SP","ESTRELA DO NORTE",2571,"0",29.1402192729371,12.302,53.9039993286133,25.0020008087158,0.456999987363815,8.57952246054229,-22.4880561828613,51.6602783203125
3515350,"SP","EUCLIDES DA CUNHA PAULISTA",7503,"0",39.802802283342,14.02,57.4700012207031,32.4490013122559,0.497000008821487,15.12639867385,-22.5613880157471,52.5902786254883
3515400,"SP","FARTURA",9929,"0",33.3568157802043,12.293,56.7840003967285,19.488000869751,0.550000011920929,10.6434092333403,-23.388334274292,49.5099983215332
3515509,"SP","FERNANDOPOLIS",37426,"0",24.1396218320002,13.064,21.6340007781982,17.568000793457,0.549000024795532,14.1053598071847,-20.2838897705078,50.2463874816895
3515608,"SP","FERNANDO PRESTES",4080,"0",36.1856646668772,9.654,24.9300003051758,21.4969997406006,0.453999996185303,9.2511013215859,-21.2644443511963,48.6852760314941
3515657,"SP","FERNAO",1097,"0",37.2781065088757,12.981,73.7440032958984,29.0459995269775,0.499000012874603,11.2751584372171,-22.3586120605469,49.5208320617676
3515707,"SP","FERRAZ DE VASCONCELOS",62034,"1",14.4510600411775,26.691,25.9850006103516,16.2439994812012,0.465000003576279,22.3756007660897,-23.5408325195312,46.3686103820801
3515806,"SP","FLORA RICA",2469,"0",31.8021201413428,8.102,57.8310012817383,30.5440006256104,0.560999989509583,11.298183429331,-21.6758327484131,51.3841667175293
3515905,"SP","FLOREAL",3169,"0",38.2387941293138,8.345,38.6980018615723,18.8479995727539,0.51800000667572,10.5121293800539,-20.6766662597656,50.1452789306641
3516002,"SP","FLORIDA PAULISTA",8206,"0",44.9093444909345,11.731,42.7919998168945,27.7740001678467,0.49099999666214,6.51419761017602,-21.6147212982178,51.1736106872559
3516101,"SP","FLORINEA",3264,"0",40.1013085690165,11.368,37.4259986877441,26.3910007476807,0.486999988555908,14.1686582451349,-22.9033336639404,50.7377777099609
3516200,"SP","FRANCA",150206,"1",10.5696320916246,14.807,10.0699996948242,11.1319999694824,0.462999999523163,20.8348104766091,-20.538610458374,47.4008331298828
3516309,"SP","FRANCISCO MORATO",50483,"1",17.1220607242466,27.875,20.548999786377,18.6909999847412,0.446000009775162,22.7952409610666,-23.281665802002,46.7452774047852
3516408,"SP","FRANCO DA ROCHA",51479,"1",18.3110087902888,22.31,15.9440002441406,19.0520000457764,0.439000010490417,21.4108699367629,-23.3216667175293,46.7269439697266
3516507,"SP","GABRIEL MONTEIRO",2483,"0",45.3990849008643,14.728,39.2060012817383,21.2870006561279,0.519999980926514,9.03765690376569,-21.5311107635498,50.5547218322754
3516606,"SP","GALIA",5030,"0",36.4813404417365,15.291,64.088996887207,30.7450008392334,0.563000023365021,13.0974655553666,-22.291389465332,49.5527763366699
3516705,"SP","GARCA",27038,"0",30.3454384410983,18.795,42.3880004882812,21.5839996337891,0.574000000953674,11.7683231484684,-22.2105560302734,49.6561126708984
3516804,"SP","GASTAO VIDIGAL",3213,"0",39.8692810457516,11.13,46.9360008239746,24.5939998626709,0.514999985694885,14.786532454009,-20.7986106872559,50.1869430541992
3516853,"SP","GAVIAO PEIXOTO",2355,"0",36.4133134624938,16.281,19.9419994354248,22.2880001068115,0.43299999833107,11.2751584372171,-21.838888168335,48.4947204589844
3516903,"SP","GENERAL SALGADO",8128,"0",28.6019862490451,9.152,24.9099998474121,23.3610000610352,0.504999995231628,11.1893117022546,-20.6483325958252,50.3605537414551
3517000,"SP","GETULINA",7329,"0",46.3846020461245,13.452,52.5970001220703,23.7849998474121,0.537999987602234,13.9852188743604,-21.7986106872559,49.9286117553711
3517109,"SP","GLICERIO",3650,"0",33.3015873015873,12.111,36.5620002746582,23.3950004577637,0.439999997615814,15.0920615756112,-21.3761119842529,50.2058334350586
3517208,"SP","GUAICARA",5521,"0",39.7690128568316,14.417,45.8380012512207,21.4869995117188,0.508000016212463,20.2005431376645,-21.6219444274902,49.7986106872559
3517307,"SP","GUAIMBE",4214,"0",42.7631578947368,18.196,44.1980018615723,25.7399997711182,0.564000010490417,11.6892725030826,-21.9099998474121,49.8966674804688
3517406,"SP","GUAIRA",21029,"0",38.2078507078507,13.452,18.5049991607666,18.3040008544922,0.486999988555908,14.0234651562658,-20.3183326721191,48.3105545043945
3517505,"SP","GUAPIACU",9068,"0",52.0526442888191,13.374,20.4449996948242,22.3279991149902,0.421999990940094,12.4094881398252,-20.7950000762939,49.2202758789062
3517604,"SP","GUAPIARA",12020,"0",39.0078328981723,17.167,66.447998046875,30.6229991912842,0.560000002384186,26.8685567010309,-24.1849994659424,48.5327758789062
3517703,"SP","GUARA",12023,"0",32.9986739912862,10.569,27.7210006713867,20.4580001831055,0.477999985218048,9.17630686265982,-20.4283332824707,47.8241653442383
3517802,"SP","GUARACAI",6335,"0",47.4905660377358,10.171,47.5069999694824,24.9659996032715,0.589999973773956,12.8274009402283,-21.0283336639404,51.2066650390625
3517901,"SP","GUARACI",6270,"0",28.6320468781572,7.627,38.7070007324219,22.0410003662109,0.490000009536743,12.9111266620014,-20.4986114501953,48.9447212219238
3518008,"SP","GUARANI D OESTE",1609,"0",26.1487050960735,9.233,48.1279983520508,26.4759998321533,0.499000012874603,15.173809085893,-20.0747222900391,50.3394432067871
3518107,"SP","GUARANTA",4078,"0",45.9319975713418,15.13,59.5029983520508,24.7089996337891,0.549000024795532,15.1778441487917,-21.8950004577637,49.5897216796875
3518206,"SP","GUARARAPES",18559,"0",38.9764509549416,14.93,28.5580005645752,16.9409999847412,0.564000010490417,13.6486486486486,-21.2608337402344,50.6427764892578
3518305,"SP","GUARAREMA",14304,"0",33.0727853420743,14.297,39.9440002441406,21.0639991760254,0.552999973297119,13.7016659024912,-23.4150009155273,46.0349998474121
3518404,"SP","GUARATINGUETA",64713,"1",16.7443064182195,15.15,24.7959995269775,9.43099975585938,0.651000022888184,17.1227946704202,-22.8163890838623,45.1925010681152
3518503,"SP","GUAREI",6502,"0",48.5739282589676,21.727,51.7529983520508,21.7800006866455,0.589999973773956,14.6092152854222,-23.3727779388428,48.1841659545898
3518602,"SP","GUARIBA",19773,"0",42.7156512726016,12.497,25.871000289917,27.0109996795654,0.465999990701675,20.238747125178,-21.3600006103516,48.2283325195312
3518701,"SP","GUARUJA",147055,"1",14.0987784788487,18.69,25.5459995269775,16.4090003967285,0.485000014305115,15.9622818743452,-23.9930553436279,46.2563896179199
3518800,"SP","GUARULHOS",477031,"1",15.4844121347686,15.678,15.3620004653931,12.8859996795654,0.486999988555908,22.8667561207495,-23.4627780914307,46.533332824707
3518859,"SP","GUATAPARA",3401,"0",33.5747202106649,9.51,19.1650009155273,20.3589992523193,0.532000005245209,17.0167319330723,-21.4966659545898,48.0377769470215
3518909,"SP","GUZOLANDIA",3831,"0",34.1358246496586,12.294,62.734001159668,34.4199981689453,0.495000004768372,8.24332006822058,-20.6497230529785,50.6619453430176
3519006,"SP","HERCULANDIA",5298,"0",44.404973357016,14.274,48.4970016479492,26.7759990692139,0.628000020980835,7.10710710710711,-22.0036106109619,50.3852767944336
3519055,"SP","HOLAMBRA",4964,"0",49.8723404255319,15.597,19.0340003967285,17.4780006408691,0.49099999666214,13.1560531840448,-22.6330547332764,47.0555572509766
3519071,"SP","HORTOLANDIA",56626,"1",15.0616272720181,22.866,17.0809993743896,15.8669996261597,0.416000008583069,26.4594342555176,-22.8583335876465,47.2200012207031
3519105,"SP","IACANGA",5801,"0",35.5438738374444,11.061,32.9570007324219,21.6650009155273,0.550000011920929,7.42710434623143,-21.8899993896484,49.0247230529785
3519204,"SP","IACRI",5524,"0",43.7266791044776,17.738,55.9679985046387,25.1149997711182,0.592999994754791,10.7054573112759,-21.8583335876465,50.6894454956055
3519253,"SP","IARAS",1828,"0",31.3351498637602,8.638,53.6580009460449,19.1270008087158,0.52700001001358,7.07850707850708,-22.8708324432373,49.1627769470215
3519303,"SP","IBATE",12849,"0",49.6981070496084,16.225,16.9459991455078,20.7670001983643,0.377999991178513,17.2271851462603,-21.9547214508057,47.9966659545898
3519402,"SP","IBIRA",6794,"0",45.6719022687609,12.782,26.2590007781982,20.4589996337891,0.465999990701675,8.1547064305685,-21.0802783966064,49.2408332824707
3519501,"SP","IBIRAREMA",4577,"0",41.6424610509638,9.534,40.2389984130859,19.375,0.488999992609024,14.9377593360996,-22.8174991607666,50.0724983215332
3519600,"SP","IBITINGA",28662,"0",37.3286329808069,13.654,19.4890003204346,16.8339996337891,0.518999993801117,11.0937905949597,-21.7577781677246,48.8288879394531
3519709,"SP","IBIUNA",32566,"0",45.2402074518903,19.995,47.4090003967285,26.7530002593994,0.61599999666214,6.92139054181021,-23.6563892364502,47.2224998474121
3519808,"SP","ICEM",5474,"0",31.5615402787621,8.066,23.1420001983643,18.5,0.503000020980835,16.040404040404,-20.341667175293,49.1949996948242
3519907,"SP","IEPE",5726,"0",30.5456965394854,12.345,38.1230010986328,22.798999786377,0.472000002861023,9.27909669947887,-22.6605548858643,51.0761108398438
3520004,"SP","IGARACU DO TIETE",14145,"0",44.8542297275769,17.488,9.02400016784668,22.8199996948242,0.344999998807907,15.9032695494953,-22.5091667175293,48.5577774047852
3520103,"SP","IGARAPAVA",18237,"0",35.3486842105263,12.228,27.7719993591309,14.2320003509521,0.503000020980835,8.14272099118418,-20.0383338928223,47.7469444274902
3520202,"SP","IGARATA",6577,"0",43.044670846395,21.333,37.9459991455078,27.4619998931885,0.483999997377396,8.40281183586725,-23.2044448852539,46.1561126708984
3520301,"SP","IGUAPE",18184,"0",40.3710369652499,13.519,48.1389999389648,22.4220008850098,0.523999989032745,10.040825986628,-24.7080554962158,47.5552787780762
3520400,"SP","ILHABELA",9784,"0",40.0885515496521,13.455,33.0209999084473,20.7859992980957,0.533999979496002,10.8042421564295,-23.77805519104,45.3580551147461
3520426,"SP","ILHA COMPRIDA",3163,"0",24.750099960016,7.256,44.265998840332,14.2049999237061,0.586000025272369,10.3896103896104,-24.7411117553711,47.5400009155273
3520442,"SP","ILHA SOLTEIRA",15615,"0",26.2200956937799,10.086,8,10.2779998779297,0.444999992847443,21.5938303341902,-20.4327774047852,51.3424987792969
3520509,"SP","INDAIATUBA",75778,"1",16.1833555599694,17.904,13.3450002670288,12.4779996871948,0.465999990701675,24.5737545811424,-23.0902786254883,47.2180557250977
3520608,"SP","INDIANA",3931,"0",40.7535321821036,12.635,39.9410018920898,20.6620006561279,0.486000001430511,12.7052489905787,-22.1744441986084,51.2516670227051
3520707,"SP","INDIAPORA",3710,"0",25.2053771471247,9.604,41.9290008544922,22.5459995269775,0.541000008583069,9.81455064194009,-19.9799995422363,50.289722442627
3520806,"SP","INUBIA PAULISTA",2459,"0",41.5547024952015,11.06,40.7169990539551,26.8859996795654,0.451999992132187,4.98054474708171,-21.7697219848633,50.9619445800781
3520905,"SP","IPAUCU",8256,"0",40.8741878322504,18.527,32.867000579834,18.5419998168945,0.449999988079071,14.4153225806452,-23.0566673278809,49.6263885498047
3521002,"SP","IPERO",7927,"0",40.5582455140985,15.922,29.1700000762939,14.4259996414185,0.453999996185303,16.2405792818088,-23.3502769470215,47.6886100769043
3521101,"SP","IPEUNA",2436,"0",36.271186440678,13.458,31.8880004882812,17.0900001525879,0.488999992609024,9.13907284768212,-22.4358329772949,47.7188873291016
3521150,"SP","IPIGUA",1807,"0",38.5515320334262,7.211,30.4909992218018,20.8199996948242,0.46000000834465,11.2751584372171,-20.656665802002,49.3872222900391
3521200,"SP","IPORANGA",3051,"0",44.9775112443778,15.6,65.9400024414062,32.1689987182617,0.523000001907349,12.5669403784363,-24.5855560302734,48.5930557250977
3521309,"SP","IPUA",6966,"0",37.6362774529942,10.257,23.3780002593994,20.7689990997314,0.477999985218048,10.9252561784207,-20.4380550384521,48.0122222900391
3521408,"SP","IRACEMAPOLIS",9041,"0",38.7587006960557,8.69,10.9409999847412,12.1520004272461,0.479000002145767,21.8652973489372,-22.5805549621582,47.518611907959
3521507,"SP","IRAPUA",4915,"0",46.8037102030584,11.019,38.2669982910156,25.1790008544922,0.467000007629395,11.3771139907753,-21.2794437408447,49.4088897705078
3521606,"SP","IRAPURU",6533,"0",41.987388562731,14.292,57.5900001525879,27.5259990692139,0.606000006198883,6.59058029255747,-21.5708332061768,51.3450012207031
3521705,"SP","ITABERA",11446,"0",31.545285743759,14.658,60.9799995422363,19.6809997558594,0.669000029563904,15.7253910274422,-23.8619441986084,49.1372222900391
3521804,"SP","ITAI",12472,"0",42.5871015567087,12.993,48.0180015563965,23.0259990692139,0.541999995708466,8.96545421312374,-23.4177780151367,49.0905570983887
3521903,"SP","ITAJOBI",10845,"0",43.7185929648241,14.414,30.5639991760254,17.7700004577637,0.488000005483627,7.25032818337877,-21.3180561065674,49.054443359375
3522000,"SP","ITAJU",2414,"0",41.1852589641434,5.158,37.7849998474121,17.4080009460449,0.441000014543533,7.24568138195777,-21.9811115264893,48.8047218322754
3522109,"SP","ITANHAEM",38945,"0",38.6697118543316,15.702,28.3819999694824,16.9850006103516,0.521000027656555,12.228395241281,-24.1830558776855,46.7888870239258
3522158,"SP","ITAOCA",2791,"0",43.7633262260128,16.222,82.193000793457,38.8810005187988,0.550000011920929,13.1426202321725,-24.6399993896484,48.8427772521973
3522208,"SP","ITAPECERICA DA SERRA",58240,"1",16.6150769999808,24.055,19.1830005645752,17.0930004119873,0.575999975204468,17.9110575052525,-23.7169437408447,46.8491668701172
3522307,"SP","ITAPETININGA",65255,"1",15.0092359361881,19.971,27.9589996337891,13.0450000762939,0.532999992370605,15.800061153221,-23.591667175293,48.0530548095703
3522406,"SP","ITAPEVA",45726,"1",14.30343221626,16.505,47.4879989624023,18.6660003662109,0.586000025272369,18.4752934752935,-23.9822216033936,48.8755569458008
3522505,"SP","ITAPEVI",71357,"1",12.4628517230477,27.474,30.6259994506836,16.1720008850098,0.465999990701675,22.43460447526,-23.5488891601562,46.9341659545898
3522604,"SP","ITAPIRA",38658,"0",43.9589749230092,17.965,12.4860000610352,17.2950000762939,0.472000002861023,15.5584670815591,-22.4361114501953,46.8216667175293
3522653,"SP","ITAPIRAPUA PAULISTA",2477,"0",38.2139148494289,14.539,74.5309982299805,35.6920013427734,0.442999988794327,4.81181515007146,-24.5738887786865,49.1680564880371
3522703,"SP","ITAPOLIS",23445,"0",40.9517489809461,11.797,24.7070007324219,17.3859996795654,0.476999998092651,11.9811320754717,-21.5955562591553,48.8127784729004
3522802,"SP","ITAPORANGA",10289,"0",45.7083889765691,15.594,61.7760009765625,27.4400005340576,0.5799999833107,8.34188384978453,-23.7077770233154,49.4897232055664
3522901,"SP","ITAPUI",5942,"0",49.58804368653,14.319,20.8320007324219,18.7029991149902,0.479000002145767,18.0010746910263,-22.2333335876465,48.719165802002
3523008,"SP","ITAPURA",3056,"0",36.123545210385,8.677,44.2939987182617,29.1270008087158,0.467000007629395,10.3327495621716,-20.646110534668,51.5088882446289
3523107,"SP","ITAQUAQUECETUBA",94366,"1",14.9943671185086,27.655,27.7549991607666,17.9720001220703,0.430000007152557,19.2593117791643,-23.4861106872559,46.348331451416
3523206,"SP","ITARARE",26956,"0",32.6045669360894,13.82,54.476001739502,19.246000289917,0.58899998664856,13.2575902967029,-24.1124992370605,49.3316650390625
3523305,"SP","ITARIRI",7194,"0",46.7259030326444,23.479,55.3079986572266,23.9249992370605,0.591000020503998,6.92704495210022,-24.2891674041748,47.174446105957
3523404,"SP","ITATIBA",41783,"1",17.8728903755512,18.929,11.8660001754761,12.8269996643066,0.481000006198883,13.3518847749349,-23.0058326721191,46.8388900756836
3523503,"SP","ITATINGA",9438,"0",44.5251816587322,16.707,34.9879989624023,25.5189990997314,0.546000003814697,12.5361731681908,-23.1016674041748,48.6158332824707
3523602,"SP","ITIRAPINA",6401,"0",37.2202166064982,11.681,19.4130001068115,15.9779996871948,0.479000002145767,11.9906087539829,-22.2527770996094,47.8227767944336
3523701,"SP","ITIRAPUA",3755,"0",35.6643356643357,12.686,38.5629997253418,25.8430004119873,0.425999999046326,10.9756097560976,-20.640832901001,47.219165802002
3523800,"SP","ITOBI",4663,"0",42.7503736920777,15.162,45.7000007629395,18.0349998474121,0.527999997138977,9.86672901566519,-21.7369441986084,46.9749984741211
3523909,"SP","ITU",70947,"1",16.9493858696483,19.456,16.3040008544922,13.9139995574951,0.500999987125397,17.3253008437111,-23.2641658782959,47.2991676330566
3524006,"SP","ITUPEVA",14052,"0",48.3458177278402,20.446,26.7849998474121,21.753999710083,0.505999982357025,13.3812484858273,-23.15305519104,47.0577774047852
3524105,"SP","ITUVERAVA",22377,"0",37.5205704882063,10.038,24.1420001983643,15.6090002059937,0.538999974727631,9.68859774043482,-20.3394451141357,47.7805557250977
3524204,"SP","JABORANDI",4338,"0",31.2335266209805,6.923,21.3299999237061,24.2770004272461,0.503000020980835,13.4884884884885,-20.6880550384521,48.4124984741211
3524303,"SP","JABOTICABAL",39721,"0",30.5063186129469,13.995,14.0270004272461,13.4809999465942,0.53600001335144,20.9129791952688,-21.2547225952148,48.3222236633301
3524402,"SP","JACAREI",111076,"1",13.3144560062572,20.946,24.0510005950928,12.0539999008179,0.555999994277954,26.0820920287863,-23.3052768707275,45.9658317565918
3524501,"SP","JACI",2906,"0",41.0328262610088,9.126,33.7449989318848,20.5550003051758,0.421999990940094,8.00788954635109,-20.8822231292725,49.5699996948242
3524600,"SP","JACUPIRANGA",9835,"0",40.5001256597135,18.605,47.3409996032715,24.1509990692139,0.532999992370605,13.8067061143984,-24.6924991607666,48.0022239685059
3524709,"SP","JAGUARIUNA",15655,"0",46.3768115942029,17.917,20.1760005950928,14.621000289917,0.574000000953674,17.3203278466436,-22.7055549621582,46.9858322143555
3524808,"SP","JALES",28425,"0",28.7215134878945,10.932,24.6580009460449,17.1280002593994,0.541999995708466,12.3386984875815,-20.2688884735107,50.5458335876465
3524907,"SP","JAMBEIRO",2875,"0",33.2350463352991,14.194,54.4420013427734,23.82200050354,0.556999981403351,8.95577852099591,-23.2536106109619,45.6877784729004
3525003,"SP","JANDIRA",49199,"1",10.4555638536221,20.135,18.5200004577637,16.7789993286133,0.412999987602234,25.5461915449091,-23.5275001525879,46.9025001525879
3525102,"SP","JARDINOPOLIS",17105,"0",34.4511413182867,13.451,21.0510005950928,13.7550001144409,0.513999998569489,10.42237727386,-21.0177783966064,47.7638893127441
3525201,"SP","JARINU",7966,"0",47.1935339021105,18.376,39.390998840332,18.1569995880127,0.547999978065491,6.42356241234222,-23.1013889312744,46.7283325195312
3525300,"SP","JAU",64894,"1",16.4082281099509,18.334,8.38300037384033,14.8210000991821,0.426999986171722,16.0740728686964,-22.2963886260986,48.5577774047852
3525409,"SP","JERIQUARA",2907,"0",35.3151010701546,14.818,35.2169990539551,23.9829998016357,0.444000005722046,6.02710413694722,-20.3111114501953,47.589168548584
3525508,"SP","JOANOPOLIS",6831,"0",38.9035318924618,14.288,37.1809997558594,25.117000579834,0.479999989271164,9.30742713882795,-22.9302768707275,46.2755546569824
3525607,"SP","JOAO RAMALHO",2587,"0",42.9683921209345,14.285,41.5909996032715,25.8799991607666,0.493999987840652,11.0615521855486,-22.2502784729004,50.7677764892578
3525706,"SP","JOSE BONIFACIO",15782,"0",35.1080298849027,12.528,21.5869998931885,20.1870002746582,0.48199999332428,13.0756188538488,-21.0527782440186,49.6883316040039
3525805,"SP","JULIO MESQUITA",3746,"0",38.0252818585583,12.671,52.8600006103516,32.2729988098145,0.465999990701675,13.5014836795252,-22.0088882446289,49.787223815918
3525854,"SP","JUMIRIM",1151,"0",33.5538752362949,11.73,23.1380004882812,13.2799997329712,0.439000010490417,11.2751584372171,-23.0866661071777,47.7841682434082
3525904,"SP","JUNDIAI",198411,"1",13.4217766028328,15.14,10.7379999160767,9.3730001449585,0.49099999666214,25.8939580764488,-23.1863880157471,46.8841667175293
3526001,"SP","JUNQUEIROPOLIS",12634,"0",36.8885156414025,15.386,47.1290016174316,21.6429996490479,0.541999995708466,9.86029233626746,-21.5147228240967,51.4336128234863
3526100,"SP","JUQUIA",13415,"0",45.508559919436,20.604,47.3530006408691,25.7119998931885,0.495000004768372,8.13808184942206,-24.3208332061768,47.6347236633301
3526209,"SP","JUQUITIBA",15850,"0",41.4925609370054,20.04,52.5880012512207,31.5240001678467,0.508000016212463,7.71267081634113,-23.9316673278809,47.0683326721191
3526308,"SP","LAGOINHA",5752,"0",39.8591549295775,14.486,68.7890014648438,29.4810009002686,0.552999973297119,9.47730150117562,-23.09055519104,45.1902770996094
3526407,"SP","LARANJAL PAULISTA",13158,"0",46.8050200967927,17.663,23.6620006561279,12.2469997406006,0.479999989271164,13.1133200795229,-23.0497226715088,47.8366661071777
3526506,"SP","LAVINIA",4120,"0",35.9876543209877,10.641,38.5089988708496,20.6590003967285,0.537000000476837,12.0531154239019,-21.1683330535889,51.039722442627
3526605,"SP","LAVRINHAS",4075,"0",41.7171161254816,17.425,61.8129997253418,20.2430000305176,0.63400000333786,12.2474432526815,-22.5708332061768,44.9022216796875
3526704,"SP","LEME",45543,"1",17.9803673826417,19.621,13.8380002975464,15.1569995880127,0.449999988079071,18.2384425918909,-22.1855564117432,47.3902778625488
3526803,"SP","LENCOIS PAULISTA",30171,"0",43.3855358085518,16.499,14.8970003128052,17.4419994354248,0.486000001430511,12.2151289275652,-22.598611831665,48.8002777099609
3526902,"SP","LIMEIRA",139724,"1",13.0748408133132,14.693,13.9300003051758,12.0900001525879,0.472000002861023,22.7885646489767,-22.5647220611572,47.401668548584
3527009,"SP","LINDOIA",3716,"0",33.2202344231956,12.935,22.5510005950928,19.0149993896484,0.486999988555908,9.70985349037633,-22.5230560302734,46.6500015258789
3527108,"SP","LINS",41060,"1",13.2169717610331,14.525,24.7800006866455,15.4619998931885,0.554000020027161,17.8305376780013,-21.6786117553711,49.7425003051758
3527207,"SP","LORENA",50002,"1",14.5779168488139,16.128,30.0270004272461,9.27000045776367,0.569000005722046,17.1095873737169,-22.7308330535889,45.1247215270996
3527256,"SP","LOURDES",1526,"0",26.8809349890431,6.99,38.9360008239746,27.3330001831055,0.469999998807907,7.98348245010324,-20.9669437408447,50.2241668701172
3527306,"SP","LOUVEIRA",11976,"0",45.1446831173442,17.114,17.6259994506836,16.0200004577637,0.458000004291534,12.2599564847224,-23.086389541626,46.950553894043
3527405,"SP","LUCELIA",13167,"0",36.6109188773549,12.509,41.5460014343262,21.5429992675781,0.522000014781952,9.0264062614293,-21.7202777862549,51.0188903808594
3527504,"SP","LUCIANOPOLIS",1899,"0",35.3305785123967,10.03,63.3979988098145,25.7129993438721,0.499000012874603,10.4018912529551,-22.4311103820801,49.5224990844727
3527603,"SP","LUIS ANTONIO",4179,"0",37.413073713491,6.805,17.568000793457,13.6809997558594,0.428000003099442,13.571227872998,-21.5550003051758,47.7044448852539
3527702,"SP","LUISIANIA",3283,"0",43.3307926829268,11.104,47.9280014038086,30.3199996948242,0.497999995946884,11.3826366559486,-21.6758327484131,50.3266677856445
3527801,"SP","LUPERCIO",2880,"0",30.2771855010661,15.431,45.076000213623,27.2350006103516,0.508000016212463,10.1571483326945,-22.4150009155273,49.8172225952148
3527900,"SP","LUTECIA",2801,"0",43.5401831129196,14.346,52.5219993591309,27.7080001831055,0.523000001907349,8.25298881604319,-22.3400001525879,50.3922233581543
3528007,"SP","MACATUBA",10257,"0",47.5470466659415,12.289,14.4200000762939,22.8020000457764,0.439000010490417,13.681091947942,-22.5022220611572,48.7113876342773
3528106,"SP","MACAUBAL",5569,"0",40.3632478632479,12.035,35.2039985656738,21.4109992980957,0.541000008583069,8.04791315740221,-20.8058338165283,49.9638900756836
3528205,"SP","MACEDONIA",2701,"0",30.6417339566511,9.837,50.576000213623,25.1630001068115,0.52999997138977,8.37917900973339,-20.1458339691162,50.1944427490234
3528304,"SP","MAGDA",2925,"0",27.1428571428571,9.397,40.6209983825684,22.4370002746582,0.509999990463257,13.9104698483167,-20.6438884735107,50.2261123657227
3528403,"SP","MAIRINQUE",24151,"0",42.9896710022953,16.439,10.6309995651245,15.0520000457764,0.458000004291534,20.8428087436766,-23.5458335876465,47.1833343505859
3528502,"SP","MAIRIPORA",23687,"0",39.2033129560245,19.003,21.0820007324219,16.4619998931885,0.60699999332428,12.0994817301737,-23.3186111450195,46.5866661071777
3528601,"SP","MANDURI",5525,"0",28.8549937317175,12.797,34.7669982910156,16.32200050354,0.540000021457672,9.33660933660934,-23.0033340454102,49.3219451904297
3528700,"SP","MARABA PAULISTA",2892,"0",36.1026533275337,9.93,55.3269996643066,32.3380012512207,0.46900001168251,9.65058236272879,-22.1080551147461,51.9625015258789
3528809,"SP","MARACAI",9560,"0",40.8278104289108,9.518,34.117000579834,21.2900009155273,0.560999989509583,13.0381982777655,-22.6105556488037,50.6672210693359
3528858,"SP","MARAPOAMA",1954,"0",32.7837666455295,11.516,33.6040000915527,20.3309993743896,0.416000008583069,8.53825136612022,-21.2591667175293,49.1288871765137
3528908,"SP","MARIAPOLIS",3656,"0",46.9380271360469,13.661,60.1949996948242,27.0690002441406,0.600000023841858,7.56598240469208,-21.7988891601562,51.1813888549805
3529005,"SP","MARILIA",110510,"1",16.6356198219523,16.97,18.1359996795654,13.2309999465942,0.551999986171722,16.5051611544133,-22.213888168335,49.9458351135254
3529104,"SP","MARINOPOLIS",2067,"0",35.8467243510507,8.503,48.4790000915527,30.9190006256104,0.508000016212463,7.3015873015873,-20.4405555725098,50.823055267334
3529203,"SP","MARTINOPOLIS",14351,"0",39.1201951383632,10.791,47.0229988098145,22.6200008392334,0.589999973773956,10.2387344895145,-22.1458339691162,51.1708335876465
3529302,"SP","MATAO",43335,"1",13.418115753958,13.713,15.8450002670288,15.8610000610352,0.46000000834465,31.3046710444802,-21.6033325195312,48.3658332824707
3529401,"SP","MAUA",196121,"1",12.1993660363975,22.259,14.8380002975464,12.8809995651245,0.428999990224838,41.8628717858864,-23.6677780151367,46.4613876342773
3529500,"SP","MENDONCA",2959,"0",46.4940239043825,9.06,37.9790000915527,24.6959991455078,0.558000028133392,7.49390031369815,-21.1666660308838,49.5808334350586
3529609,"SP","MERIDIANO",3439,"0",37.6754228139619,10.48,61.6539993286133,26.2999992370605,0.532999992370605,15.447409733124,-20.359167098999,50.1733322143555
3529658,"SP","MESOPOLIS",1763,"0",28.8109756097561,6.949,65.5510025024414,32.8610000610352,0.479000002145767,5.14429109159347,-19.9663887023926,50.638053894043
3529708,"SP","MIGUELOPOLIS",13091,"0",23.745101698078,8.241,33.6829986572266,21.5939998626709,0.559000015258789,8.61328618337964,-20.1794452667236,48.0319442749023
3529807,"SP","MINEIROS DO TIETE",6816,"0",35.2471048768553,13.774,16.6709995269775,18.3020000457764,0.42399999499321,19.14521766762,-22.40944480896,48.450553894043
3529906,"SP","MIRACATU",12119,"0",45.6871423944726,17.05,44.6959991455078,23.8540000915527,0.605000019073486,7.16702279202279,-24.2813892364502,47.4597206115723
3530003,"SP","MIRA ESTRELA",2580,"0",24.3424198947872,8.372,51.273998260498,27.1480007171631,0.528999984264374,12.532637075718,-19.9794445037842,50.1372222900391
3530102,"SP","MIRANDOPOLIS",16935,"0",29.056338028169,11.298,35.5929985046387,21.5349998474121,0.554000020027161,14.1933099242284,-21.1336116790771,51.1016654968262
3530201,"SP","MIRANTE DO PARANAPANEMA",11817,"0",36.231884057971,10.309,56.0029983520508,25.6100006103516,0.505999982357025,8.45635137597959,-22.2919445037842,51.9063873291016
3530300,"SP","MIRASSOL",27611,"0",40.9287511796162,14.076,14.9910001754761,16.3780002593994,0.46399998664856,12.9915889974994,-20.8191661834717,49.521110534668
3530409,"SP","MIRASSOLANDIA",2995,"0",28.8372093023256,7.557,36.1940002441406,25.8110008239746,0.43299999833107,9.46575833632126,-20.6166667938232,49.4638900756836
3530508,"SP","MOCOCA",37488,"0",35.6450367489347,15.664,33.8629989624023,16.1909999847412,0.527999997138977,15.6647528987955,-21.4677772521973,47.0047225952148
3530607,"SP","MOJI DAS CRUZES",181213,"1",14.7875896144158,18.911,23.0690002441406,11.5719995498657,0.545000016689301,20.7136661382466,-23.522777557373,46.1883316040039
3530706,"SP","MOJI GUACU",69966,"1",15.2363559526684,19.239,14.0909996032715,13.9139995574951,0.474999994039536,19.7097741842157,-22.3722229003906,46.9422225952148
3530805,"SP","MOJI MIRIM",44161,"1",17.9267225209454,16.634,12.2749996185303,13.2650003433228,0.492000013589859,17.4748442740776,-22.4319438934326,46.9577789306641
3530904,"SP","MOMBUCA",2491,"0",57.607555089192,16.928,26.1830005645752,22.4409999847412,0.5,6.47135986007871,-22.9291667938232,47.5661125183105
3531001,"SP","MONCOES",2067,"0",43.2601880877743,8.559,39.298999786377,26.1760005950928,0.474999994039536,7.17580727831881,-20.8502769470215,50.091667175293
3531100,"SP","MONGAGUA",19423,"0",31.2273057371097,9.287,33.3969993591309,13.9359998703003,0.499000012874603,11.6397818266218,-24.0930557250977,46.6208343505859
3531209,"SP","MONTE ALEGRE DO SUL",4706,"0",46.0769980506823,14.406,21.0970001220703,18.6180000305176,0.426999986171722,10.6948228882834,-22.6819438934326,46.6808319091797
3531308,"SP","MONTE ALTO",27070,"0",44.2692369737054,16.546,10.4799995422363,14.2829999923706,0.467999994754791,9.14550914550914,-21.2611103057861,48.4963874816895
3531407,"SP","MONTE APRAZIVEL",12694,"0",38.814907498436,10.117,32.1279983520508,17.8159999847412,0.528999984264374,13.437628653767,-20.7724990844727,49.714168548584
3531506,"SP","MONTE AZUL PAULISTA",12627,"0",38.9446335782118,11.682,30.8400001525879,19.4729995727539,0.535000026226044,13.6359706009511,-20.9072227478027,48.6413879394531
3531605,"SP","MONTE CASTELO",3935,"0",41.2964311726147,9.106,55.9140014648438,27.1219997406006,0.492000013589859,10.8297413793103,-21.2994441986084,51.5686111450195
3531704,"SP","MONTEIRO LOBATO",3729,"0",40.8707391157611,17.951,59.9790000915527,34.3979988098145,0.597000002861023,8.51251840942563,-22.9566669464111,45.8397216796875
3531803,"SP","MONTE MOR",19035,"0",51.0241318422602,19.754,32.5559997558594,20.6149997711182,0.533999979496002,14.4649973234997,-22.9466667175293,47.3158340454102
3531902,"SP","MORRO AGUDO",14058,"0",41.9257614213198,10.102,22.5830001831055,23.3840007781982,0.523999989032745,18.1585473162147,-20.731388092041,48.0577774047852
3532009,"SP","MORUNGABA",7827,"0",47.6010292114424,16.572,21.6639995574951,17.2280006408691,0.49099999666214,9.86347171914182,-22.8799991607666,46.7916679382324
3532058,"SP","MOTUCA",2579,"0",41.0117434507678,10.727,17.3059997558594,25.7369995117188,0.41100001335144,22.7568270481144,-21.5080547332764,48.1511116027832
3532108,"SP","MURUTINGA DO SUL",3091,"0",48.7795428128632,11.36,43.3160018920898,22.8139991760254,0.523999989032745,10.5960264900662,-20.9933338165283,51.2775001525879
3532157,"SP","NANTES",1435,"0",38.9090909090909,11.237,51.9930000305176,39.7690010070801,0.439000010490417,11.2751584372171,-22.6205558776855,51.236946105957
3532207,"SP","NARANDIBA",3171,"0",40.3775133360689,9.835,55.4700012207031,26.9419994354248,0.488999992609024,9.94803266518189,-22.4072227478027,51.5244445800781
3532306,"SP","NATIVIDADE DA SERRA",6424,"0",38.1592554291624,12.405,62.6879997253418,42.4280014038086,0.493999987840652,8.82753919563736,-23.3755550384521,45.4419441223145
3532405,"SP","NAZARE PAULISTA",8342,"0",43.1318681318681,22.358,46.2750015258789,34.6609992980957,0.570999979972839,6.25492772667543,-23.1811103820801,46.3950004577637
3532504,"SP","NEVES PAULISTA",6508,"0",46.6550218340611,16.675,28.7140007019043,22.2450008392334,0.497999995946884,10.9058785737231,-20.8461112976074,49.6297225952148
3532603,"SP","NHANDEARA",8112,"0",39.2080976481096,8.897,34.3610000610352,20.5809993743896,0.5799999833107,8.44925296239052,-20.6941661834717,50.0383338928223
3532702,"SP","NIPOA",2959,"0",50.9067903838043,11.588,33.6870002746582,23.9090003967285,0.495000004768372,11.1898016997167,-20.9133338928223,49.7777786254883
3532801,"SP","NOVA ALIANCA",3629,"0",44.1537467700258,13.071,29.3920001983643,19.4740009307861,0.493000000715256,12.4784358826912,-21.015832901001,49.4961128234863
3532827,"SP","NOVA CAMPINA",3699,"0",33.9962709757613,14.6,77.8830032348633,31.1609992980957,0.470999985933304,9.17950330084879,-24.1208324432373,48.9036102294922
3532843,"SP","NOVA CANAA PAULISTA",2144,"0",35.1179094964946,11.366,71.3079986572266,32.6259994506836,0.474000006914139,8.46313603322949,-20.3858337402344,50.9491653442383
3532868,"SP","NOVA CASTILHO",1019,"0",28.9381563593932,3.39,52.7970008850098,26.8780002593994,0.523000001907349,11.2751584372171,-20.7630558013916,50.3430557250977
3532900,"SP","NOVA EUROPA",5053,"0",43.8398115429918,13.573,13.8159999847412,18.55299949646,0.49099999666214,16.0846560846561,-21.7783336639404,48.5608329772949
3533007,"SP","NOVA GRANADA",11020,"0",35.4855425432687,10.208,24.238000869751,20.4200000762939,0.50900000333786,9.06918960244648,-20.5338897705078,49.3141670227051
3533106,"SP","NOVA GUATAPORANGA",2462,"0",39.3127548048923,9.714,52.6580009460449,29.2119998931885,0.467000007629395,9.245122985581,-21.3344440460205,51.6438903808594
3533205,"SP","NOVA INDEPENDENCIA",2075,"0",46.8586387434555,11.863,50.1769981384277,27.9710006713867,0.465000003576279,24.5222929936306,-21.103889465332,51.4900016784668
3533254,"SP","NOVAIS",2347,"0",48.4819277108434,12.935,27.7859992980957,27.2199993133545,0.426999986171722,9.51730418943534,-20.9922218322754,48.9186096191406
3533304,"SP","NOVA LUZITANIA",2612,"0",38.5826771653543,7.939,39.1500015258789,23.871000289917,0.477999985218048,16.0327198364008,-20.8561115264893,50.2616653442383
3533403,"SP","NOVA ODESSA",24099,"0",31.1715032791804,12.005,9.82299995422363,10.8979997634888,0.41100001335144,26.3946970371029,-22.7775001525879,47.2958335876465
3533502,"SP","NOVO HORIZONTE",20431,"0",43.2707834511944,16.748,22.8449993133545,19.9580001831055,0.486999988555908,19.0124596215967,-21.4680557250977,49.220832824707
3533601,"SP","NUPORANGA",4193,"0",37.3484236054972,10.39,26.431999206543,18.4330005645752,0.526000022888184,9.40800786047654,-20.7308330535889,47.7305564880371
3533700,"SP","OCAUCU",3777,"0",44.3617021276596,13.849,56.8190002441406,26.4200000762939,0.492000013589859,9.06608410704533,-22.4388885498047,49.922779083252
3533809,"SP","OLEO",2896,"0",33.59375,9.548,49.3680000305176,17.5550003051758,0.481000006198883,12.2898767276802,-22.9413890838623,49.3419456481934
3533908,"SP","OLIMPIA",29832,"0",40.5768937661942,14.751,21.2740001678467,16.6219997406006,0.5,11.2159735183294,-20.7372226715088,48.914722442627
3534005,"SP","ONDA VERDE",2524,"0",28.236493374108,6.818,26.8729991912842,19.7240009307861,0.456000000238419,8.69565217391304,-20.6000003814697,49.2952766418457
3534104,"SP","ORIENTE",5332,"0",39.5320497197173,14.564,32.6619987487793,22.7029991149902,0.465999990701675,21.2085308056872,-22.1527786254883,50.0908317565918
3534203,"SP","ORINDIUVA",2981,"0",47.3123056419369,12.677,25.9820003509521,15.8520002365112,0.518999993801117,7.09992486851991,-20.182222366333,49.3513870239258
3534302,"SP","ORLANDIA",21206,"0",35.3379239989799,27.988,13.4069995880127,13.3459997177124,0.500999987125397,13.4418854823725,-20.7202777862549,47.8866653442383
3534401,"SP","OSASCO",403789,"1",10.4522214115391,13.731,14.1829996109009,10.673999786377,0.472000002861023,29.7912283625305,-23.5324993133545,46.7916679382324
3534500,"SP","OSCAR BRESSANE",2532,"0",30.1069518716578,9.531,38.9169998168945,23.4629993438721,0.510999977588654,10.1681016810168,-22.3183326721191,50.2813873291016
3534609,"SP","OSVALDO CRUZ",20501,"0",36.0078627591136,10.953,38.8380012512207,17.3810005187988,0.560999989509583,7.40623849350376,-21.796667098999,50.8786125183105
3534708,"SP","OURINHOS",50507,"1",11.7156509195817,15.035,23.6350002288818,13.2679996490479,0.515999972820282,13.6899116983836,-22.978889465332,49.8705558776855
3534757,"SP","OUROESTE",4688,"0",32.6955543050084,8.437,47.6689987182617,26.632999420166,0.584999978542328,11.2751584372171,-20.0005550384521,50.3722229003906
3534807,"SP","OURO VERDE",5347,"0",46.7274035003596,18.452,59.8730010986328,33.367000579834,0.518999993801117,7.90679147580163,-21.489444732666,51.7002792358398
3534906,"SP","PACAEMBU",9144,"0",43.0482069370958,13.453,38.9830017089844,27.5310001373291,0.524999976158142,9.2994765564094,-21.5622215270996,51.260555267334
3535002,"SP","PALESTINA",7629,"0",23.8307717732606,10.004,37.1189994812012,22.878999710083,0.566999971866608,6.59065628476085,-20.3899993896484,49.4330558776855
3535101,"SP","PALMARES PAULISTA",5451,"0",46.2776228277194,15.575,9.86499977111816,26.6180000305176,0.40599998831749,11.6831683168317,-21.0830554962158,48.8008346557617
3535200,"SP","PALMEIRA D OESTE",7994,"0",40.015503875969,10.673,45.8400001525879,25.8819999694824,0.592999994754791,7.48139443791618,-20.416389465332,50.7619438171387
3535309,"SP","PALMITAL",13755,"0",33.2911499198515,9.408,36.4710006713867,19.2399997711182,0.52700001001358,13.675536740248,-22.7888889312744,50.2174987792969
3535408,"SP","PANORAMA",7632,"0",42.0577918824119,16.534,38.1240005493164,20.9680004119873,0.515999972820282,9.62462657487985,-21.356388092041,51.8597221374512
3535507,"SP","PARAGUACU PAULISTA",22341,"0",45.9103037766831,14.971,30.0869998931885,18.3659992218018,0.508000016212463,13.732129420617,-22.4127769470215,50.5758323669434
3535606,"SP","PARAIBUNA",11710,"0",34.4220594220594,13.638,55.2980003356934,27.4619998931885,0.578999996185303,9.96084858417554,-23.3861103057861,45.662223815918
3535705,"SP","PARAISO",3486,"0",53.007874015748,21.888,19.9890003204346,21.9799995422363,0.486999988555908,10.1427269966596,-21.0163879394531,48.7736129760742
3535804,"SP","PARANAPANEMA",9127,"0",44.1311559071192,13.261,40.0620002746582,22.4069995880127,0.513999998569489,11.4057088259883,-23.3886108398438,48.7227783203125
3535903,"SP","PARANAPUA",3219,"0",43.0190206394172,8.103,51.6370010375977,25.67799949646,0.510999977588654,9.90611848494658,-20.1033325195312,50.5858345031738
3536000,"SP","PARAPUA",7628,"0",42.597609561753,14.477,51.8160018920898,24.2830009460449,0.535000026226044,7.33105802047782,-21.7680549621582,50.7716674804688
3536109,"SP","PARDINHO",3514,"0",39.6011396011396,16.849,32.5579986572266,23.8470001220703,0.45100000500679,9.57746478873239,-23.081111907959,48.3736114501953
3536208,"SP","PARIQUERA-ACU",10150,"0",42.4353819643883,17.115,50.814998626709,18.8190002441406,0.550999999046326,12.9848050154075,-24.7150001525879,47.8811111450195
3536257,"SP","PARISI",1520,"0",36.6616989567809,7.575,58.1020011901855,26.7269992828369,0.479999989271164,10.6235565819861,-20.3036117553711,50.014720916748
3536307,"SP","PATROCINIO PAULISTA",7181,"0",35.3910098522167,11.329,31.5209999084473,18.5849990844727,0.483999997377396,10.6019358741682,-20.6394443511963,47.281665802002
3536406,"SP","PAULICEIA",4001,"0",41.9354838709677,10.607,40.4630012512207,27.0739994049072,0.456999987363815,9.88717339667458,-21.317777633667,51.8305549621582
3536505,"SP","PAULINIA",31177,"0",38.8065857766473,9.961,12.6269998550415,13.0520000457764,0.492000013589859,26.8142326688057,-22.7611103057861,47.154167175293
3536570,"SP","PAULISTANIA",1211,"0",39.4230769230769,16.305,48.8320007324219,28.7150001525879,0.430999994277954,11.2751584372171,-22.578332901001,49.4027786254883
3536604,"SP","PAULO DE FARIA",6415,"0",34.9479583666934,11.998,36.5859985351562,18.3379993438721,0.528999984264374,6.51420651420651,-20.030834197998,49.3833351135254
3536703,"SP","PEDERNEIRAS",20895,"0",40.1683673469388,13.44,23.80299949646,18.0410003662109,0.508000016212463,14.4231261192121,-22.3516674041748,48.7750015258789
3536802,"SP","PEDRA BELA",3584,"0",35.3820033955857,17.192,56.5989990234375,27.4969997406006,0.446000009775162,8.1726618705036,-22.7930564880371,46.4430541992188
3536901,"SP","PEDRANOPOLIS",2750,"0",33.3964049195837,8.294,47.3639984130859,22.117000579834,0.526000022888184,10.2763721292332,-20.2474994659424,50.110279083252
3537008,"SP","PEDREGULHO",11057,"0",38.9221556886228,13.701,37.5429992675781,17.94700050354,0.492000013589859,7.42143127603181,-20.2569446563721,47.4766654968262
3537107,"SP","PEDREIRA",20359,"0",41.7668636641533,13.61,12.2829999923706,14.0989999771118,0.5,16.134884217266,-22.7419452667236,46.9013900756836
3537156,"SP","PEDRINHAS PAULISTA",1959,"0",33.0965068087626,6.682,21.3309993743896,13.3950004577637,0.648000001907349,9.90695128626163,-22.8150005340576,50.793888092041
3537206,"SP","PEDRO DE TOLEDO",5476,"0",49.8893533316941,22.715,48.3320007324219,28.363000869751,0.499000012874603,7.69230769230769,-24.2747230529785,47.2327766418457
3537305,"SP","PENAPOLIS",32664,"0",37.4919526988107,13.501,26.7740001678467,15.2080001831055,0.533999979496002,20.0212136796092,-21.4197216033936,50.0774993896484
3537404,"SP","PEREIRA BARRETO",18152,"0",35.7791654839625,12.359,27.5709991455078,23.1189994812012,0.531000018119812,11.2110687240221,-20.638334274292,51.1091651916504
3537503,"SP","PEREIRAS",4508,"0",42.7736450584485,14.135,33.1529998779297,17.1959991455078,0.490000009536743,15.8249158249158,-23.0761108398438,47.9758338928223
3537602,"SP","PERUIBE",26711,"0",35.1341050926588,14.072,29.5,15.9549999237061,0.570999979972839,10.0148967865503,-24.3199996948242,46.9983329772949
3537701,"SP","PIACATU",3488,"0",53.0890052356021,16.254,48.1119995117188,30.298999786377,0.467000007629395,9.69109630526953,-21.5922222137451,50.5991668701172
3537800,"SP","PIEDADE",26003,"0",42.2665656310516,20.516,37.2319984436035,22.9220008850098,0.476999998092651,8.63841371744342,-23.7119445800781,47.4277763366699
3537909,"SP","PILAR DO SUL",11242,"0",40.953625081646,16.572,37.1679992675781,26.0020008087158,0.561999976634979,9.47525956411935,-23.8130550384521,47.7163887023926
3538006,"SP","PINDAMONHANGABA",64915,"1",16.3276240226363,15.667,32.2849998474121,10.798999786377,0.564999997615814,22.6156152692884,-22.9238891601562,45.4616661071777
3538105,"SP","PINDORAMA",9124,"0",44.7938081992986,11.789,20.1669998168945,22.7670001983643,0.451999992132187,11.0117647058824,-21.1858329772949,48.9072227478027
3538204,"SP","PINHALZINHO",6751,"0",35.0519092028858,13.911,34.8040008544922,22.2089996337891,0.521000027656555,9.24634794156706,-22.7794437408447,46.5905570983887
3538303,"SP","PIQUEROBI",2724,"0",29.8387096774194,7.238,55.1380004882812,27.6760005950928,0.528999984264374,19.9841709537,-21.8675003051758,51.7286109924316
3538501,"SP","PIQUETE",11512,"0",38.7652331554034,14.512,33.9199981689453,10.5989999771118,0.533999979496002,17.4811529933481,-22.6136112213135,45.1761093139648
3538600,"SP","PIRACAIA",14244,"0",45.8296681327469,18.759,21.4820003509521,24.0330009460449,0.523999989032745,8.66404119963647,-23.0538883209229,46.3580551147461
3538709,"SP","PIRACICABA",180366,"1",11.6676869676852,18.609,13.6199998855591,8.56099987030029,0.5,20.8232487883966,-22.7252769470215,47.6491661071777
3538808,"SP","PIRAJU",18264,"0",24.351323300467,12.59,32.7599983215332,18.7250003814697,0.547999978065491,12.7530835466605,-23.1936111450195,49.3838882446289
3538907,"SP","PIRAJUI",12935,"0",40.8726459071415,12.479,46.4949989318848,19.8080005645752,0.52700001001358,11.8069566620935,-21.9986114501953,49.4572219848633
3539004,"SP","PIRANGI",6370,"0",44.747150997151,14.679,17.3050003051758,18.431999206543,0.555999994277954,7.71404821280133,-21.0913887023926,48.6577758789062
3539103,"SP","PIRAPORA DO BOM JESUS",6319,"0",25.6339228638398,14.56,37.8969993591309,22.8530006408691,0.47299998998642,12.0614417873975,-23.3969440460205,47.0022239685059
3539202,"SP","PIRAPOZINHO",15142,"0",32.1414751180249,11.923,34.1959991455078,21.7789993286133,0.532000005245209,16.121220507853,-22.2752780914307,51.5
3539301,"SP","PIRACUNUNGA",39536,"0",28.6608404718641,15.038,16.1580009460449,10.8109998703003,0.540000021457672,14.8771296640306,-21.9961109161377,47.4258346557617
3539400,"SP","PIRATININGA",7389,"0",37.5,17.646,34.6139984130859,18.0289993286133,0.624000012874603,14.3728717366629,-22.4127769470215,49.1347236633301
3539509,"SP","PITANGUEIRAS",18912,"0",45.0250353062011,14.652,17.1949996948242,22.05299949646,0.43299999833107,17.5863902179692,-21.0094451904297,48.2216682434082
3539608,"SP","PLANALTO",2956,"0",33.1576635924462,11.245,30.4409999847412,21.4990005493164,0.44200000166893,12.8142458100559,-21.03444480896,49.9291648864746
3539707,"SP","PLATINA",2294,"0",43.7570942111237,15.523,53.798999786377,25.0900001525879,0.479000002145767,10.2539981185325,-22.6377773284912,50.2038879394531
3539806,"SP","POA",54153,"1",12.8535834676828,22.608,19.2159996032715,11.2270002365112,0.446999996900558,21.8505955667745,-23.52805519104,46.3447227478027
3539905,"SP","POLONI",4234,"0",39.84375,8.548,30.9860000610352,19.7590007781982,0.544000029563904,13.9617834394904,-20.7852783203125,49.8236122131348
3540002,"SP","POMPEIA",12425,"0",44.2047531992687,10.714,34.3819999694824,17.9489994049072,0.483999997377396,16.8150684931507,-22.1086120605469,50.1716651916504
3540101,"SP","PONGAI",3243,"0",40.9272581934452,9.756,43.2729988098145,20.4449996948242,0.495000004768372,8.47399242163279,-21.7363891601562,49.3666648864746
3540200,"SP","PONTAL",18715,"0",45.019556714472,14.786,17.7360000610352,20.5779991149902,0.453999996185303,20.391557051086,-21.0224990844727,48.037223815918
3540259,"SP","PONTALINDA",2322,"0",28.6150712830957,7.785,55.9070014953613,34.0830001831055,0.5,13.4086444007859,-20.4408340454102,50.5233345031738
3540309,"SP","PONTES GESTAL",2693,"0",36.039495337356,10.925,55.5040016174316,23.67799949646,0.477999985218048,8.01479654747226,-20.1666660308838,49.7033348083496
3540408,"SP","POPULINA",4099,"0",36.1139028475712,7.17,42.6370010375977,30.2369995117188,0.515999972820282,9.77683315621679,-19.9327774047852,50.5374984741211
3540507,"SP","PORANGABA",4697,"0",42.2691292875989,14.204,51.3479995727539,18.3719997406006,0.521000027656555,11.506908462867,-23.1758327484131,48.125
3540606,"SP","PORTO FELIZ",23728,"0",47.9141729839961,21.626,20.9820003509521,13.3739995956421,0.508000016212463,13.5202492211838,-23.2147216796875,47.5238876342773
3540705,"SP","PORTO FERREIRA",27578,"0",31.861552130413,11.833,16.5580005645752,11.1940002441406,0.469999998807907,14.2150612418376,-21.853889465332,47.4791679382324
3540754,"SP","POTIM",5906,"0",28.9301503094607,14.922,20.8910007476807,15.8079996109009,0.524999976158142,13.8544891640867,-22.8427772521973,45.2513885498047
3540804,"SP","POTIRENDABA",8799,"0",35.2154903185509,10.735,29.9899997711182,17.2169990539551,0.48199999332428,13.0765456329735,-21.0427780151367,49.3772239685059
3540853,"SP","PRACINHA",1166,"0",42.3634336677815,10.811,62.4459991455078,39.4020004272461,0.40200001001358,11.2751584372171,-21.851110458374,51.0866661071777
3540903,"SP","PRADOPOLIS",7516,"0",40.9647125782584,9.013,11.0450000762939,18.3819999694824,0.421999990940094,18.10888252149,-21.3594436645508,48.0655555725098
3541000,"SP","PRAIA GRANDE",89564,"1",8.9363061393982,16.071,20.9899997711182,12.5329999923706,0.495000004768372,12.4822848358195,-24.0058326721191,46.4027786254883
3541059,"SP","PRATANIA",2392,"0",27.9630579784505,13.749,37.2750015258789,23.5769996643066,0.507000029087067,11.2751584372171,-22.8083324432373,48.6661109924316
3541109,"SP","PRESIDENTE ALVES",3572,"0",17.3512476007678,12.083,49.9729995727539,22.5130004882812,0.503000020980835,14.1873690511823,-22.1000003814697,49.4380569458008
3541208,"SP","PRESIDENTE BERNARDES",9452,"0",35.3424993862018,9.843,38.8779983520508,19.8719997406006,0.574999988079071,25.3233115950039,-22.0061111450195,51.5530548095703
3541307,"SP","PRESIDENTE EPITACIO",22358,"0",41.1715897776303,17.389,40.6629981994629,20.2169990539551,0.593999981880188,11.7089346597543,-21.763334274292,52.1155548095703
3541406,"SP","PRESIDENTE PRUDENTE",118657,"1",10.710877632657,13,18.1620006561279,13.3179998397827,0.560999989509583,15.8482518163235,-22.1255550384521,51.3888893127441
3541505,"SP","PRESIDENTE VENCESLAU",25115,"0",26.4910390755068,13.815,32.7849998474121,18.1700000762939,0.551999986171722,10.2102852383927,-21.8761119842529,51.8438873291016
3541604,"SP","PROMISSAO",20349,"0",42.5598453403082,10.638,24.3619995117188,16.80299949646,0.503000020980835,20.481291888754,-21.5366668701172,49.8580551147461
3541653,"SP","QUADRA",1635,"0",30.6719893546241,11.773,44.0940017700195,19.8349990844727,0.456000000238419,11.2751584372171,-23.2994441986084,48.0547218322754
3541703,"SP","QUATA",8358,"0",37.7748266194481,12.233,33.7169990539551,22.1830005645752,0.492000013589859,9.54767411976356,-22.2474994659424,50.6983337402344
3541802,"SP","QUEIROZ",2145,"0",41.8125,6.494,57.2859992980957,34.5870018005371,0.556999981403351,10.4342921601805,-21.7988891601562,50.2402763366699
3541901,"SP","QUELUZ",6463,"0",41.9379695627047,13.689,56.007999420166,15.6099996566772,0.556999981403351,16.2184322728764,-22.5369453430176,44.7738876342773
3542008,"SP","QUINTANA",3902,"0",45.6634998467668,10.475,46.2820014953613,25.8530006408691,0.561999976634979,8.39902147322642,-22.0725002288818,50.3074989318848
3542107,"SP","RAFARD",7180,"0",48.2093213409648,17.88,11.6719999313354,13.7620000839233,0.462000012397766,12.5385859179774,-23.0116672515869,47.5269432067871
3542206,"SP","RANCHARIA",19007,"0",34.5019025637827,12.815,39.3839988708496,16.867000579834,0.514999985694885,13.7491727332892,-22.2291660308838,50.8930549621582
3542305,"SP","REDENCAO DA SERRA",3168,"0",38.4276267450404,16.812,63.7319984436035,26.8320007324219,0.544000029563904,9.9395313681028,-23.2669448852539,45.5366668701172
3542404,"SP","REGENTE FEIJO",10312,"0",32.4429544717206,13.966,26.8819999694824,22.9820003509521,0.477999985218048,12.2610676438546,-22.2213897705078,51.3027763366699
3542503,"SP","REGINOPOLIS",4234,"0",42.5869432580842,14.539,35.2089996337891,24.4400005340576,0.479000002145767,7.66217870257038,-21.8880558013916,49.2252769470215
3542602,"SP","REGISTRO",32321,"0",40.7741111987086,19.904,45.3600006103516,15.9469995498657,0.626999974250793,14.7119341563786,-24.4874992370605,47.8436126708984
3542701,"SP","RESTINGA",4989,"0",38.8945491594498,13.231,35.4049987792969,21.6560001373291,0.430000007152557,21.8130971801445,-20.6033325195312,47.4827766418457
3542800,"SP","RIBEIRA",3735,"0",43.359375,17.272,76.8030014038086,29.121000289917,0.559000015258789,10,-24.6569442749023,49.0088882446289
3542909,"SP","RIBEIRAO BONITO",7964,"0",41.0748846211106,14.254,24.2000007629395,21.8729991912842,0.499000012874603,11.7229129662522,-22.0666675567627,48.1761093139648
3543006,"SP","RIBEIRAO BRANCO",11111,"0",41.0860540783126,18.291,79.8980026245117,30.6690006256104,0.52999997138977,10.8248413766583,-24.220832824707,48.7655563354492
3543105,"SP","RIBEIRAO CORRENTE",3466,"0",38.9733840304183,13.512,33.7999992370605,22.4419994354248,0.416999995708466,9.24780201888636,-20.4569435119629,47.5902786254883
3543204,"SP","RIBEIRAO DO SUL",3553,"0",32.8820805130032,10.445,49.5250015258789,22.9540004730225,0.469999998807907,19.0820496699151,-22.7841663360596,49.9336128234863
3543238,"SP","RIBEIRAO DOS INDIOS",1592,"0",41.2857142857143,13.028,46.9490013122559,31.0750007629395,0.535000026226044,11.2751584372171,-21.9758338928223,51.6513900756836
3543253,"SP","RIBEIRAO GRANDE",4174,"0",48.6741016109046,12.313,71.3499984741211,33.5839996337891,0.442999988794327,19.7867670116024,-24.0991668701172,48.3652763366699
3543303,"SP","RIBEIRAO PIRES",62203,"1",14.9009819818179,19.65,14.4490003585815,11.1169996261597,0.472000002861023,32.5144558706416,-23.7105560302734,46.4133338928223
3543402,"SP","RIBEIRAO PRETO",285158,"1",12.3490455784963,11.561,9.08500003814697,7.70100021362305,0.52999997138977,13.6738518866285,-21.1774997711182,47.8102760314941
3543501,"SP","RIVERSUL",6850,"0",43.0781926965133,18.837,75.1480026245117,28.0990009307861,0.566999971866608,11.0474124573908,-23.828332901001,49.4291648864746
3543600,"SP","RIFAINA",3275,"0",28.1943862589024,7.515,42.0060005187988,17.2000007629395,0.444999992847443,9.22190201729107,-20.0805549621582,47.4213905334473
3543709,"SP","RINCAO",6621,"0",38.5716780164135,20.578,20.2199993133545,18.4689998626709,0.433999985456467,22.0409419732184,-21.5869445800781,48.0708351135254
3543808,"SP","RINOPOLIS",8779,"0",46.7089979866811,15.566,63.0359992980957,24.2770004272461,0.541999995708466,6.54026161046442,-21.7258338928223,50.7222213745117
3543907,"SP","RIO CLARO",97328,"1",13.7201943722454,18.896,12.9130001068115,9.27799987792969,0.499000012874603,16.7603585614134,-22.4113883972168,47.5613899230957
3544004,"SP","RIO DAS PEDRAS",15641,"0",47.6522614510678,14.402,12.7569999694824,19.5499992370605,0.501999974250793,15.0413918899958,-22.843334197998,47.6061096191406
3544103,"SP","RIO GRANDE DA SERRA",24553,"0",34.0276489144554,19.945,23.8159999847412,15.576000213623,0.421999990940094,33.8815485540054,-23.7441673278809,46.3983345031738
3544202,"SP","RIOLANDIA",5948,"0",46.3495838287753,12.855,46.4710006713867,26.7590007781982,0.51800000667572,6.31103074141049,-19.9808330535889,49.6819458007812
3544251,"SP","ROSANA",14215,"0",40.1505415825225,8.294,30.0849990844727,17.8279991149902,0.550000011920929,24.2757777268211,-22.5797214508057,53.0591659545898
3544301,"SP","ROSEIRA",4722,"0",39.2208413001912,16.573,49.7379989624023,14.8229999542236,0.554000020027161,12.4505059392873,-22.8980560302734,45.3052787780762
3544400,"SP","RUBIACEA",2182,"0",47.3749227918468,10.821,41.6549987792969,27.068000793457,0.564999997615814,8.98760330578513,-21.3005561828613,50.7266654968262
3544509,"SP","RUBINEIA",2684,"0",35.4872329338197,8.139,49.8209991455078,26.0709991455078,0.514999985694885,19.1015783083772,-20.1794452667236,51.0022239685059
3544608,"SP","SABINO",4202,"0",39.1649514848574,8.603,44.0270004272461,23.3619995117188,0.483999997377396,16.1616161616162,-21.4597225189209,49.5783348083496
3544707,"SP","SAGRES",2281,"0",36.272040302267,9.687,60.8170013427734,31.6550006866455,0.508000016212463,5.47630004601933,-21.8836116790771,50.956111907959
3544806,"SP","SALES",3524,"0",40.2633402633403,7.637,48.6040000915527,26.4309997558594,0.476000010967255,16.7020309184601,-21.3411102294922,49.485279083252
3544905,"SP","SALES OLIVEIRA",5577,"0",36.2103572862304,8.421,22.3439998626709,15.5249996185303,0.564999997615814,18.8690969345485,-20.7719440460205,47.8380546569824
3545001,"SP","SALESOPOLIS",10099,"0",42.5774134790528,16.997,35.0120010375977,26.3589992523193,0.513000011444092,10.14213957465,-23.5322227478027,45.8463897705078
3545100,"SP","SALMORAO",3991,"0",41.0432395332876,11.316,54.4659996032715,30.7110004425049,0.474999994039536,7.0221066319896,-21.6241664886475,50.8605537414551
3545159,"SP","SALTINHO",4216,"0",35.0847862431335,11.856,10.3500003814697,12.5089998245239,0.499000012874603,10.493519441675,-22.8466663360596,47.676944732666
3545209,"SP","SALTO",52158,"1",16.8463164877078,17.711,19.4009990692139,12.1590003967285,0.460999995470047,23.728813559322,-23.200834274292,47.2869453430176
3545308,"SP","SALTO DE PIRAPORA",16410,"0",48.4503190519599,16.508,35.1389999389648,24.8279991149902,0.479999989271164,15.1952519053079,-23.648889541626,47.5733337402344
3545407,"SP","SALTO GRANDE",5167,"0",39.7852086892848,16.168,41.4529991149902,21.2520008087158,0.508000016212463,9.75949115483999,-22.8927783966064,49.9855537414551
3545506,"SP","SANDOVALINA",2446,"0",36.003861003861,9.074,47.6459999084473,34.1570014953613,0.48199999332428,26.628895184136,-22.456111907959,51.763053894043
3545605,"SP","SANTA ADELIA",8710,"0",42.0105412006685,10.235,17.261999130249,19.3250007629395,0.433999985456467,11.2865994411372,-21.2427768707275,48.8041648864746
3545704,"SP","SANTA ALBERTINA",4771,"0",35.536738596012,12.726,50.5260009765625,28.4759998321533,0.542999982833862,7.17764132966335,-20.0319442749023,50.7277793884277
3545803,"SP","SANTA BARBARA D OESTE",83966,"1",16.0113071696583,20.625,9.90900039672852,13.5600004196167,0.395999997854233,25.2438339375989,-22.7536106109619,47.4136123657227
3546009,"SP","SANTA BRANCA",8789,"0",42.895648825568,17.948,34.9469985961914,18.5230007171631,0.607999980449677,16.4035939776591,-23.3966674804688,45.8838882446289
3546108,"SP","SANTA CLARA D OESTE",2209,"0",38.0245319561007,6.587,49.8530006408691,29.5750007629395,0.458999991416931,8.41346153846154,-20.0938892364502,50.9263877868652
3546207,"SP","SANTA CRUZ DA CONCEICAO",2479,"0",43.8989513822688,10.975,21.6100006103516,13.5010004043579,0.560000002384186,11.3617376775272,-22.1402778625488,47.4519462585449
3546256,"SP","SANTA CRUZ DA ESPERANCA",1245,"0",38.7755102040816,8.843,23.621000289917,18.7810001373291,0.503000020980835,11.2751584372171,-21.2908325195312,47.4297218322754
3546306,"SP","SANTA CRUZ DAS PALMEIRAS",15521,"0",44.1953448522062,14.124,17.1219997406006,16.7019996643066,0.437000006437302,14.440383421833,-21.8269443511963,47.2486114501953
3546405,"SP","SANTA CRUZ DO RIO PARDO",25042,"0",43.3192938435344,16.495,30.9869995117188,14.4940004348755,0.52999997138977,11.6275188785515,-22.898889541626,49.6324996948242
3546504,"SP","SANTA ERNESTINA",4572,"0",36.3227438852966,12.375,17,21.2080001831055,0.416000008583069,21.3485823207053,-21.4627780914307,48.3908348083496
3546603,"SP","SANTA FE DO SUL",16785,"0",23.5227832945982,10.41,24.3980007171631,21.2360000610352,0.495000004768372,13.2924467398322,-20.2111110687256,50.9258346557617
3546702,"SP","SANTA GERTRUDES",8301,"0",41.1561919915142,12.183,13.6180000305176,17.1940002441406,0.430000007152557,17.8131882368182,-22.4566669464111,47.5302772521973
3546801,"SP","SANTA ISABEL",25415,"0",43.929842617608,24.662,31.9689998626709,24.8530006408691,0.465000003576279,14.4687448996246,-23.3155555725098,46.2213897705078
3546900,"SP","SANTA LUCIA",5434,"0",44.698502630514,17.443,21.298999786377,24.8279991149902,0.48199999332428,20.622028526149,-21.6849994659424,48.0841674804688
3547007,"SP","SANTA MARIA DA SERRA",3244,"0",36.6845740598619,15.151,23.5410003662109,18.7600002288818,0.430999994277954,9.19318547090968,-22.5672225952148,48.1605567932129
3547106,"SP","SANTA MERCEDES",2626,"0",38.3939038686987,10.722,56.5200004577637,28.7730007171631,0.523000001907349,7.27923627684964,-21.3508338928223,51.7552795410156
3547205,"SP","SANTANA DA PONTE PENSA",2033,"0",34.2726081258191,8.279,53.3400001525879,26.8290004730225,0.46399998664856,8.69565217391304,-20.2530555725098,50.7972221374512
3547304,"SP","SANTANA DE PARNAIBA",26284,"0",27.7642913077525,19.89,23.9650001525879,16.5779991149902,0.717999994754791,16.391365556077,-23.4441661834717,46.9177780151367
3547403,"SP","SANTA RITA D OESTE",2742,"0",34.6899224806202,7.661,51.9809989929199,26.1280002593994,0.523999989032745,11.0007639419404,-20.143611907959,50.8300018310547
3547502,"SP","SANTA RITA DO PASSA QUATRO",17497,"0",35.8796895213454,12.6,22.7970008850098,16.1909999847412,0.479999989271164,12.6809426964948,-21.710277557373,47.4780540466309
3547601,"SP","SANTA ROSA DE VITERBO",14629,"0",33.8826683488409,9.723,16.2810001373291,10.0509996414185,0.477999985218048,20.6035229569737,-21.4727783203125,47.3630561828613
3547650,"SP","SANTA SALETE",1165,"0",23.9478957915832,4.835,61.0940017700195,25.6469993591309,0.456999987363815,11.2751584372171,-20.244722366333,50.6883316040039
3547700,"SP","SANTO ANASTACIO",14790,"0",37.1729445119482,14.994,50.1969985961914,18.5380001068115,0.582000017166138,13.2051606374905,-21.8383331298828,51.610279083252
3547809,"SP","SANTO ANDRE",454416,"1",13.6019829680713,16.19,10.1789999008179,7.86100006103516,0.479999989271164,37.2843003789691,-23.6638889312744,46.5383338928223
3547908,"SP","SANTO ANTONIO DA ALEGRIA",4743,"0",32.6883910386965,11.787,52.0740013122559,15.2019996643066,0.549000024795532,8.10263335584065,-21.0869445800781,47.1511116027832
3548005,"SP","SANTO ANTONIO DA POSSE",9961,"0",54.616501060623,17.582,21.4230003356934,19.6100006103516,0.552999973297119,12.3281786941581,-22.6061115264893,46.9194450378418
3548054,"SP","SANTO ANTONIO DO ARACANGUA",4461,"0",32.9679364209372,8.36,48.6349983215332,25.5189990997314,0.449000000953674,18.5819715340011,-20.9366664886475,50.4955558776855
3548104,"SP","SANTO ANTONIO DO JARDIM",4583,"0",49.4678155093766,20.626,44.1949996948242,21.0319995880127,0.523999989032745,7.32168162494095,-22.192777633667,46.7466659545898
3548203,"SP","SANTO ANTONIO DO PINHAL",4471,"0",44.4444444444444,14.18,48.1040000915527,22.3269996643066,0.554000020027161,10.1706970128023,-22.8272228240967,45.6624984741211
3548302,"SP","SANTO EXPEDITO",2334,"0",29.2099792099792,9.709,57,27.3700008392334,0.549000024795532,10.8725445408862,-21.8505554199219,51.3922233581543
3548401,"SP","SANTOPOLIS DO AGUAPEI",3226,"0",36.8916155419223,10.803,41.1699981689453,26.431999206543,0.504999995231628,6.07492406344921,-21.6375007629395,50.5002784729004
3548500,"SP","SANTOS",322236,"1",10.2316131070331,13.389,8.5620002746582,5.74900007247925,0.518999993801117,19.652529446792,-23.9608325958252,46.333610534668
3548609,"SP","SAO BENTO DO SAPUCAI",6736,"0",38.7617765814267,13.998,47.3219985961914,23.1380004882812,0.566999971866608,11.9188767550702,-22.6888885498047,45.7308349609375
3548708,"SP","SAO BERNARDO DO CAMPO",398591,"1",12.9512739588946,14.037,11.4589996337891,8.20100021362305,0.507000029087067,35.4400829789661,-23.6938896179199,46.564998626709
3548807,"SP","SAO CAETANO DO SUL",125278,"1",12.853191950346,15.247,7.21600008010864,6.49100017547607,0.479000002145767,27.9829140958709,-23.6230564117432,46.5511093139648
3548906,"SP","SAO CARLOS",110386,"1",15.2481291847184,14.874,8.99699974060059,12.1309995651245,0.501999974250793,21.6597981820983,-22.0174999237061,47.8908348083496
3549003,"SP","SAO FRANCISCO",2515,"0",36.336032388664,8.177,55.7900009155273,36.0099983215332,0.497000008821487,15.2211621856028,-20.359167098999,50.6966667175293
3549102,"SP","SAO JOAO DA BOA VISTA",45715,"1",12.3010783335709,17.936,16.2290000915527,12.918999671936,0.512000024318695,13.8394294916034,-21.969165802002,46.7980537414551
3549201,"SP","SAO JOAO DAS DUAS PONTES",2510,"0",32.7586206896552,9.015,54.3170013427734,28.4169998168945,0.503000020980835,7.39773716275022,-20.3894443511963,50.3780555725098
3549250,"SP","SAO JOAO DE IRACEMA",1400,"0",20.5194805194805,7.097,51.2309989929199,29.9729995727539,0.472000002861023,8.41049382716049,-20.513334274292,50.352222442627
3549300,"SP","SAO JOAO DO PAU D ALHO",2482,"0",38.4892086330935,9.164,55.5449981689453,24.4899997711182,0.488000005483627,14.0695296523517,-21.2680549621582,51.6658325195312
3549409,"SP","SAO JOAQUIM DA BARRA",24574,"0",39.3990130419457,12.2,17.3819999694824,13.8420000076294,0.509999990463257,20.9774307045396,-20.5813884735107,47.8547210693359
3549508,"SP","SAO JOSE DA BELA VISTA",5424,"0",46.9462169553327,13.644,30.6940002441406,23.628999710083,0.503000020980835,10.6471359860079,-20.5930557250977,47.6399993896484
3549607,"SP","SAO JOSE DO BARREIRO",3306,"0",35.7618488053271,12.514,57.7210006713867,32.5750007629395,0.560999989509583,12.4106562703054,-22.6450004577637,44.5777778625488
3549706,"SP","SAO JOSE DO RIO PARDO",29403,"0",27.415210688592,18.468,26.0300006866455,13.3769998550415,0.540000021457672,11.1416437671746,-21.5955562591553,46.8886108398438
3549805,"SP","SAO JOSE DO RIO PRETO",196349,"1",13.8546811668033,10.717,7.01100015640259,9.9060001373291,0.501999974250793,14.7439435427261,-20.8197231292725,49.3794441223145
3549904,"SP","SAO JOSE DOS CAMPOS",282388,"1",11.2615538737272,12.113,15.5959997177124,8.69999980926514,0.533999979496002,18.4073496482636,-23.1794452667236,45.8869438171387
3549953,"SP","SAO LOURENCO DA SERRA",5803,"0",42.2674418604651,19.29,30.371000289917,22.5919990539551,0.493999987840652,9.01987050680956,-23.8525009155273,46.9425010681152
3550001,"SP","SAO LUIS DO PARAITINGA",10198,"0",42.5690173079674,14.289,54.5550003051758,29.7980003356934,0.514999985694885,10.977366255144,-23.2216663360596,45.310001373291
3550100,"SP","SAO MANUEL",22761,"0",26.9733632549517,16.656,18.8190002441406,20.8719997406006,0.503000020980835,12.6883832130812,-22.7311115264893,48.570556640625
3550209,"SP","SAO MIGUEL ARCANJO",17065,"0",42.4740889334671,16.981,47.6949996948242,19.9220008850098,0.583999991416931,12.6828671114648,-23.8783340454102,47.9972229003906
3550407,"SP","SAO PEDRO",15409,"0",41.8625409104433,16.985,25.6760005950928,15.8540000915527,0.500999987125397,10.7888146911519,-22.5486106872559,47.9138870239258
3550506,"SP","SAO PEDRO DO TURVO",5183,"0",38.80195599022,11.937,54.9990005493164,22.5699996948242,0.462999999523163,10.3012048192771,-22.7469444274902,49.7397232055664
3550605,"SP","SAO ROQUE",38668,"0",41.6007036059806,18.149,27.2789993286133,14.5880002975464,0.544000029563904,15.0270481289387,-23.529167175293,47.1352767944336
3550704,"SP","SAO SEBASTIAO",26901,"0",41.1431332923293,13.665,19.7390003204346,17.5970001220703,0.509999990463257,15.7418259709817,-23.7600002288818,45.4097213745117
3550803,"SP","SAO SEBASTIAO DA GRAMA",7700,"0",41.1728957763598,17.27,43.8610000610352,20.6959991455078,0.569000005722046,6.44554854303746,-21.7105560302734,46.8208351135254
3550902,"SP","SAO SIMAO",9079,"0",31.6037735849057,8.888,21.0499992370605,12.2049999237061,0.545000016689301,16.2312330062655,-21.4791660308838,47.5508346557617
3551009,"SP","SAO VICENTE",168050,"1",12.1561680054221,22.897,16.9869995117188,10.9169998168945,0.493000000715256,18.5081193554654,-23.9630546569824,46.3919448852539
3551108,"SP","SARAPUI",5122,"0",43.2406519654842,18.01,48.1570014953613,20.2759990692139,0.488999992609024,9.07059874888293,-23.6405563354492,47.8247222900391
3551207,"SP","SARUTAIA",3052,"0",38.7704918032787,14.678,61.6100006103516,25.9200000762939,0.53600001335144,12.3579545454545,-23.2730560302734,49.4802780151367
3551306,"SP","SEBASTIANOPOLIS DO SUL",2325,"0",46.3258785942492,9.188,47.2439994812012,26.6110000610352,0.566999971866608,8.35579514824798,-20.6550006866455,49.9211120605469
3551405,"SP","SERRA AZUL",4839,"0",36.2216255796925,10.782,21.4680004119873,22.9459991455078,0.40599998831749,14.8182883939039,-21.3108329772949,47.5655555725098
3551504,"SP","SERRANA",18750,"0",37.5310352791732,11.278,13.0260000228882,14.9029998779297,0.441000014543533,15.7557414990208,-21.211389541626,47.5955543518066
3551603,"SP","SERRA NEGRA",16022,"0",35.5298677926213,17.537,33.4550018310547,12.4919996261597,0.535000026226044,9.51490130305767,-22.6122226715088,46.700553894043
3551702,"SP","SERTAOZINHO",52584,"1",15.5774358113073,18.115,11.8290004730225,13.9219999313354,0.507000029087067,24.9011293676357,-21.1377773284912,47.9902763366699
3551801,"SP","SETE BARRAS",8827,"0",47.8506960379379,23.746,53.1440010070801,27.2959995269775,0.570999979972839,10.1069119840875,-24.3877773284912,47.9255561828613
3551900,"SP","SEVERINIA",8208,"0",43.7508866505887,11.577,18.6749992370605,23.6989994049072,0.555000007152557,12.4388631857237,-20.8094444274902,48.8027763366699
3552007,"SP","SILVEIRAS",4108,"0",43.9975808890233,14.528,73.5189971923828,26.2070007324219,0.587000012397766,13.5397039030956,-22.6644439697266,44.8527793884277
3552106,"SP","SOCORRO",19158,"0",48.7524420876361,16.322,28.0849990844727,22.1070003509521,0.490000009536743,9.38977340650981,-22.5913887023926,46.5288887023926
3552205,"SP","SOROCABA",256886,"1",12.6644162017031,14.709,15.1090002059937,8.91100025177002,0.508000016212463,25.1505734278333,-23.5016670227051,47.4580574035645
3552304,"SP","SUD MENUCCI",6106,"0",37.0915386280026,10.803,34.4659996032715,24.7959995269775,0.527999997138977,10.1851851851852,-20.6908340454102,50.9238891601562
3552403,"SP","SUMARE",85409,"1",14.8220442100994,21.284,17.1439990997314,16.1909999847412,0.432000011205673,25.5478119726384,-22.8219451904297,47.2669448852539
3552502,"SP","SUZANO",113237,"1",14.3371606995002,19.215,22.6830005645752,14.7170000076294,0.505999982357025,20.5715530126803,-23.5424995422363,46.3108329772949
3552551,"SP","SUZANOPOLIS",2082,"0",34.4528083381587,12.595,48.5229988098145,34.0040016174316,0.518999993801117,10.3743315508021,-20.5013885498047,51.0247230529785
3552601,"SP","TABAPUA",6768,"0",53.0818019190112,12.183,23.9869995117188,21.9650001525879,0.524999976158142,13.5200974421437,-20.9641666412354,49.031665802002
3552700,"SP","TABATINGA",8637,"0",40.2628434886499,15.908,26.8939990997314,22.0149993896484,0.481000006198883,13.9633993482076,-21.716667175293,48.6875
3552809,"SP","TABOAO DA SERRA",111034,"1",14.3157937565481,24.287,13.0550003051758,11.6049995422363,0.453999996185303,22.3801225814205,-23.6261119842529,46.7916679382324
3552908,"SP","TACIBA",3980,"0",39.3086570816764,10.163,41.6599998474121,30.0149993896484,0.472000002861023,11.2493239588967,-22.3897228240967,51.2847213745117
3553005,"SP","TAGUAI",4617,"0",42.8145201392342,12.579,51.2270011901855,24.1429996490479,0.518999993801117,8.11182401466544,-23.4519443511963,49.4088897705078
3553104,"SP","TAIACU",3636,"0",40.4969344949984,11.066,25.5520000457764,22.7159996032715,0.453000009059906,11.0941320293399,-21.1444435119629,48.5125007629395
3553203,"SP","TAIUVA",3970,"0",40.6913280776228,11.637,22.9300003051758,19.0769996643066,0.500999987125397,18.9992181391712,-21.1238880157471,48.4516677856445
3553302,"SP","TAMBAU",12761,"0",41.0126153585641,15.028,30.056999206543,14.9540004730225,0.455000013113022,16.1927201819955,-21.7049999237061,47.2744445800781
3553401,"SP","TANABI",15422,"0",29.7604220089384,8.901,36.3810005187988,19.548999786377,0.497999995946884,10.3841168042574,-20.6263885498047,49.6491661071777
3553500,"SP","TAPIRAI",5195,"0",46.3503649635037,15.898,42.7589988708496,29.0060005187988,0.507000029087067,7.49382993044649,-23.9636116027832,47.5072212219238
3553609,"SP","TAPIRATIBA",8013,"0",40.1118881118881,17.639,32.9080009460449,17.55299949646,0.407999992370605,14.2023346303502,-21.468334197998,46.7486114501953
3553658,"SP","TAQUARAL",1581,"0",39.7426733380986,10.379,24.5100002288818,26.2259998321533,0.598999977111816,11.2751584372171,-21.0719451904297,48.4102783203125
3553708,"SP","TAQUARITINGA",31451,"0",40.5529288627423,13.453,20.1280002593994,17.2910003662109,0.515999972820282,14.7822612864563,-21.4061107635498,48.5047225952148
3553807,"SP","TAQUARITUBA",14399,"0",38.3316864295125,14.182,50.4389991760254,22.9990005493164,0.577000021934509,12.2973477773627,-23.5330562591553,49.2444458007812
3553856,"SP","TAQUARIVAI",2114,"0",33.2996972754793,16.5,70.7089996337891,27.6439990997314,0.504999995231628,11.0712148414123,-23.9244441986084,48.6930541992188
3553906,"SP","TARABAI",4437,"0",32.2814128546613,9.393,44.5769996643066,27.5559997558594,0.488000005483627,12.1334922526818,-22.3024997711182,51.5591659545898
3553955,"SP","TARUMA",6757,"0",35.1610239471511,8.422,28.4099998474121,23.4820003509521,0.391000002622604,22.1841248071318,-22.7466659545898,50.577220916748
3554003,"SP","TATUI",50551,"1",13.2462524911186,18.363,20.4150009155273,12.8819999694824,0.474999994039536,12.8239636222752,-23.3555564880371,47.8569450378418
3554102,"SP","TAUBATE",135152,"1",16.5724491635124,14.033,22.632999420166,8.45600032806396,0.538999974727631,21.5008392390899,-23.026388168335,45.5552787780762
3554201,"SP","TEJUPA",3878,"0",44.6280991735537,16.024,71.3789978027344,29.7129993438721,0.449999988079071,8.28854314002829,-23.3427772521973,49.3763885498047
3554300,"SP","TEODORO SAMPAIO",13376,"0",37.9879736565811,12.344,46.1609992980957,25.257999420166,0.591000020503998,12.1453341740227,-22.5324993133545,52.1674995422363
3554409,"SP","TERRA ROXA",5344,"0",38.7131252672082,7.515,23.1560001373291,17.7660007476807,0.476999998092651,18.4612211221122,-20.7888889312744,48.3297233581543
3554508,"SP","TIETE",17746,"0",27.7902258826379,14.66,15.6309995651245,8.72200012207031,0.467000007629395,11.5765337509088,-23.1019439697266,47.7147216796875
3554607,"SP","TIMBURI",2586,"0",35.7470678225395,11.086,68.7929992675781,26.5629997253418,0.521000027656555,15.9905474596298,-23.2052783966064,49.6066665649414
3554656,"SP","TORRE DE PEDRA",1743,"0",33.2445036642238,6.941,52.5900001525879,21.568000793457,0.505999982357025,8.63813229571984,-23.2444438934326,48.1947212219238
3554706,"SP","TORRINHA",5697,"0",36.4824120603015,18.231,19.8449993133545,15.8669996261597,0.474999994039536,8.11801356056441,-22.4261112213135,48.1691665649414
3554755,"SP","TRABIJU",1056,"0",25.0267379679144,8.872,35.0880012512207,32.0789985656738,0.430999994277954,11.2751584372171,-22.0416660308838,48.3355560302734
3554805,"SP","TREMEMBE",16022,"0",38.2888634988911,21.153,22.4090003967285,12.2639999389648,0.52999997138977,16.7118576813703,-22.9583339691162,45.549446105957
3554904,"SP","TRES FRONTEIRAS",4092,"0",30.0766283524904,10.016,46.7210006713867,25.6590003967285,0.486999988555908,13.9243948871363,-20.2350006103516,50.8902778625488
3554953,"SP","TUIUTI",3071,"0",33.4310850439883,14.137,47.4939994812012,26.7339992523193,0.448000013828278,9.32372949179672,-22.8163890838623,46.6936111450195
3555000,"SP","TUPA",40786,"1",17.1046443268665,15.635,28.1529998779297,17.056999206543,0.573000013828278,10.6917770830232,-21.9347229003906,50.5136108398438
3555109,"SP","TUPI PAULISTA",10473,"0",37.214498510427,11.569,38.4220008850098,18.3449993133545,0.528999984264374,10.5380034319168,-21.3811111450195,51.570556640625
3555208,"SP","TURIUBA",1871,"0",34.5781466113416,8.294,31.3419990539551,24.363000869751,0.469999998807907,11.9419642857143,-20.9333324432373,50.1074981689453
3555307,"SP","TURMALINA",2603,"0",34.333859926277,6.694,49.4949989318848,24.0799999237061,0.515999972820282,12.5261834939254,-20.0516662597656,50.4761123657227
3555356,"SP","UBARANA",2705,"0",40.9090909090909,9.315,33.8269996643066,26.1159992218018,0.409999996423721,18.1066176470588,-21.1655559539795,49.7174987792969
3555406,"SP","UBATUBA",35055,"0",40.9808361780512,15.278,29.7409992218018,15.5030002593994,0.542999982833862,12.8297595841456,-23.4338893890381,45.0711097717285
3555505,"SP","UBIRAJARA",3155,"0",39.661733615222,16.192,53.0029983520508,28.1359996795654,0.472000002861023,11.4688128772636,-22.5266666412354,49.6630554199219
3555604,"SP","UCHOA",6292,"0",47.0182268625022,14.202,28.048999786377,23.8840007781982,0.481000006198883,12.6931383950822,-20.9527778625488,49.1747207641602
3555703,"SP","UNIAO PAULISTA",1583,"0",33.3063209076175,8.243,43.939998626709,28.3460006713867,0.493000000715256,10.3234686854783,-20.8872222900391,49.8972206115723
3555802,"SP","URANIA",6336,"0",34.2460470497493,10.694,37.3129997253418,23.9790000915527,0.507000029087067,10.6151645207439,-20.2461109161377,50.6430549621582
3555901,"SP","URU",1305,"0",34.2945417095778,9.288,55.7910003662109,20.3770008087158,0.467000007629395,8.45410628019324,-21.7838897705078,49.280834197998
3556008,"SP","URUPES",7812,"0",36.4360162130863,9.796,34.8320007324219,19.7070007324219,0.517000019550323,10.4791995787256,-21.2016658782959,49.2900009155273
3556107,"SP","VALENTIM GENTIL",4711,"0",33.1562424535136,7.477,38.5900001525879,23.7700004577637,0.486000001430511,7.27315801942668,-20.4222221374512,50.0875015258789
3556206,"SP","VALINHOS",50342,"1",20.1602079294403,16.337,10.6499996185303,12.0030002593994,0.485000014305115,19.9531754234249,-22.9705562591553,46.9958343505859
3556305,"SP","VALPARAIZO",11914,"0",37.9903923138511,8.218,36.1619987487793,21.19700050354,0.515999972820282,11.1261018168735,-21.2277774810791,50.8683319091797
3556354,"SP","VARGEM",4115,"0",44.3589743589744,18.197,31.431999206543,29.5289993286133,0.510999977588654,12.3694337548103,-22.8888893127441,46.4136123657227
3556404,"SP","VARGEM GRANDE DO SUL",20253,"0",48.4487887802805,17.545,17.701000213623,16.8470001220703,0.465999990701675,8.01934421002285,-21.8322219848633,46.893611907959
3556453,"SP","VARGEM GRANDE PAULISTA",18304,"0",38.1525587383328,16.78,26.826000213623,15.4790000915527,0.509999990463257,15.3168303511368,-23.6033325195312,47.0263900756836
3556503,"SP","VARZEA PAULISTA",49421,"1",15.1762959023115,18.993,12.4429998397827,14.2360000610352,0.379999995231628,29.0099321378814,-23.211389541626,46.8283348083496
3556602,"SP","VERA CRUZ",8092,"0",43.5137895812053,17.846,41.2680015563965,21.7119998931885,0.508000016212463,13.4680134680135,-22.2197227478027,49.8194427490234
3556701,"SP","VINHEDO",26724,"0",43.0766276166699,14.323,6.95800018310547,12.3159999847412,0.470999985933304,19.4994108325545,-23.0297222137451,46.9752769470215
3556800,"SP","VIRADOURO",9653,"0",31.2051166965889,7.64,15.8900003433228,15.7370004653931,0.462999999523163,9.91905141945046,-20.8730564117432,48.2969436645508
3556909,"SP","VISTA ALEGRE DO ALTO",3242,"0",52.1096285611251,11.674,13.9049997329712,18.2220001220703,0.47299998998642,6.8452380952381,-21.1705551147461,48.6291656494141
3556958,"SP","VITORIA BRASIL",1459,"0",31.4240254574383,12.866,52.5849990844727,32.1590003967285,0.501999974250793,11.2751584372171,-20.1966667175293,50.4844436645508
3557006,"SP","VOTORANTIM",51921,"1",12.1309617758352,15.776,23.6159992218018,11.2530002593994,0.449999988079071,34.1636281699373,-23.546667098999,47.4377784729004
3557105,"SP","VOTUPORANGA",42354,"1",11.9353567205361,13.522,28.007999420166,14.4289999008179,0.531000018119812,13.3479543220147,-20.4227771759033,49.9727783203125
3557154,"SP","ZACARIAS",1608,"0",31.3918305597579,8.962,45.6199989318848,23.6840000152588,0.418999999761581,10.2040816326531,-21.0522212982178,50.0508346557617
3557204,"SP","CHAVANTES",8130,"0",43.2589422195047,13.664,45.0919990539551,25.1060009002686,0.500999987125397,14.6050096339114,-23.0388889312744,49.7094459533691
3557303,"SP","ESTIVA GERBI",4196,"0",40.9528392685274,11.701,18.8990001678467,21.2059993743896,0.435000002384186,20.3302961275626,-22.2713890075684,46.9447212219238
4100103,"PR","ABATIA",7302,"0",39.3479141352774,11.016,67.1470031738281,31.3959999084473,0.523000001907349,4.92968171724648,-23.3036117553711,50.3125
4100202,"PR","ADRIANOPOLIS",6428,"0",33.8147410358566,13.349,70.2819976806641,41.7970008850098,0.532999992370605,10.9249219648431,-24.6572227478027,48.9911117553711
4100301,"PR","AGUDOS DO SUL",5448,"0",38.1260096930533,9.982,59.9169998168945,23.8059997558594,0.467999994754791,8.70484242890084,-25.9925003051758,49.335277557373
4100400,"PR","ALMIRANTE TAMANDARE",32735,"0",39.4974599215161,19.849,31.132999420166,20.7469997406006,0.40599998831749,17.0233248982286,-25.3247222900391,49.310001373291
4100459,"PR","ALTAMIRA DO PARANA",5066,"0",35.8819584171697,10.287,73.1589965820312,37.9749984741211,0.474000006914139,3.97631133671743,-24.7975006103516,52.7130546569824
4100509,"PR","ALTONIA",17942,"0",30.4713660170001,10.748,67.1240005493164,24.2630004882812,0.606000006198883,5.04763496573625,-23.8744449615479,53.901668548584
4100608,"PR","ALTO PARANA",8716,"0",35.9339407744875,11.821,60.9309997558594,29.4829998016357,0.513999998569489,14.6954254562693,-23.1288890838623,52.3188896179199
4100707,"PR","ALTO PIQUIRI",9878,"0",31.3184340782961,10.199,70.4489974975586,38.6430015563965,0.513000011444092,7.08285803173286,-24.02805519104,53.4405555725098
4100806,"PR","ALVORADA DO SUL",7097,"0",22.526354725356,7.303,51.9259986877441,26.2199993133545,0.510999977588654,10.5286671630678,-22.7802772521973,51.2311096191406
4100905,"PR","AMAPORA",3401,"0",28.9494163424125,11.026,69.2490005493164,34.7229995727539,0.477999985218048,8.26771653543307,-23.095832824707,52.7874984741211
4101002,"PR","AMPERE",10103,"0",28.0519805073098,9.921,71.6210021972656,22.3320007324219,0.601000010967255,26.9481201428271,-25.9150009155273,53.4727783203125
4101051,"PR","ANAHY",2780,"0",21.7435897435897,6.838,74.0849990844727,37.2620010375977,0.513999998569489,12.5588697017268,-24.7169437408447,53.0841674804688
4101101,"PR","ANDIRA",14726,"0",46.4734461383816,13.283,43.8250007629395,25.7259998321533,0.488999992609024,10.784524064936,-23.0505561828613,50.228889465332
4101150,"PR","ANGULO",2036,"0",25.4162042175361,7.222,59.1220016479492,36.814998626709,0.52700001001358,7.21153846153846,-23.1947231292725,51.9152793884277
4101200,"PR","ANTONINA",12715,"0",32.0781833860305,13.719,63.1640014648438,23.681999206543,0.560000002384186,14.3211778804999,-25.4286117553711,48.7119445800781
4101309,"PR","ANTONIO OLINTO",5572,"0",33.2350463352991,10.037,79.8450012207031,26.3400001525879,0.535000026226044,11.3109048723898,-25.9861106872559,50.1972236633301
4101408,"PR","APUCARANA",66401,"1",14.1998975246912,12.192,32.8230018615723,18.2450008392334,0.493999987840652,11.9740485797927,-23.5508327484131,51.4608345031738
4101507,"PR","ARAPONGAS",53306,"1",12.7167877891397,11.081,22.9500007629395,17.1149997711182,0.492000013589859,9.67296176877015,-23.4194450378418,51.424446105957
4101606,"PR","ARAPOTI",14938,"0",36.8473231989425,10.012,53.4830017089844,24.0109996795654,0.672999978065491,13.3491369731091,-24.1577777862549,49.8266677856445
4101655,"PR","ARAPUA",4320,"0",28.7676935886761,9.166,82.9649963378906,37.5589981079102,0.462000012397766,11.2751584372171,-24.3161106109619,51.7869453430176
4101705,"PR","ARARUNA",9131,"0",25.6730502359145,8.01,66.6630020141602,27.246000289917,0.521000027656555,5.8850261304249,-23.9316673278809,52.4963874816895
4101804,"PR","ARAUCARIA",48099,"1",13.0284174738598,13.936,31.3199996948242,12.918999671936,0.469999998807907,23.8573511374419,-25.5930557250977,49.4102783203125
4101853,"PR","ARIRANHA DO IVAI",3442,"0",31.7343173431734,11.131,84.6100006103516,38.8860015869141,0.531000018119812,11.2751584372171,-24.3863887786865,51.585277557373
4101903,"PR","ASSAI",15750,"0",28.1714234266679,13.311,47.3240013122559,25.0750007629395,0.592000007629395,6.80364411707695,-23.3733329772949,50.8413887023926
4102000,"PR","ASSIS CHATEAUBRIAND",28476,"0",30.6901257432498,10.909,50.9539985656738,24.238000869751,0.574000000953674,9.76429772166386,-24.4200000762939,53.5213890075684
4102109,"PR","ASTORGA",17122,"0",29.6167484997272,7.393,43.5740013122559,21.2590007781982,0.541000008583069,8.78771189033719,-23.2325000762939,51.6655540466309
4102208,"PR","ATALAIA",3797,"0",28.2701929949964,8.067,47.1240005493164,27.4459991455078,0.476000010967255,13.7155705452501,-23.1511116027832,52.054443359375
4102307,"PR","BALSA NOVA",6460,"0",40.6324786324786,9.703,55.2190017700195,14.2299995422363,0.50900000333786,12.7359322631857,-25.5838890075684,49.635555267334
4102406,"PR","BANDEIRANTES",24018,"0",35.2962711155274,10.77,44.9589996337891,25.4839992523193,0.510999977588654,8.96997010009967,-23.1100006103516,50.3675003051758
4102505,"PR","BARBOSA FERRAZ",13212,"0",35.3607485840926,12.682,78.0999984741211,42.3619995117188,0.59799998998642,6.5843621399177,-24.0300006866455,52.0116653442383
4102604,"PR","BARRACAO",7104,"0",24.2812823164426,6.908,65.4100036621094,18.2749996185303,0.676999986171722,23.503635096106,-26.2541675567627,53.6333351135254
4102703,"PR","BARRA DO JACARE",2271,"0",20.6054168879448,7.851,49.25,22.318000793457,0.540000021457672,12.1221969450764,-23.1149997711182,50.1813888549805
4102752,"PR","BELA VISTA DA CAROBA",4047,"0",21.2710280373832,4.407,83.8980026245117,22.7980003356934,0.644999980926514,11.2751584372171,-25.8811111450195,53.664722442627
4102802,"PR","BELA VISTA DO PARAISO",10954,"0",27.4884714880216,10.639,46.7560005187988,29.0219993591309,0.547999978065491,9.81326219512195,-22.9966659545898,51.1905555725098
4102901,"PR","BITURUNA",9414,"0",20.7700101317123,9.184,61.1349983215332,18.0459995269775,0.49099999666214,21.9811320754717,-26.1613883972168,51.5525016784668
4103008,"PR","BOA ESPERANCA",5349,"0",30.3312027890761,10.946,49.6990013122559,30.0200004577637,0.569999992847443,7.09152798789713,-24.2422218322754,52.7886123657227
4103024,"PR","BOA ESPERANCA DO IGUACU",2731,"0",21.2776659959759,5.132,70.9759979248047,25.5750007629395,0.535000026226044,46.2013813158851,-25.6358337402344,53.2122230529785
4103040,"PR","BOA VENTURA DE SAO ROQUE",4097,"0",29.8245614035088,6.79,84.6039962768555,25.5659999847412,0.493999987840652,11.2751584372171,-24.8688888549805,51.627498626709
4103057,"PR","BOA VISTA DA APARECIDA",8483,"0",22.613946240748,7.786,80.4199981689453,33.8440017700195,0.537000000476837,10.4893284747527,-25.4355564117432,53.4080543518066
4103107,"PR","BOCAIUVA DO SUL",5837,"0",38.3234714003945,14.469,60.7229995727539,29.0820007324219,0.486000001430511,8.62419205909511,-25.206111907959,49.1150016784668
4103156,"PR","BOM JESUS DO SUL",3897,"0",22.2483352918136,5.888,81.8730010986328,27.9120006561279,0.537999987602234,11.2751584372171,-26.192777633667,53.5969429016113
4103206,"PR","BOM SUCESSO",5157,"0",34.82263742215,12.806,62.1759986877441,29.9270000457764,0.533999979496002,10.3495951017184,-23.7097225189209,51.7644462585449
4103222,"PR","BOM SUCESSO DO SUL",2741,"0",17.732932589094,4.59,67.4909973144531,16.5869998931885,0.582000017166138,13.1437355880092,-26.075834274292,52.8341674804688
4103305,"PR","BORRAZOPOLIS",8840,"0",27.505713352922,10.488,54.1310005187988,27.0610008239746,0.521000027656555,9.59826523624743,-23.9411106109619,51.5875015258789
4103354,"PR","BRAGANEY",5431,"0",29.6306429548564,11.09,74.6520004272461,30.7950000762939,0.568000018596649,6.53961136023916,-24.8163890838623,53.1216659545898
4103370,"PR","BRASILANDIA DO SUL",3944,"0",23.960983884648,8.33,68.5830001831055,42.6189994812012,0.499000012874603,4.99013250634339,-24.1969451904297,53.5247230529785
4103404,"PR","CAFEARA",1868,"0",26.2666666666667,6.041,55.9339981079102,30.6469993591309,0.469999998807907,15.1482479784367,-22.7924995422363,51.7161102294922
4103453,"PR","CAFELANDIA",6523,"0",26.5316455696203,5.82,34.3419990539551,17.503999710083,0.625999987125397,11.2095400340716,-24.6177768707275,53.3199996948242
4103479,"PR","CAFEZAL DO SUL",4424,"0",33.7284482758621,8.695,70.5899963378906,38.5849990844727,0.477999985218048,3.83275261324042,-23.9022216796875,53.5125007629395
4103503,"PR","CALIFORNIA",6337,"0",35.5615630376014,11.566,58.8489990234375,28.5429992675781,0.52700001001358,9.59906837464648,-23.6499996185303,51.3549995422363
4103602,"PR","CAMBARA",15998,"0",35.1468388315881,11.805,40.4749984741211,21.3379993438721,0.621999979019165,16.5528350515464,-23.0463886260986,50.0736122131348
4103701,"PR","CAMBE",50571,"1",14.4283958205286,20.152,33.3460006713867,20.2280006408691,0.448000013828278,13.9924864104771,-23.2758331298828,51.2783317565918
4103800,"PR","CAMBIRA",5335,"0",29.1393621668851,8.408,53.7239990234375,26.2150001525879,0.493999987840652,9.83409954027583,-23.5827770233154,51.5783348083496
4103909,"PR","CAMPINA DA LAGOA",14044,"0",29.9004049469191,10.395,67.2839965820312,33.9259986877441,0.546000003814697,7.918188458729,-24.591667175293,52.7988891601562
4103958,"PR","CAMPINA DO SIMAO",3303,"0",27.5313807531381,8.776,82.8889999389648,26.5629997253418,0.554000020027161,11.2751584372171,-25.0794448852539,51.8269462585449
4104006,"PR","CAMPINA GRANDE DO SUL",16845,"0",35.5534646145574,15.2,42.3009986877441,19.617000579834,0.515999972820282,11.73329943431,-25.3055553436279,49.0552787780762
4104055,"PR","CAMPO BONITO",3520,"0",28.6801065043743,7.782,75.0490036010742,37.5499992370605,0.550000011920929,21.6315307057745,-25.0311107635498,52.9925003051758
4104105,"PR","CAMPO DO TENENTE",3924,"0",22.555720653789,10.907,72.1389999389648,27.8369998931885,0.495000004768372,7.25180626170725,-25.9780559539795,49.6827774047852
4104204,"PR","CAMPO LARGO",53256,"1",17.3310016281734,16.576,33.9010009765625,15.6099996566772,0.476000010967255,16.0942974208745,-25.458610534668,49.5283317565918
4104253,"PR","CAMPO MAGRO",7775,"0",35.4573885848319,15.171,32.0919990539551,18.673999786377,0.425999999046326,11.2751584372171,-25.3686103820801,49.4513893127441
4104303,"PR","CAMPO MOURAO",52124,"1",7.38352489478477,15.859,36.2459983825684,20.4109992980957,0.540000021457672,13.7779862158966,-24.0455551147461,52.383056640625
4104402,"PR","CANDIDO DE ABREU",13119,"0",33.3642165946057,8.084,84.6549987792969,33.298999786377,0.531000018119812,8.25242718446602,-24.5669441223145,51.3333320617676
4104428,"PR","CANDOI",8176,"0",42.1352642119858,8.305,66.3649978637695,24.2970008850098,0.499000012874603,17.6857386848847,-25.5722217559814,52.0558319091797
4104451,"PR","CANTAGALO",8397,"0",35.3922944938387,11.304,76.8639984130859,21.1389999389648,0.624000012874603,17.1904761904762,-25.3744449615479,52.1263885498047
4104501,"PR","CAPANEMA",13932,"0",20.5733229329173,7.193,64.5380020141602,17.2800006866455,0.620000004768372,23.7205935577271,-25.6719436645508,53.8088874816895
4104600,"PR","CAPITAO LEONIDAS MARQUES",10496,"0",31.071339796172,6.245,65.6399993896484,27.2889995574951,0.540000021457672,15.451316339323,-25.4791660308838,53.6141662597656
4104659,"PR","CARAMBEI",6699,"0",26.4865658493613,9.879,50.0620002746582,18.4680004119873,0.58899998664856,11.2751584372171,-24.9177780151367,50.0972213745117
4104709,"PR","CARLOPOLIS",10470,"0",36.4887676925075,9.606,63.6370010375977,23.0060005187988,0.493999987840652,6.63321625689915,-23.4249992370605,49.720832824707
4104808,"PR","CASCAVEL",135853,"1",7.35521671853539,11.622,32.1730003356934,13.7150001525879,0.570999979972839,16.7067016157427,-24.9558334350586,53.4552764892578
4104907,"PR","CASTRO",37640,"0",40.4025858635375,13.975,60.0540008544922,25.4330005645752,0.669000029563904,13.5442375289806,-24.7911109924316,50.0119438171387
4105003,"PR","CATANDUVAS",7643,"0",28.409756097561,11.228,70.181999206543,32.3110008239746,0.626999974250793,13.7352980938218,-25.2030563354492,53.156665802002
4105102,"PR","CENTENARIO DO SUL",8937,"0",29.3407073206229,14.374,56.4280014038086,32.7970008850098,0.550000011920929,8.38393274170948,-22.8211116790771,51.5952758789062
4105201,"PR","CERRO AZUL",10721,"0",50.4609929078014,13.737,80.2480010986328,45.7280006408691,0.537999987602234,6.17372577171572,-24.8236103057861,49.2611122131348
4105300,"PR","CEU AZUL",8341,"0",29.4453004622496,6.309,46.6969985961914,17.6450004577637,0.546999990940094,18.1749241658241,-25.1466674804688,53.8486099243164
4105409,"PR","CHOPINZINHO",13723,"0",24.9955539747466,5.76,68.8570022583008,22.7919998168945,0.577000021934509,21.8631911776047,-25.8558330535889,52.5233345031738
4105508,"PR","CIANORTE",35802,"0",27.526847251162,12.944,41.6349983215332,19.6919994354248,0.550999999046326,11.2465181058496,-23.6633338928223,52.6049995422363
4105607,"PR","CIDADE GAUCHA",7048,"0",29.2497793468667,11.248,56.0369987487793,28.003999710083,0.528999984264374,14.1586248492159,-23.380277633667,52.9447212219238
4105706,"PR","CLEVELANDIA",12459,"0",36.195441071246,11.566,63.3320007324219,17.67799949646,0.541000008583069,17.120495679113,-26.3958339691162,52.470832824707
4105805,"PR","COLOMBO",65678,"1",12.142352254218,19.946,26.7649993896484,16.0149993896484,0.418999999761581,18.5084525579885,-25.2916660308838,49.2241668701172
4105904,"PR","COLORADO",15329,"0",39.2566597543468,8.469,39.6279983520508,24.5930004119873,0.514999985694885,13.1077642528024,-22.8374996185303,51.9730567932129
4106001,"PR","CONGONHINHAS",6039,"0",35.9879963065559,13.709,77.5289993286133,40.3139991760254,0.540000021457672,9.95170748533977,-23.5511112213135,50.5536117553711
4106100,"PR","CONSELHEIRO MAYRINCK",3477,"0",35.9612141652614,11.479,73.8479995727539,38.5330009460449,0.564999997615814,11.1379414428011,-23.6297225952148,50.1686096191406
4106209,"PR","CONTENDA",7721,"0",37.5604208131931,9.782,60.023998260498,14.4370002746582,0.582000017166138,11.304468884867,-25.6755561828613,49.5347213745117
4106308,"PR","CORBELIA",11827,"0",25.1769049328274,7.505,57.9519996643066,18.7089996337891,0.560000002384186,11.2207699831066,-24.7988891601562,53.3066673278809
4106407,"PR","CORNELIO PROCOPIO",31256,"0",29.8825312618416,9.767,35.2939987182617,19.5970001220703,0.513000011444092,17.4655372861651,-23.1811103820801,50.6466674804688
4106456,"PR","CORONEL DOMINGOS SOARES",3406,"0",31.5516553649781,11.559,75.7890014648438,35.9309997558594,0.513999998569489,11.2751584372171,-26.2277774810791,52.0319442749023
4106506,"PR","CORONEL VIVIDA",17128,"0",32.0547313398416,7.476,64.7070007324219,19.1219997406006,0.633000016212463,18.2384987893462,-25.9797229766846,52.5677795410156
4106555,"PR","CORUMBATAI DO SUL",4984,"0",33.6405529953917,14.308,88.1650009155273,38.1279983520508,0.580999970436096,5.93645484949833,-24.101110458374,52.1197204589844
4106571,"PR","CRUZEIRO DO IGUACU",3737,"0",26.1996904024768,5.957,72.6110000610352,24.996000289917,0.551999986171722,33.3993212669683,-25.6155548095703,53.1277770996094
4106605,"PR","CRUZEIRO DO OESTE",17905,"0",39.2899690254944,8.329,61.560001373291,30.0540008544922,0.563000023365021,10.0432541328435,-23.7849998474121,53.0733337402344
4106704,"PR","CRUZEIRO DO SUL",4122,"0",26.1214630779848,9.225,58.3680000305176,33.4809989929199,0.47299998998642,20.3073822121441,-22.9619445800781,52.1605567932129
4106803,"PR","CRUZ MACHADO",10527,"0",33.0709510459349,10.952,71.6520004272461,14.7019996643066,0.556999981403351,15.6914090039279,-26.0174999237061,51.3466682434082
4106852,"PR","CRUZMALTINA",3143,"0",29.3027791321307,11.135,78.5839996337891,34.556999206543,0.507000029087067,11.2751584372171,-24.013334274292,51.4591674804688
4107009,"PR","CURIUVA",8243,"0",32.9517975173303,11.941,76.8399963378906,33.3409996032715,0.532000005245209,9.10518053375196,-24.0324993133545,50.4583320617676
4107108,"PR","DIAMANTE DO NORTE",6379,"0",36.0888481795283,9.065,55.5769996643066,28.8159999847412,0.507000029087067,7.45762711864407,-22.6563892364502,52.8597221374512
4107124,"PR","DIAMANTE DO SUL",3176,"0",37.0711725550435,11.592,80.3690032958984,44.2389984130859,0.479000002145767,17.3942470389171,-25.0430564880371,52.6800003051758
4107157,"PR","DIAMANTE DO OESTE",4663,"0",26.6220735785953,8.345,82.5309982299805,34.5979995727539,0.501999974250793,14.3769968051118,-24.942777633667,54.1033325195312
4107207,"PR","DOIS VIZINHOS",21746,"0",20.9028517335227,5.92,46.1469993591309,18.6149997711182,0.53600001335144,33.9884682877914,-25.7336120605469,53.0572204589844
4107256,"PR","DOURADINA",5404,"0",33.3238149628784,7.188,62.2190017700195,31.7609996795654,0.541999995708466,14.0910787607316,-23.3808326721191,53.2916679382324
4107306,"PR","DOUTOR CAMARGO",5141,"0",30.1444833625219,9.912,55.5989990234375,26.5580005645752,0.513000011444092,8.4877360155285,-23.5558338165283,52.2180557250977
4107405,"PR","ENEAS MARQUES",5168,"0",21.0814851731871,4.489,67.2020034790039,20.9479999542236,0.628000020980835,17.9276315789474,-25.9422225952148,53.1644439697266
4107504,"PR","ENGENHEIRO BELTRAO",10822,"0",25.2545348156817,8.712,56.7179985046387,22.6700000762939,0.515999972820282,7.23087209857675,-23.7972221374512,52.2691650390625
4107520,"PR","ESPERANCA NOVA",2380,"0",26.6530334014997,6.788,81.5210037231445,28.2600002288818,0.504999995231628,11.2751584372171,-23.7238883972168,53.8108329772949
4107538,"PR","ENTRE RIOS DO OESTE",2710,"0",11.2456747404844,2.254,39.9329986572266,5.64099979400635,0.630999982357025,18.2562423250102,-24.7044448852539,54.2341651916504
4107546,"PR","ESPIGAO ALTO DO IGUACU",4586,"0",30.053015241882,8.762,80.0839996337891,28.2430000305176,0.513000011444092,11.2751584372171,-25.4244441986084,52.8355560302734
4107553,"PR","FAROL",2810,"0",33.9237057220708,10.19,73.9440002441406,33.4659996032715,0.524999976158142,11.8085523734798,-24.0997219085693,52.6233329772949
4107603,"PR","FAXINAL",11876,"0",29.7501978071663,10.218,63.5979995727539,28.2019996643066,0.625999987125397,8.57380112102969,-24.0002784729004,51.3194427490234
4107652,"PR","FAZENDA RIO GRANDE",21171,"0",37.9468130921619,18.077,39.6990013122559,13.5019998550415,0.504999995231628,21.0627647285329,-25.6574993133545,49.3080558776855
4107702,"PR","FENIX",4903,"0",25.856,8.447,67.4449996948242,26.6229991912842,0.513999998569489,7.67436930252279,-23.9161109924316,51.9791679382324
4107736,"PR","FERNANDES PINHEIRO",3640,"0",30.5439330543933,10.464,78.2070007324219,23.5060005187988,0.573000013828278,11.2751584372171,-25.4133338928223,50.5475006103516
4107751,"PR","FIGUEIRA",7564,"0",36.3898619410674,12.806,56.0960006713867,38.6230010986328,0.521000027656555,18.1856599521059,-23.8491668701172,50.4030570983887
4107801,"PR","FLORAI",5309,"0",27.4950592885375,7.65,47.2350006103516,22.2290000915527,0.512000024318695,12.3389301054276,-23.3169441223145,52.3036117553711
4107850,"PR","FLOR DA SERRA DO SUL",4152,"0",15.9294978383771,5.5,85.3949966430664,23.1140003204346,0.540000021457672,26.6353922335158,-26.2602787017822,53.3036117553711
4107900,"PR","FLORESTA",4252,"0",21.8311795435799,6.476,38.5909996032715,22.9650001525879,0.555000007152557,15.8505154639175,-23.5988883972168,52.081111907959
4108007,"PR","FLORESTOPOLIS",9391,"0",26.7161669935556,12.546,44.3390007019043,35.8650016784668,0.462999999523163,9.53289916909948,-22.8633327484131,51.3872222900391
4108106,"PR","FLORIDA",1932,"0",23.3942251031232,4.759,41.1279983520508,27.5510005950928,0.522000014781952,12.6022913256956,-23.0872230529785,51.9536094665527
4108205,"PR","FORMOSA DO OESTE",8504,"0",33.7833160263067,8.486,58.0740013122559,22.6690006256104,0.578999996185303,11.9196692262256,-24.2927780151367,53.3125
4108304,"PR","FOZ DO IGUACU",137111,"1",6.85602260490202,11.52,28.7029991149902,14.5150003433228,0.575999975204468,17.8380861799365,-25.5477771759033,54.5880546569824
4108320,"PR","FRANCISCO ALVES",7204,"0",30.6660804572433,8.898,67.7779998779297,29.6560001373291,0.527999997138977,5.89714924538849,-24.0658340454102,53.8477783203125
4108403,"PR","FRANCISCO BELTRAO",44767,"1",5.79764453961456,7.311,45.3839988708496,16.673999786377,0.574999988079071,25.6473783262263,-26.081111907959,53.0550003051758
4108452,"PR","FOZ DO JORDAO",4105,"0",36.4955752212389,8.987,61.9449996948242,26.7350006103516,0.458999991416931,11.2751584372171,-25.6416664123535,52.1027793884277
4108502,"PR","GENERAL CARNEIRO",9099,"0",30.806882230792,11.883,57.6679992675781,18.8950004577637,0.546999990940094,21.624056763149,-26.4274997711182,51.3155555725098
4108551,"PR","GODOY MOREIRA",3763,"0",30.45574057844,8.898,79.5989990234375,43.7960014343262,0.465999990701675,8.10965162764135,-24.1766662597656,51.9241676330566
4108601,"PR","GOIOERE",23725,"0",31.0287164110253,12.182,47.2360000610352,24.2740001678467,0.570999979972839,10.8901442858233,-24.1847229003906,53.0275001525879
4108650,"PR","GOIOXIM",3763,"0",33.3101529902643,10.738,88.8690032958984,30.6420001983643,0.497999995946884,11.2751584372171,-25.1947231292725,51.9925003051758
4108700,"PR","GRANDES RIOS",6548,"0",28.6242774566474,11.635,75.0149993896484,38.2770004272461,0.633000016212463,4.24991338491743,-24.1463890075684,51.5063896179199
4108809,"PR","GUAIRA",22602,"0",23.6063359528487,11.522,51.3040008544922,19.1919994354248,0.578000009059906,14.3242238334263,-24.0799999237061,54.2558326721191
4108908,"PR","GUAIRACA",4578,"0",36.3334340078526,10.281,63.1759986877441,33.6990013122559,0.51800000667572,6.95987304466107,-22.9344444274902,52.6855545043945
4108957,"PR","GUAMIRANGA",4806,"0",37.2294372294372,10.152,78.8079986572266,17,0.527999997138977,11.2751584372171,-25.1913890838623,50.8047218322754
4109005,"PR","GUAPIRAMA",3939,"0",17.6227971503562,7.845,65.0130004882812,30.2439994812012,0.531000018119812,8.35572272971521,-23.5161113739014,50.039722442627
4109104,"PR","GUAPOREMA",1872,"0",28.7331917905166,8.873,58.9720001220703,30.7560005187988,0.499000012874603,9.06623235613464,-23.3430557250977,52.7786102294922
4109203,"PR","GUARACI",4315,"0",31.6884661117717,11.977,51.7700004577637,33.7050018310547,0.560000002384186,4.74127557160048,-22.9730548858643,51.6497230529785
4109302,"PR","GUARANIACU",13762,"0",25.1806615776081,9.041,76.7460021972656,26.5599994659424,0.611000001430511,18.4370542752046,-25.1008338928223,52.8780555725098
4109401,"PR","GUARAPUAVA",90114,"1",8.86067639953786,11.542,48.2820014953613,17.2169990539551,0.60699999332428,20.7607892193097,-25.3952770233154,51.4580574035645
4109500,"PR","GUARAQUECABA",5369,"0",33.8874376632629,10.665,77.5869979858398,37.4790000915527,0.493000000715256,8.87860298758679,-25.3066673278809,48.3288879394531
4109609,"PR","GUARATUBA",13642,"0",30.3104718470444,9.76,48.4090003967285,16.318000793457,0.564999997615814,8.6575624838959,-25.8827781677246,48.5747222900391
4109658,"PR","HONORIO SERPA",3976,"0",26.1258041458184,9.887,80.7770004272461,23.943000793457,0.497000008821487,33.3767502442201,-26.1411113739014,52.3869438171387
4109708,"PR","IBAITI",19519,"0",34.8905005688282,12.484,65.5999984741211,31.0410003662109,0.614000022411346,7.89288231148696,-23.848611831665,50.1877784729004
4109757,"PR","IBEMA",4832,"0",29.1626870423432,10.851,65.1269989013672,29.0319995880127,0.532000005245209,18.960244648318,-25.106388092041,53.0122222900391
4109807,"PR","IBIPORA",26293,"0",35.48440817686,15.052,38.5800018310547,19.7770004272461,0.492000013589859,11.1734146944834,-23.2691669464111,51.0480537414551
4109906,"PR","ICARAIMA",7421,"0",33.7144837144837,10.056,64.5800018310547,28.8379993438721,0.481000006198883,8.8646107039137,-23.3955554962158,53.6138877868652
4110003,"PR","IGUARACU",2817,"0",25.5042016806723,6.255,50.1419982910156,23.8659992218018,0.488999992609024,14.7165697674419,-23.1969451904297,51.8274993896484
4110052,"PR","IGUATU",2411,"0",15.6474820143885,7.014,75.1279983520508,42.0099983215332,0.490000009536743,7.40580337808575,-24.6441669464111,53.1347236633301
4110078,"PR","IMBAU",4767,"0",24.7967479674797,19.287,73.7919998168945,46.4710006713867,0.563000023365021,11.2751584372171,-24.4449996948242,50.7608337402344
4110102,"PR","IMBITUVA",12501,"0",34.3827956989247,11.465,61.0789985656738,13.5659999847412,0.65200001001358,18.7158059279745,-25.2299995422363,50.6044425964355
4110201,"PR","INACIO MARTINS",6860,"0",34.6098265895954,8.794,85.8089981079102,27.3080005645752,0.544000029563904,15.3273347812597,-25.5711116790771,51.0788879394531
4110300,"PR","INAJA",2475,"0",12.0462914255655,8.63,59.2470016479492,44.8740005493164,0.47299998998642,9.91735537190083,-22.7491664886475,52.198055267334
4110409,"PR","INDIANOPOLIS",3906,"0",27.6197085357391,8.061,67.1129989624023,27.4729995727539,0.542999982833862,6.24338624338624,-23.4763889312744,52.6961097717285
4110508,"PR","IPIRANGA",7759,"0",31.809088310946,9.938,70.1660003662109,21.4419994354248,0.476999998092651,9.29388029589778,-25.023889541626,50.5841674804688
4110607,"PR","IPORA",14482,"0",33.3703778541119,10.351,66.8140029907227,28.2660007476807,0.591000020503998,6.91620347569127,-24.0030555725098,53.7041664123535
4110656,"PR","IRACEMA DO OESTE",2935,"0",40.8918406072106,11.843,78.7289962768555,43.4780006408691,0.566999971866608,10.4317789291883,-24.4283332824707,53.3547210693359
4110706,"PR","IRATI",32968,"0",25.8073270013568,12.54,60.7610015869141,13.3129997253418,0.583999991416931,16.6474985623922,-25.4672222137451,50.6511116027832
4110805,"PR","IRETAMA",10211,"0",37.8606377594061,14.316,75.0970001220703,36.1730003356934,0.514999985694885,6.42634802691033,-24.4238891601562,52.1058349609375
4110904,"PR","ITAGUAGE",3601,"0",33.4219521458412,9.18,63.8499984741211,29.0669994354248,0.52999997138977,12.3793299261783,-22.6180553436279,51.9661102294922
4110953,"PR","ITAIPULANDIA",3602,"0",21.176112126752,3.894,41.5359992980957,18.5610008239746,0.490000009536743,18.7339919502378,-25.1372222900391,54.3022232055664
4111001,"PR","ITAMBARACA",6017,"0",33.1028123559244,11.916,58.193000793457,31.5149993896484,0.509999990463257,8.89815780326729,-23.0177783966064,50.4063873291016
4111100,"PR","ITAMBE",5117,"0",24.3132220795892,10.861,50.8559989929199,24.4990005493164,0.518999993801117,9.24938474159147,-23.661111831665,51.9902763366699
4111209,"PR","ITAPEJARA DO OESTE",7091,"0",19.0148305084746,5.719,61.0369987487793,16.9680004119873,0.551999986171722,17.3643187066975,-25.9652786254883,52.8163871765137
4111258,"PR","ITAPERUCU",11467,"0",35.4745090451775,14.402,64.4759979248047,36.4189987182617,0.470999985933304,22.9064308330604,-25.2199993133545,49.3477783203125
4111308,"PR","ITAUNA DO SUL",3434,"0",39.3088552915767,9.893,63.1510009765625,39.8380012512207,0.486999988555908,8.65269461077844,-22.7305564880371,52.8872222900391
4111407,"PR","IVAI",7993,"0",26.8718555785735,9.836,78.9810028076172,19.367000579834,0.555000007152557,9.48700866089274,-25.0108337402344,50.8588905334473
4111506,"PR","IVAIPORA",25274,"0",31.3299944351697,10.678,53.9039993286133,30.0109996795654,0.549000024795532,8.94033618619543,-24.2477779388428,51.6847229003906
4111555,"PR","IVATE",4558,"0",39.2618347151645,9.315,64.943000793457,35.1920013427734,0.508000016212463,6.29907209136331,-23.4091663360596,53.3691673278809
4111605,"PR","IVATUBA",2544,"0",21.4059196617336,7.033,38.7089996337891,24.7609996795654,0.621999979019165,13.274635963427,-23.6186103820801,52.2213897705078
4111704,"PR","JABOTI",3776,"0",21.4728148657949,8.543,74.697998046875,31.9209995269775,0.495999991893768,15.625,-23.7433338165283,50.0758323669434
4111803,"PR","JACAREZINHO",28647,"0",36.1772277674902,13.642,43.7760009765625,24.3209991455078,0.546000003814697,13.1868920713542,-23.1605548858643,49.9694442749023
4111902,"PR","JAGUAPITA",8085,"0",34.169914263445,11.136,51.9360008239746,25.9619998931885,0.551999986171722,11.0896941660242,-23.1127777099609,51.5319442749023
4112009,"PR","JAGUARIAIVA",16820,"0",28.6307345904869,9.79,50.4339981079102,22.8159999847412,0.614000022411346,14.532744665195,-24.2511119842529,49.7058334350586
4112108,"PR","JANDAIA DO SUL",14780,"0",28.7047841306884,10.896,37.9129981994629,21.8549995422363,0.535000026226044,13.3121151318065,-23.6030559539795,51.6433334350586
4112207,"PR","JANIOPOLIS",8363,"0",28.7397833111576,10.473,58.5750007629395,33.6150016784668,0.580999970436096,7.62983017474772,-24.1419448852539,52.781665802002
4112306,"PR","JAPIRA",4151,"0",34.1726618705036,12.166,76.161003112793,36.2970008850098,0.532000005245209,8.98140874574496,-23.8130550384521,50.1386108398438
4112405,"PR","JAPURA",6837,"0",35.5772994129158,10.932,58.5429992675781,20.4820003509521,0.546000003814697,8.37498106921096,-23.4699993133545,52.5533332824707
4112504,"PR","JARDIM ALEGRE",10917,"0",29.3654331995839,9.237,69.9649963378906,32.7869987487793,0.521000027656555,9.04153963414634,-24.1791667938232,51.6922225952148
4112603,"PR","JARDIM OLINDA",1237,"0",23.789020452099,7.51,56.726001739502,34.4580001831055,0.439999997615814,17.0265780730897,-22.5497226715088,52.0363883972168
4112702,"PR","JATAIZINHO",8069,"0",32.2251842559197,12.508,51.4780006408691,24.0100002288818,0.61599999666214,9.19772133871351,-23.2541675567627,50.9799995422363
4112751,"PR","JESUITAS",9309,"0",37.744312720282,10.182,62.0740013122559,23.1620006561279,0.546999990940094,10.6699224970804,-24.3850002288818,53.3875007629395
4112801,"PR","JOAQUIM TAVORA",7030,"0",28.7163966530176,13.248,57.2039985656738,27.8169994354248,0.52700001001358,7.08450913411555,-23.4994449615479,49.9047241210938
4112900,"PR","JUNDIAI DO SUL",3100,"0",34.5297592003635,8.013,70.7580032348633,41.0610008239746,0.560000002384186,18.21499668215,-23.4366664886475,50.247501373291
4112959,"PR","JURANDA",6175,"0",31.8789739092304,8.495,55.1669998168945,28.6299991607666,0.578000009059906,8.51023502653525,-24.4202785491943,52.8430557250977
4113007,"PR","JUSSARA",5142,"0",31.6364539359325,8.524,45.8800010681152,24.1809997558594,0.523999989032745,13.0274477673085,-23.6213893890381,52.4694442749023
4113106,"PR","KALORE",5031,"0",36.8043087971275,8.033,52.3720016479492,27.193000793457,0.522000014781952,7.81909547738694,-23.8169441223145,51.6680564880371
4113205,"PR","LAPA",27217,"0",33.6357263617995,11.286,57.2509994506836,15.826000213623,0.546000003814697,17.0071719325451,-25.7697219848633,49.7158317565918
4113254,"PR","LARANJAL",4706,"0",44.7730398899587,13.733,84.5619964599609,48.2620010375977,0.550999999046326,13.2947976878613,-24.8866672515869,52.4694442749023
4113304,"PR","LARANJEIRAS DO SUL",19804,"0",22.0005447364837,7.541,57.7140007019043,15.6599998474121,0.685999989509583,21.8112763937243,-25.4077777862549,52.4161109924316
4113403,"PR","LEOPOLIS",3299,"0",29.5898811805289,10.7,54.7919998168945,30.1860008239746,0.474999994039536,11.0687022900763,-23.0799999237061,50.7511100769043
4113429,"PR","LIDIANOPOLIS",4587,"0",34.0925017519271,7.591,74.9339981079102,36.689998626709,0.546999990940094,9.4370096908168,-24.1094436645508,51.6525001525879
4113452,"PR","LINDOESTE",5490,"0",25.765575501584,11.952,77.8150024414062,29.5249996185303,0.564999997615814,17.9979777553084,-25.2600002288818,53.5761108398438
4113502,"PR","LOANDA",12177,"0",28.6890805154539,10.761,52.6529998779297,26.3290004730225,0.597000002861023,7.99762530743788,-22.9230556488037,53.1372222900391
4113601,"PR","LOBATO",3165,"0",16.8231611893584,6.543,43.7369995117188,26.1089992523193,0.565999984741211,19.2255892255892,-23.0083332061768,51.950553894043
4113700,"PR","LONDRINA",261393,"1",11.1277520490654,11.636,23.8239994049072,14.1420001983643,0.561999976634979,12.9678926926419,-23.3102779388428,51.1627769470215
4113734,"PR","LUISIANIA",6384,"0",37.9689957312963,14.599,75.0899963378906,34.2589988708496,0.59799998998642,11.6680361544782,-24.286111831665,52.2758331298828
4113759,"PR","LUNARDELLI",5817,"0",31.5629742033384,11.033,73.6539993286133,33.4049987792969,0.497000008821487,6.00616016427105,-24.0794448852539,51.7374992370605
4113809,"PR","LUPIONOPOLIS",3679,"0",23.3624454148472,9.413,60.0950012207031,34.0289993286133,0.495999991893768,9.96893532900311,-22.755277633667,51.6572227478027
4113908,"PR","MALLET",8070,"0",35.623869801085,8.154,67.0289993286133,9.65100002288818,0.568000018596649,12.9969024264326,-25.8777770996094,50.8211097717285
4114005,"PR","MAMBORE",11833,"0",41.714538223597,11.381,60.4570007324219,25.0550003051758,0.648000001907349,7.68233667473211,-24.3194446563721,52.5299987792969
4114104,"PR","MANDAGUACU",11806,"0",31.4825870646766,12.222,46.8520011901855,25.9570007324219,0.52700001001358,19.7456194965756,-23.3472213745117,52.0952758789062
4114203,"PR","MANDAGUARI",21367,"0",28.7955032119914,12.207,38.4119987487793,20.9529991149902,0.532000005245209,11.2244897959184,-23.5475006103516,51.6708335876465
4114302,"PR","MANDIRITUBA",10275,"0",37.0658135283364,12.693,52.0979995727539,20.2220001220703,0.472000002861023,13.0853303920586,-25.7788887023926,49.3261108398438
4114351,"PR","MANFRINOPOLIS",2955,"0",21.6710182767624,6.567,88.5299987792969,28.0860004425049,0.586000025272369,11.2751584372171,-26.1444435119629,53.3108329772949
4114401,"PR","MANGUEIRINHA",11925,"0",34.7478070175439,9.612,72.1890029907227,22.3279991149902,0.538999974727631,18.7324326774866,-25.9411106109619,52.1755561828613
4114500,"PR","MANOEL RIBAS",9932,"0",27.086559972466,6.536,69.875,28.2779998779297,0.606000006198883,6.71690694626474,-24.5163879394531,51.6677780151367
4114609,"PR","MARECHAL CANDIDO RONDON",28053,"0",16.0733415739596,4.231,35.9879989624023,7.95699977874756,0.555000007152557,15.7675430509975,-24.5561103820801,54.0566673278809
4114708,"PR","MARIA HELENA",6008,"0",27.8555075044518,9.577,73.0579986572266,34.0260009765625,0.510999977588654,8.27930174563591,-23.6163883209229,53.2050018310547
4114807,"PR","MARIALVA",17819,"0",37.2708886360764,12.89,42.9889984130859,19.8980007171631,0.573000013828278,13.3490025914542,-23.4850006103516,51.7916679382324
4114906,"PR","MARILANDIA DO SUL",7663,"0",32.1823439360435,9.624,67.0790023803711,30.5790004730225,0.504999995231628,8.24655220940051,-23.744722366333,51.3077774047852
4115002,"PR","MARILENA",4855,"0",31.871745683749,11.093,68.4700012207031,30.1650009155273,0.48199999332428,9.41675503711559,-22.7358341217041,53.0400009155273
4115101,"PR","MARILUZ",9148,"0",32.06132879046,8.427,64.6989974975586,34.984001159668,0.541999995708466,7.03090013434841,-24.0022220611572,53.146110534668
4115200,"PR","MARINGA",170520,"1",9.14996661069365,12.437,15.7299995422363,11.8929996490479,0.504999995231628,19.6633624183778,-23.4252777099609,51.9386100769043
4115309,"PR","MARIOPOLIS",4752,"0",26.0368098159509,7.381,62.8230018615723,19.2390003204346,0.537000000476837,16.6520979020979,-26.3547229766846,52.5586128234863
4115358,"PR","MARIPA",4713,"0",21.002132196162,6.151,47.0709991455078,12.5459995269775,0.624000012874603,8.78661087866109,-24.4183330535889,53.8300018310547
4115408,"PR","MARMELEIRO",10141,"0",22.4053391446472,5.618,66.4469985961914,20.4440002441406,0.583000004291534,25.6848944233893,-26.1494445800781,53.0261116027832
4115457,"PR","MARQUINHO",3866,"0",39.1121316494451,9.796,88.7900009155273,25.6189994812012,0.540000021457672,11.2751584372171,-25.1133327484131,52.2541656494141
4115507,"PR","MARUMBI",4132,"0",27.3362154971733,8.26,54.7690010070801,25.1790008544922,0.522000014781952,10.7013738250181,-23.706111907959,51.6394462585449
4115606,"PR","MATELANDIA",9915,"0",28.1017369727047,7.864,50.0089988708496,21.7210006713867,0.545000016689301,14.9249093733817,-25.2408332824707,53.9963874816895
4115705,"PR","MATINHOS",11016,"0",30.0516994830052,9.036,26.4440002441406,10.0480003356934,0.513000011444092,10.2578538452877,-25.8174991607666,48.5427780151367
4115739,"PR","MATO RICO",3760,"0",38.1666666666667,12.384,90.9069976806641,38.8390007019043,0.509999990463257,10.8474576271186,-24.7052783966064,52.146110534668
4115754,"PR","MAUA DA SERRA",4781,"0",38.4158415841584,9.678,62.0769996643066,39.7190017700195,0.572000026702881,6.54091131798138,-23.901388168335,51.2294425964355
4115804,"PR","MEDIANEIRA",23994,"0",28.8724345276549,9.825,40.3359985351562,12.9139995574951,0.564999997615814,22.793113908691,-25.2952785491943,54.0938873291016
4115853,"PR","MERCEDES",3641,"0",15.85482330468,3.182,41.7249984741211,9.56099987030029,0.526000022888184,10.6826620965438,-24.4538879394531,54.1616668701172
4115903,"PR","MIRADOR",2130,"0",33.5575485799701,9.696,66.9970016479492,37.5929985046387,0.481000006198883,11.8363370677058,-23.2574996948242,52.7763900756836
4116000,"PR","MIRASELVA",1791,"0",20.4844290657439,7.954,56.3580017089844,28.9009990692139,0.495000004768372,7.10508162796045,-22.9661102294922,51.4847221374512
4116059,"PR","MISSAL",8072,"0",19.31055066408,4.978,52.201000213623,10.1389999389648,0.611999988555908,28.742746615087,-25.0919437408447,54.247501373291
4116109,"PR","MOREIRA SALLES",11523,"0",39.4195250659631,12.588,60.5900001525879,33.318000793457,0.522000014781952,6.61832201211676,-24.0622215270996,53.0069427490234
4116208,"PR","MORRETES",10666,"0",32.9810205705194,15.766,52.6209983825684,16.826000213623,0.532999992370605,11.6771608471666,-25.4769439697266,48.8344459533691
4116307,"PR","MUNHOZ DE MELLO",3222,"0",22.4894514767932,7.661,60.9010009765625,30.7730007171631,0.504999995231628,9.41024814695456,-23.1480560302734,51.7738876342773
4116406,"PR","NOSSA SENHORA DAS GRACAS",3220,"0",24.4576775840068,8.131,53.1730003356934,34.8330001831055,0.500999987125397,6.80117149365441,-22.913610458374,51.7944450378418
4116505,"PR","NOVA ALIANCA DO IVAI",1309,"0",19.8824681684623,5.831,72.2190017700195,35.1710014343262,0.519999980926514,5.92160133444537,-23.1766662597656,52.6019439697266
4116604,"PR","NOVA AMERICA DA COLINA",3308,"0",28.7689562890277,14.893,66.2620010375977,35.6599998474121,0.470999985933304,7.24683544303797,-23.3305549621582,50.7174987792969
4116703,"PR","NOVA AURORA",11273,"0",31.2923493901688,9.223,50.9790000915527,24.6299991607666,0.513999998569489,8.95589966494612,-24.5294437408447,53.2555541992188
4116802,"PR","NOVA CANTU",8089,"0",32.8386686453254,9.468,62.1430015563965,34.6259994506836,0.5799999833107,13.1612250063275,-24.6730556488037,52.5694427490234
4116901,"PR","NOVA ESPERANCA",17840,"0",35.4486795716091,11.028,36.3019981384277,22.5750007629395,0.519999980926514,15.2825070698909,-23.1836109161377,52.2047233581543
4116950,"PR","NOVA ESPERANCA DO SUDOESTE",3991,"0",19.0707350901526,5.361,82.8639984130859,25.8920001983643,0.565999984741211,16.1273349118653,-25.9072227478027,53.2625007629395
4117008,"PR","NOVA FATIMA",6796,"0",32.2587064676617,11.978,63.9529991149902,32.1150016784668,0.592999994754791,7.57245247740729,-23.432222366333,50.5638885498047
4117057,"PR","NOVA LARANJEIRAS",7775,"0",31.9754350051177,9.194,87.0370025634766,33.4329986572266,0.542999982833862,20.6772633033863,-25.3069438934326,52.541389465332
4117107,"PR","NOVA LONDRINA",9990,"0",27.6542229282499,9.771,39.5,22.2880001068115,0.532000005245209,8.24795081967213,-22.765832901001,52.9850006103516
4117206,"PR","NOVA OLIMPIA",5025,"0",30.2028985507246,7.743,55.3359985351562,36.8759994506836,0.542999982833862,8.89997920565606,-23.47194480896,53.0886116027832
4117214,"PR","NOVA SANTA BARBARA",3577,"0",20.616570327553,9.961,63.8619995117188,36.6590003967285,0.58899998664856,6.66247642991829,-23.585277557373,50.585277557373
4117222,"PR","NOVA SANTA ROSA",5394,"0",15.4987993887797,3.219,38.6349983215332,9.0959997177124,0.532000005245209,6.95538057742782,-24.4663887023926,53.9533348083496
4117255,"PR","NOVA PRATA DO IGUACU",9093,"0",25.5148741418764,4.773,69.1809997558594,29.3339996337891,0.605000019073486,22.8551974580118,-25.6324996948242,53.3466682434082
4117271,"PR","NOVA TEBAS",8804,"0",30.4203970416504,11.53,80.0299987792969,45.226001739502,0.493999987840652,11.4330180773375,-24.4380550384521,51.9452781677246
4117297,"PR","NOVO ITACOLOMI",2736,"0",34.3169919086149,5.901,65.7180023193359,30.9519996643066,0.510999977588654,9.57962813257882,-23.7638893127441,51.5069427490234
4117305,"PR","ORTIGUEIRA",17810,"0",27.9581236812206,10.949,75.8570022583008,47.3139991760254,0.514999985694885,8.80080221789654,-24.2083339691162,50.9494438171387
4117404,"PR","OURIZONA",3074,"0",22.9835212489159,8.284,53.2890014648438,28.3449993133545,0.578000009059906,16.0614525139665,-23.4050006866455,52.1988906860352
4117453,"PR","OURO VERDE DO OESTE",4921,"0",29.7013720742534,8.173,69.5429992675781,23.492000579834,0.59500002861023,12.8583654257595,-24.773889541626,53.901668548584
4117503,"PR","PAICANDU",16143,"0",35.5303332005841,13.698,41.1199989318848,25.6749992370605,0.372999995946884,13.6734411724043,-23.4575004577637,52.0486106872559
4117602,"PR","PALMAS",18966,"0",33.780518819939,9.511,52.3409996032715,19.556999206543,0.606000006198883,14.9499053511242,-26.484167098999,51.9905548095703
4117701,"PR","PALMEIRA",19368,"0",34.0491502067065,11.92,52.4020004272461,12.3990001678467,0.577000021934509,18.1247653274688,-25.4294452667236,50.0063896179199
4117800,"PR","PALMITAL",11397,"0",39.8751115075825,9.592,84.4420013427734,32.0550003051758,0.624000012874603,9.2711312752737,-24.8930549621582,52.2027778625488
4117909,"PR","PALOTINA",17667,"0",28.2516510253737,8.063,39.6139984130859,13.625,0.578000009059906,15.8038147138965,-24.2838897705078,53.8400001525879
4118006,"PR","PARAISO DO NORTE",6579,"0",29.8121661209719,10.644,53.5169982910156,29.9069995880127,0.540000021457672,15.4318074563473,-23.280834197998,52.602222442627
4118105,"PR","PARANACITY",6307,"0",32.9787234042553,11.017,54.0379981994629,30.1569995880127,0.504999995231628,12.0227729403885,-22.9300003051758,52.1511116027832
4118204,"PR","PARANAGUA",69594,"1",9.73680402591765,10.693,29.8530006408691,11.3529996871948,0.51800000667572,20.5421616585139,-25.5200004577637,48.5091667175293
4118303,"PR","PARANAPOEMA",1953,"0",18.3540169823645,7.646,66.4919967651367,37.6669998168945,0.479000002145767,24.1211465657112,-22.6336116790771,52.0977783203125
4118402,"PR","PARANAVAI",50392,"1",7.79336893083323,9.785,35.984001159668,18.8570003509521,0.556999981403351,10.8265062739811,-23.073055267334,52.4652786254883
4118451,"PR","PATO BRAGADO",3484,"0",10.8886547242712,3.004,47.0830001831055,10.1040000915527,0.540000021457672,14.1527001862197,-24.6263885498047,54.224723815918
4118501,"PR","PATO BRANCO",39022,"0",21.923029632362,7.749,36.4729995727539,12.826000213623,0.583000004291534,18.0367902742017,-26.2286109924316,52.6705551147461
4118600,"PR","PAULA FREITAS",3635,"0",30.9749492213947,11.474,77.8720016479492,12.4860000610352,0.519999980926514,13.312157089229,-26.2083339691162,50.9380569458008
4118709,"PR","PAULO FRONTIN",4500,"0",35.6859635210151,10.649,61.2620010375977,11.5749998092651,0.582000017166138,13.5285913528591,-26.039722442627,50.8358345031738
4118808,"PR","PEABIRU",10248,"0",26.9332979006112,12.533,61.3300018310547,26.0349998474121,0.541999995708466,8.95400895400896,-23.9127769470215,52.3430557250977
4118857,"PR","PEROBAL",3444,"0",34.3273905996759,9.688,67.4680023193359,32.6660003662109,0.467999994754791,11.2751584372171,-23.896110534668,53.4097213745117
4118907,"PR","PEROLA",8949,"0",24.9207144049407,8.227,60.0190010070801,26.4580001831055,0.615000009536743,7.89066059225512,-23.8047218322754,53.6836128234863
4119004,"PR","PEROLA D OESTE",5524,"0",24.0785064624222,4.476,72.0709991455078,15.1110000610352,0.676999986171722,20.9265370981543,-25.8241672515869,53.7400016784668
4119103,"PR","PIEN",5705,"0",37.0044052863436,7.923,50.2519989013672,12.9169998168945,0.428000003099442,9.0139808682855,-26.0980548858643,49.4291648864746
4119152,"PR","PINHAIS",52884,"1",12.725144806792,17.258,21.8169994354248,13.2770004272461,0.426999986171722,19.5498491422027,-25.4447231292725,49.1925010681152
4119202,"PR","PINHALAO",4837,"0",35.0670681631536,10.008,76.1399993896484,33.226001739502,0.575999975204468,7.61223162003904,-23.7924995422363,50.0558319091797
4119251,"PR","PINHAL DE SAO BENTO",2323,"0",20.898315658141,5.293,82.640998840332,25.2259998321533,0.569000005722046,29.5432458697765,-26.0302772521973,53.4830551147461
4119301,"PR","PINHAO",16863,"0",35.4862712999479,12.974,76.7559967041016,35.7509994506836,0.575999975204468,18.3150558573332,-25.6955547332764,51.6597213745117
4119400,"PR","PIRAI DO SUL",15001,"0",35.8889317392981,10.547,68.5019989013672,19.1429996490479,0.606000006198883,14.3388545760809,-24.5261116027832,49.9486122131348
4119509,"PR","PIRAQUARA",23810,"0",32.3939340813464,15.647,26.9020004272461,16.746000289917,0.421000003814697,20.4812563323202,-25.4416675567627,49.0633316040039
4119608,"PR","PITANGA",23992,"0",29.9016612034002,7.749,79.0449981689453,26.2730007171631,0.721000015735626,12.660310338381,-24.7572231292725,51.7613906860352
4119657,"PR","PITANGUEIRAS",2008,"0",25.3813300793167,6.786,63.2210006713867,27.7959995269775,0.481000006198883,6.07064017660044,-23.2305564880371,51.5855560302734
4119707,"PR","PLANALTINA DO PARANA",3027,"0",29.3555093555094,5.768,64.2060012817383,29.2210006713867,0.574999988079071,13.0288784419073,-23.0066661834717,52.9138870239258
4119806,"PR","PLANALTO",11644,"0",17.8775708896191,4.667,67.0759963989258,17.2520008087158,0.512000024318695,27.4085138162808,-25.7161102294922,53.7661094665527
4119905,"PR","PONTA GROSSA",157148,"1",8.53377939640326,12.253,37.7809982299805,10.6470003128052,0.560000002384186,19.8895431526059,-25.0949993133545,50.1619453430176
4119954,"PR","PONTAL DO PARANA",3963,"0",28.6711543256046,9.237,53.3079986572266,11.1999998092651,0.486000001430511,11.2751584372171,-25.6736106872559,48.5111122131348
4120002,"PR","PORECATU",13934,"0",28.1082605018325,8.721,31.6940002441406,22.8449993133545,0.449000000953674,19.1373630583008,-22.7558326721191,51.3791656494141
4120101,"PR","PORTO AMAZONAS",2993,"0",39.3014853472501,8.951,64.5970001220703,19.0400009155273,0.535000026226044,14.9657410746484,-25.5447216033936,49.8902778625488
4120150,"PR","PORTO BARREIRO",3308,"0",23.9043824701195,5.131,85.6740036010742,25.8929996490479,0.545000016689301,11.2751584372171,-25.5472221374512,52.408332824707
4120200,"PR","PORTO RICO",2848,"0",24.7359644246804,8.525,73.5350036621094,38.0870018005371,0.578999996185303,7.12008501594049,-22.7722225189209,53.2669448852539
4120309,"PR","PORTO VITORIA",2920,"0",24.3434764485202,8.845,55.6910018920898,15.8439998626709,0.519999980926514,11.4769820971867,-26.161111831665,51.2316665649414
4120333,"PR","PRADO FERREIRA",2852,"0",24.0546697038724,7.523,63.6959991455078,32.8530006408691,0.458999991416931,11.2751584372171,-23.0394439697266,51.4422225952148
4120358,"PR","PRANCHITA",4852,"0",24.1414659149154,5.994,61.6139984130859,19.6280002593994,0.593999981880188,24.804449852251,-26.0197219848633,53.7402763366699
4120408,"PR","PRESIDENTE CASTELO BRANCO",3794,"0",29.9569678914267,11.332,60.3040008544922,32.3759994506836,0.492000013589859,11.3713318284424,-23.27805519104,52.151668548584
4120507,"PR","PRIMEIRO DE MAIO",8172,"0",24.4941753525444,8.926,60.5169982910156,27.5909996032715,0.519999980926514,10.2364185110664,-22.8505554199219,51.0283317565918
4120606,"PR","PRUDENTOPOLIS",31734,"0",37.8433030626126,11.425,80.1110000610352,15.0640001296997,0.606000006198883,8.26758491575288,-25.2130546569824,50.9777793884277
4120655,"PR","QUARTO CENTENARIO",4722,"0",33.4181240063593,15.733,56.8819999694824,32.9469985961914,0.497000008821487,11.2751584372171,-24.2794437408447,53.0763893127441
4120705,"PR","QUATIGUA",5507,"0",36.9732668781151,8.544,45.9889984130859,22.7220001220703,0.510999977588654,6.89785863179837,-23.5672225952148,49.9136123657227
4120804,"PR","QUATRO BARRAS",9492,"0",31.5765561108587,15.268,33.6780014038086,15.2130002975464,0.519999980926514,13.9586757454802,-25.3655548095703,49.0769462585449
4120853,"PR","QUATRO PONTES",2807,"0",10.3054989816701,1.763,45.2000007629395,5.51800012588501,0.518999993801117,12.697247706422,-24.5750007629395,53.9769439697266
4120903,"PR","QUEDAS DO IGUACU",17531,"0",37.6441830265068,8.894,64.7369995117188,20.4169998168945,0.564000010490417,15.9029776792034,-25.4497222900391,52.9080543518066
4121000,"PR","QUERENCIA DO NORTE",7822,"0",37.090645920029,9.045,69.4580001831055,39.1339988708496,0.623000025749207,17.4734519376638,-23.083610534668,53.4844436645508
4121109,"PR","QUINTA DO SOL",5023,"0",25.9159159159159,10.461,72.4530029296875,33.9809989929199,0.569999992847443,10.8846310640033,-23.852222442627,52.1297225952148
4121208,"PR","QUITANDINHA",9288,"0",33.5207560713004,8.608,72.1269989013672,26.2840003967285,0.46000000834465,7.79491938290222,-25.8724994659424,49.4977760314941
4121257,"PR","RAMILANDIA",2612,"0",27.9569892473118,12.995,70.7269973754883,31.6790008544922,0.540000021457672,8.64399836132733,-25.1202774047852,54.025276184082
4121307,"PR","RANCHO ALEGRE",3701,"0",32.7696354753852,9.605,55.3889999389648,25.6060009002686,0.524999976158142,4.79569366283337,-23.0699996948242,50.9130554199219
4121356,"PR","RANCHO ALEGRE D'OESTE",2641,"0",22.7391531625719,11.832,53.7290000915527,31.681999206543,0.569999992847443,5.2464947987336,-24.3066673278809,52.9544448852539
4121406,"PR","REALEZA",12061,"0",28.025693035835,8.535,54.3499984741211,18.8530006408691,0.616999983787537,20.4222944093007,-25.7688884735107,53.5325012207031
4121505,"PR","REBOUCAS",8716,"0",26.3789265396982,7.879,77.4909973144531,16.0090007781982,0.559000015258789,26.4970788704966,-25.6205558776855,50.6927795410156
4121604,"PR","RENASCENCA",5154,"0",22.089476359939,5.169,63.4729995727539,20.7700004577637,0.625999987125397,23.1483435323908,-26.1580562591553,52.9688873291016
4121703,"PR","RESERVA",15629,"0",28.5063330244053,8.575,77.1500015258789,38.0429992675781,0.522000014781952,17.3748564480173,-24.6502780914307,50.8505554199219
4121752,"PR","RESERVA DO IGUACU",4141,"0",30.8924485125858,9.944,67.681999206543,17.6800003051758,0.550000011920929,11.2751584372171,-25.838888168335,52.0280570983887
4121802,"PR","RIBEIRAO CLARO",8349,"0",31.8961724593049,9.822,63.8520011901855,27.2749996185303,0.596000015735626,9.73820665233337,-23.1941661834717,49.758056640625
4121901,"PR","RIBEIRAO DO PINHAL",10412,"0",29.3281480488132,10.822,69.7089996337891,37.0099983215332,0.555999994277954,9.14050437467833,-23.4074993133545,50.3566665649414
4122008,"PR","RIO AZUL",7799,"0",27.8260869565217,8.233,63.9959983825684,13.8570003509521,0.483999997377396,8.55461264713934,-25.7327785491943,50.7963905334473
4122107,"PR","RIO BOM",3523,"0",34.0734759790069,12.126,66.870002746582,36.7980003356934,0.531000018119812,10.496128477201,-23.7622222900391,51.4105567932129
4122156,"PR","RIO BONITO DO IGUACU",3851,"0",27.1791007284602,5.457,81.943000793457,28.2549991607666,0.504000008106232,26.3913824057451,-25.4905548095703,52.5258331298828
4122172,"PR","RIO BRANCO DO IVAI",2393,"0",33.4811529933481,11.078,82.9609985351562,54.8930015563965,0.495999991893768,11.2751584372171,-24.3241672515869,51.3125
4122206,"PR","RIO BRANCO DO SUL",19630,"0",41.1026264028694,16.277,58.773998260498,33.7879981994629,0.549000024795532,17.9126915293437,-25.1900005340576,49.3141670227051
4122305,"PR","RIO NEGRO",18080,"0",32.4038998944296,16.123,46.7490005493164,10.5740003585815,0.537999987602234,12.3219414971569,-26.1058330535889,49.7975006103516
4122404,"PR","ROLANDIA",30690,"0",28.1332357247438,12.354,33.9329986572266,21.2040004730225,0.532000005245209,10.0953041067406,-23.3097229003906,51.3691673278809
4122503,"PR","RONCADOR",11002,"0",35.3520718632281,12.915,69.7119979858398,29.9869995117188,0.521000027656555,15.8546361450076,-24.6027774810791,52.2750015258789
4122602,"PR","RONDON",6593,"0",30.4305283757339,9.046,62.7109985351562,26.9209995269775,0.547999978065491,9.05641702408446,-23.4108333587646,52.7613906860352
4122651,"PR","ROSARIO DO IVAI",7741,"0",24.158799322198,9.633,79.6220016479492,43.4169998168945,0.572000026702881,4.96613995485327,-24.2783336639404,51.2747230529785
4122701,"PR","SABAUDIA",3819,"0",27.0926339285714,7.941,47.1609992980957,21.4150009155273,0.467000007629395,6.54589371980676,-23.3174991607666,51.5525016784668
4122800,"PR","SALGADO FILHO",3841,"0",21.3404468156052,5.209,71.1019973754883,24.4619998931885,0.568000018596649,26.9375470278405,-26.1702785491943,53.3613891601562
4122909,"PR","SALTO DO ITARARE",4821,"0",39.5833333333333,6.828,78.4560012817383,36.5540008544922,0.508000016212463,5.89435502153707,-23.6013889312744,49.6258316040039
4123006,"PR","SALTO DO LONTRA",10561,"0",27.2335423197492,6.27,73.5589981079102,23.2110004425049,0.558000028133392,25.3118194416947,-25.7838897705078,53.3086128234863
4123105,"PR","SANTA AMELIA",3999,"0",32.8498912255257,13.199,61.7319984436035,31.2229995727539,0.560000002384186,6.92327563936967,-23.265832901001,50.4241676330566
4123204,"PR","SANTA CECILIA DO PAVAO",3911,"0",23.6328125,14.149,63.0029983520508,35.9949989318848,0.528999984264374,7.28545501685248,-23.5172214508057,50.7836112976074
4123303,"PR","SANTA CRUZ DO MONTE CASTELO",6637,"0",27.8343810969001,10.103,74.9860000610352,30.0200004577637,0.583000004291534,5.56159701724406,-22.953332901001,53.2972221374512
4123402,"PR","SANTA FE",6609,"0",32.4495892457058,9.334,46.3339996337891,27.8570003509521,0.542999982833862,12.4921728240451,-23.0375003814697,51.8052787780762
4123501,"PR","SANTA HELENA",14733,"0",18.0776575429663,4.009,50.8240013122559,15.0950002670288,0.580999970436096,23.3382030679328,-24.8602771759033,54.3327789306641
4123600,"PR","SANTA INES",1753,"0",23.7053245805981,8.082,56.265998840332,31.492000579834,0.472000002861023,11.7362371445856,-22.6375007629395,51.9025001525879
4123709,"PR","SANTA IZABEL DO IVAI",8351,"0",33.8161752026211,7.86,56.5989990234375,28.8959999084473,0.533999979496002,6.44076242680952,-23.0027770996094,53.1966667175293
4123808,"PR","SANTA IZABEL DO OESTE",8898,"0",26.2786319422655,7.21,70.3089981079102,22.0620002746582,0.568000018596649,23.6093660765277,-25.8211116790771,53.4844436645508
4123824,"PR","SANTA LUCIA",3827,"0",30.0696594427245,6.341,76.572998046875,25.7509994506836,0.559000015258789,11.8322802986789,-25.4069442749023,53.5658340454102
4123857,"PR","SANTA MARIA DO OESTE",8316,"0",36.5049214298049,11.559,90.8820037841797,32.8359985351562,0.476999998092651,18.3513374485597,-24.9391670227051,51.8624992370605
4123907,"PR","SANTA MARIANA",10759,"0",26.066940400647,10.893,51.2060012817383,35.8030014038086,0.573000013828278,10.6429522541373,-23.1508331298828,50.518611907959
4123956,"PR","SANTA MONICA",2570,"0",26.6075388026608,5.436,83.7529983520508,39.5779991149902,0.472000002861023,7.29483282674772,-23.1083335876465,53.1086120605469
4124004,"PR","SANTA ANA DO ITARARE",4643,"0",27.3706251869578,10.084,74.0019989013672,35.431999206543,0.583999991416931,8.06558830046532,-23.7549991607666,49.6291656494141
4124020,"PR","SANTA TEREZA DO OESTE",6545,"0",29.7823834196891,10.014,55.984001159668,25.8899993896484,0.515999972820282,11.7922889892324,-25.0522212982178,53.633056640625
4124053,"PR","SANTA TEREZINHA DE ITAIPU",10386,"0",26.0247444862829,8.873,45.8559989929199,18.6180000305176,0.555000007152557,15.6748911465893,-25.3622226715088,54.4880561828613
4124103,"PR","SANTO ANTONIO DA PLATINA",27321,"0",36.3247470101196,11.946,53.5919990539551,27.7250003814697,0.546999990940094,8.3731151019171,-23.2950000762939,50.077220916748
4124202,"PR","SANTO ANTONIO DO CAIUA",2822,"0",26.6537904394013,9.939,66.2409973144531,40.3740005493164,0.545000016689301,13.5775064742878,-22.7347221374512,52.3422241210938
4124301,"PR","SANTO ANTONIO DO PARAISO",2750,"0",31.2248418631397,8.795,59.2480010986328,32.6730003356934,0.5,10.6003039513678,-23.4936103820801,50.6455574035645
4124400,"PR","SANTO ANTONIO DO SUDOESTE",13216,"0",31.980420150928,7.963,69.0719985961914,24.0809993743896,0.574999988079071,17.3504273504273,-26.0736103057861,53.7252769470215
4124509,"PR","SANTO INACIO",4003,"0",20.0385356454721,9.316,45.8680000305176,28.6709995269775,0.508000016212463,11.7841689997455,-22.6977787017822,51.793888092041
4124608,"PR","SAO CARLOS DO IVAI",3757,"0",30.8912147161434,8.912,48.9599990844727,31.4699993133545,0.656000018119812,7.26752503576538,-23.3152770996094,52.4758338928223
4124707,"PR","SAO JERONIMO DA SERRA",8754,"0",28.8583863408102,12.793,77.0019989013672,40.6749992370605,0.544000029563904,7.56820877817319,-23.7275009155273,50.7411117553711
4124806,"PR","SAO JOAO",9664,"0",24.6367061356297,5.367,66.245002746582,19.6410007476807,0.541000008583069,19.7533535266119,-25.8277778625488,52.7252769470215
4124905,"PR","SAO JOAO DO CAIUA",4679,"0",31.0421286031042,14.996,65.2699966430664,35.0390014648438,0.542999982833862,12.0358235037134,-22.8519439697266,52.3369445800781
4125001,"PR","SAO JOAO DO IVAI",13110,"0",29.3200623575968,9.721,63.0989990234375,35.5940017700195,0.603999972343445,7.81556829785563,-23.9799995422363,51.8180541992188
4125100,"PR","SAO JOAO DO TRIUNFO",7952,"0",29.2573981016192,11.156,80.2760009765625,19.5739994049072,0.541999995708466,36.7078622140415,-25.6833324432373,50.2972221374512
4125209,"PR","SAO JORGE D OESTE",7945,"0",24.2989084802687,4.619,72.6340026855469,18.2140007019043,0.560000002384186,13.9605663623131,-25.7055549621582,52.9183349609375
4125308,"PR","SAO JORGE DO IVAI",5066,"0",24.3116883116883,5.437,46.5900001525879,19.8330001831055,0.560999989509583,12.731137088204,-23.4327774047852,52.2930564880371
4125357,"PR","SAO JORGE DO PATROCINIO",6339,"0",31.5589353612167,7.145,79.6559982299805,28.1560001373291,0.550000011920929,3.34890965732087,-23.7619438171387,53.8788871765137
4125407,"PR","SAO JOSE DA BOA VISTA",5530,"0",25.8719416970328,8.775,71.4120025634766,33.3899993896484,0.619000017642975,6.75851796685906,-23.9158325195312,49.6522216796875
4125456,"PR","SAO JOSE DAS PALMEIRAS",4200,"0",26.8126346015793,10.69,65.3310012817383,31.2040004730225,0.533999979496002,11.7562380038388,-24.8374996185303,54.0636100769043
4125506,"PR","SAO JOSE DOS PINHAIS",88993,"1",12.3586342539846,17.107,25.556999206543,11.2419996261597,0.493999987840652,17.0318868376888,-25.5347213745117,49.2063903808594
4125555,"PR","SAO MANOEL DO PARANA",2134,"0",33.8028169014084,8.113,70.3629989624023,30.0979995727539,0.493000000715256,4.541015625,-23.4033336639404,52.6438903808594
4125605,"PR","SAO MATEUS DO SUL",22181,"0",29.1962875197472,9.562,61.4099998474121,12.6350002288818,0.606000006198883,16.3234941204704,-25.8741664886475,50.3827781677246
4125704,"PR","SAO MIGUEL DO IGUACU",15809,"0",22.6067480673362,7.439,39.4780006408691,16.2369995117188,0.558000028133392,19.2173913043478,-25.3480548858643,54.2377777099609
4125753,"PR","SAO PEDRO DO IGUACU",5887,"0",30.8367071524966,9.449,60.8339996337891,29.2639999389648,0.510999977588654,11.0210099520826,-24.9355564117432,53.8552780151367
4125803,"PR","SAO PEDRO DO IVAI",7584,"0",27.5977456851004,9.286,52.7319984436035,29.1809997558594,0.510999977588654,14.839534223232,-23.8652782440186,51.856388092041
4125902,"PR","SAO PEDRO DO PARANA",2688,"0",21.8192285549799,7.39,73.963996887207,33.0900001525879,0.52999997138977,5.26932084309133,-22.8238887786865,53.2200012207031
4126009,"PR","SAO SEBASTIAO DA AMOREIRA",6686,"0",23.0298080849326,14.681,59.476001739502,34.3139991760254,0.537999987602234,8.91044776119403,-23.4652786254883,50.7611122131348
4126108,"PR","SAO TOME",3853,"0",30.7743436357594,11.753,61.0470008850098,26.6630001068115,0.527999997138977,9.95331069609508,-23.5377769470215,52.5908317565918
4126207,"PR","SAPOPEMA",5324,"0",29.9757281553398,10.641,81.5660018920898,37.890998840332,0.538999974727631,15.1106639839034,-23.9108333587646,50.5802764892578
4126256,"PR","SARANDI",35698,"0",36.5988098966489,15.778,37.8919982910156,23.2110004425049,0.400999993085861,19.9936173607787,-23.4436111450195,51.8738899230957
4126272,"PR","SAUDADE DO IGUACU",3024,"0",26.3092783505155,6.599,72.3759994506836,22.0960006713867,0.497000008821487,27.7426160337553,-25.6944446563721,52.6188888549805
4126306,"PR","SENGES",10158,"0",30.9526634238937,11.585,63.0629997253418,24.7220001220703,0.586000025272369,10.917440768187,-24.1127777099609,49.4636116027832
4126355,"PR","SERRANOPOLIS DO IGUACU",3767,"0",16.5202108963093,4.005,44.3619995117188,9.77000045776367,0.563000023365021,11.2751584372171,-25.3799991607666,54.0516662597656
4126405,"PR","SERTANEJA",5339,"0",32.2144288577154,7.623,41.2480010986328,22.6520004272461,0.598999977111816,11.949069539667,-23.0369453430176,50.8383331298828
4126504,"PR","SERTANOPOLIS",10726,"0",34.702486678508,11.798,37.9000015258789,22.2670001983643,0.559000015258789,12.5958588957055,-23.0586109161377,51.0363883972168
4126603,"PR","SIQUEIRA CAMPOS",10279,"0",29.5641497851443,7.537,57.6629981994629,31.4820003509521,0.560000002384186,13.6735725113694,-23.6888885498047,49.8338890075684
4126652,"PR","SULINA",3809,"0",24.9611801242236,4.213,72.2129974365234,17.0520000457764,0.513000011444092,22.452934662237,-25.7019443511963,52.7222213745117
4126678,"PR","TAMARANA",7831,"0",38.3486864551348,19.563,69.4589996337891,36.3349990844727,0.680999994277954,11.2751584372171,-23.7233333587646,51.0972213745117
4126702,"PR","TAMBOARA",4016,"0",35.7189119170984,10.527,69.1330032348633,30.1669998168945,0.510999977588654,8.00542740841248,-23.2002773284912,52.4686126708984
4126801,"PR","TAPEJARA",9795,"0",42.5728893187785,9.8,55.265998840332,29.0520000457764,0.507000029087067,6.82521062173403,-23.7330551147461,52.8733329772949
4126900,"PR","TAPIRA",5736,"0",32.4183365358221,10.127,70.6839981079102,35.3279991149902,0.535000026226044,9.0290218559656,-23.3227787017822,53.0680541992188
4127007,"PR","TEIXEIRA SOARES",5315,"0",28.7761852260198,8.178,71.9670028686523,15.0579996109009,0.597000002861023,14.9625044637543,-25.3683338165283,50.4605560302734
4127106,"PR","TELEMACO BORBA",38536,"0",16.6588544107997,12.073,33.6829986572266,19.7600002288818,0.52700001001358,23.5875808914419,-24.3238887786865,50.6155548095703
4127205,"PR","TERRA BOA",12371,"0",34.607358594179,11.489,62.6319999694824,28.3059997558594,0.500999987125397,6.30538513974097,-23.7680549621582,52.4441680908203
4127304,"PR","TERRA RICA",10457,"0",33.2881773399015,9.58,54.0359992980957,32.101001739502,0.619000017642975,9.16022974846504,-22.7094440460205,52.616943359375
4127403,"PR","TERRA ROXA",15146,"0",34.1590612777053,6.504,62.0950012207031,24.6979999542236,0.531000018119812,11.9908126731068,-24.156665802002,54.0969429016113
4127502,"PR","TIBAGI",10624,"0",34.0960284528749,13.028,72.7310028076172,30.75,0.541000008583069,12.9284249585001,-24.5094451904297,50.4136123657227
4127601,"PR","TIJUCAS DO SUL",8067,"0",41.4278929871775,12.012,59.5610008239746,22.80299949646,0.514999985694885,9.58690568978956,-25.9280548095703,49.1988906860352
4127700,"PR","TOLEDO",56766,"1",7.03878941993038,11.202,35.9090003967285,14.4399995803833,0.566999971866608,17.6077586206897,-24.7136116027832,53.7430572509766
4127809,"PR","TOMAZINA",7846,"0",32.9787234042553,14.633,76.5019989013672,32.4080009460449,0.605000019073486,7.12372790573112,-23.7783336639404,49.9497222900391
4127858,"PR","TRES BARRAS DO PARANA",10653,"0",31.0728594746995,8.601,74.6650009155273,26.42799949646,0.632000029087067,8.79184301654482,-25.418888092041,53.1808319091797
4127882,"PR","TUNAS DO PARANA",2542,"0",37.0591427021161,20.942,73.484001159668,61.6640014648438,0.495999991893768,7.44821507271926,-24.9744453430176,49.0858345031738
4127908,"PR","TUNEIRAS DO OESTE",7594,"0",36.1506746626687,10.195,69.1969985961914,34.5060005187988,0.50900000333786,6.8148736271007,-23.8705558776855,52.8761100769043
4127957,"PR","TUPASSI",6740,"0",27.0408163265306,5.689,59.4980010986328,20.2970008850098,0.560000002384186,8.17843866171004,-24.5877780914307,53.5116653442383
4127965,"PR","TURVO",10069,"0",37.0880841999749,8.601,73.2080001831055,28.1720008850098,0.603999972343445,23.4504583151462,-25.0427780151367,51.5297241210938
4128005,"PR","UBIRATA",19005,"0",26.7428992991516,11.903,52.3779983520508,23.0510005950928,0.625999987125397,8.74252835037149,-24.5452785491943,52.9877777099609
4128104,"PR","UMUARAMA",63492,"1",7.16049382716049,10.966,33.8250007629395,20.1299991607666,0.537999987602234,11.9721598698384,-23.7663879394531,53.3250007629395
4128203,"PR","UNIAO DA VITORIA",32632,"0",20.5197497501203,11.744,43.5369987487793,10.0659999847412,0.50900000333786,19.1560830480822,-26.2299995422363,51.0863876342773
4128302,"PR","UNIFLOR",2742,"0",28.7869264613451,8.605,55.0730018615723,33.1279983520508,0.497000008821487,20.4769114307343,-23.0869445800781,52.1572227478027
4128401,"PR","URAI",9301,"0",28.5468121769098,11.774,58.5880012512207,24.9729995727539,0.61599999666214,11.5851759576456,-23.1975002288818,50.7963905334473
4128500,"PR","WENCESLAU BRAZ",14832,"0",35.8987875593042,10.822,59.3839988708496,28.1809997558594,0.540000021457672,10.324146794231,-23.8738880157471,49.8027763366699
4128534,"PR","VENTANIA",4463,"0",26.2519768054823,9.69,74.7310028076172,42.6139984130859,0.5,14.3339392365619,-24.2458324432373,50.2427787780762
4128559,"PR","VERA CRUZ DO OESTE",7940,"0",33.437717466945,11.464,65.0110015869141,26.798999786377,0.603999972343445,8.00103909598649,-25.0577774047852,53.8769454956055
4128609,"PR","VERE",7425,"0",19.22099915326,4.398,74.5380020141602,24.007999420166,0.577000021934509,28.5870009538084,-25.8813896179199,52.9077758789062
4128625,"PR","VILA ALTA",2292,"0",33.7429595494112,9.082,64.9929962158203,34.5519981384277,0.46900001168251,12.3195703256126,-23.5083332061768,53.7277793884277
4128633,"PR","DOUTOR ULYSSES",3346,"0",44.6838572942423,12.669,83.1740036010742,43.8190002441406,0.49099999666214,5.57894736842105,-24.5680561065674,49.4197235107422
4128658,"PR","VIRMOND",2949,"0",26.8231349538977,5.614,65.1880035400391,17.0520000457764,0.521000027656555,17.9220779220779,-25.3811111450195,52.1994438171387
4128708,"PR","VITORINO",4438,"0",30.8473592571097,8.199,54.2529983520508,15.3070001602173,0.555000007152557,14.9263873159683,-26.2769451141357,52.7838897705078
4128807,"PR","XAMBRE",6737,"0",37.4181024023295,9.346,71.4779968261719,30.8850002288818,0.523000001907349,7.84,-23.7361106872559,53.4900016784668
4200051,"SC","ABDON BATISTA",2685,"0",24.3461721350452,11.016,61.8600006103516,17.9969997406006,0.47299998998642,8.65231259968102,-27.6111106872559,51.0224990844727
4200101,"SC","ABELARDO LUZ",9586,"0",29.5465869456901,8.387,58.4029998779297,24.1989994049072,0.558000028133392,24.780701754386,-26.5647220611572,52.3283348083496
4200200,"SC","AGROLANDIA",5164,"0",32.5551782682513,6.693,48.7299995422363,12.8459997177124,0.523999989032745,8.47390355229212,-27.4116668701172,49.825553894043
4200309,"SC","AGRONOMICA",3554,"0",22.6155358898722,4.314,45.3959999084473,10.7480001449585,0.513999998569489,13.0615888128533,-27.2649993896484,49.7111129760742
4200408,"SC","AGUA DOCE",4784,"0",26.9406392694064,10.376,55.9830017089844,16.3540000915527,0.547999978065491,10.9638811711904,-26.9977779388428,51.5561103820801
4200507,"SC","AGUAS DE CHAPECO",4692,"0",25.891677675033,5.928,64.3730010986328,17.9169998168945,0.541000008583069,26.4193115780063,-27.0702781677246,52.9866676330566
4200556,"SC","AGUAS FRIAS",2236,"0",16.8817204301075,3.295,60.5660018920898,17.0289993286133,0.5,29.9137539718566,-26.8799991607666,52.8591651916504
4200606,"SC","AGUAS MORNAS",4251,"0",26.9933976637887,4.957,49.4970016479492,15.4860000610352,0.425999999046326,6.63627152988855,-27.6938896179199,48.8236122131348
4200705,"SC","ALFREDO WAGNER",6817,"0",20.9066666666667,5.926,47.8089981079102,19.3780002593994,0.515999972820282,7.77928539122569,-27.7002773284912,49.333610534668
4200754,"SC","ALTO BELA VISTA",1863,"0",20.9446861404599,2.201,55.617000579834,8.78999996185303,0.492000013589859,11.2751584372171,-27.4575004577637,51.8788871765137
4200804,"SC","ANCHIETA",6394,"0",26.9158439116126,4.843,64.7070007324219,19.992000579834,0.52999997138977,27.6741590945321,-26.53444480896,53.3313903808594
4200903,"SC","ANGELINA",4978,"0",23.1141868512111,4.594,53.6809997558594,19.69700050354,0.495999991893768,8.50609104509511,-27.5686111450195,48.985279083252
4201000,"SC","ANITA GARIBALDI",8119,"0",34.2063351619182,8.883,79.5199966430664,29.1870002746582,0.582000017166138,9.68193384223919,-27.6891670227051,51.1300010681152
4201109,"SC","ANITAPOLIS",2845,"0",22.0549158547387,7.163,51.2430000305176,19.7980003356934,0.537000000476837,9.84208593463092,-27.9019451141357,49.1286125183105
4201208,"SC","ANTONIO CARLOS",4980,"0",25.1343797032896,3.349,38.7400016784668,14.3020000457764,0.476999998092651,7.00346921075455,-27.5169448852539,48.7675018310547
4201257,"SC","APIUNA",5811,"0",27.6287020473067,6.243,39.9179992675781,16.931999206543,0.472000002861023,12.470416894229,-27.0355548858643,49.389720916748
4201273,"SC","ARABUTA",2968,"0",21.1722912966252,2.165,41.1199989318848,8.44600009918213,0.521000027656555,24.9154453213078,-27.1602783203125,52.1416664123535
4201307,"SC","ARAQUARI",9324,"0",29.7107438016529,11.878,38.734001159668,12.789999961853,0.497000008821487,17.0946102243812,-26.3700008392334,48.7222213745117
4201406,"SC","ARARANGUA",33804,"0",26.8981214118287,5.802,29.8509998321533,12.4250001907349,0.474999994039536,20.7438386855863,-28.9347229003906,49.4858322143555
4201505,"SC","ARMAZEM",4623,"0",26.4379165638114,5.35,49.1879997253418,17.3570003509521,0.550000011920929,8.7061935199471,-28.2619438171387,49.0175018310547
4201604,"SC","ARROIO TRINTA",2662,"0",24.5791245791246,4.74,43.3349990844727,16.05299949646,0.504999995231628,13.7140637140637,-26.9327774047852,51.339168548584
4201653,"SC","ARVOREDO",1929,"0",15.6516789982925,2.972,43.7970008850098,17.8190002441406,0.474999994039536,29.9636803874092,-27.0744438171387,52.4558334350586
4201703,"SC","ASCURRA",4977,"0",29.8900595510765,7.609,20.4640007019043,12.2259998321533,0.416000008583069,18.1624840493407,-26.9552783966064,49.3755569458008
4201802,"SC","ATALANTA",3208,"0",16.1577608142494,3.556,41.1319999694824,11.9790000915527,0.485000014305115,8.93997445721584,-27.4200000762939,49.7811126708984
4201901,"SC","AURORA",4274,"0",24.5892809049286,4.371,31.4549999237061,8.69400024414062,0.472000002861023,18.9148830263813,-27.3150005340576,49.6375007629395
4201950,"SC","BALNEARIO ARROIO DO SILVA",2939,"0",20.5555555555556,3.631,31.2299995422363,15.2229995727539,0.409999996423721,11.2751584372171,-28.9838886260986,49.4127769470215
4202008,"SC","BALNEARIO DE CAMBORIU",36667,"0",29.1093254518026,8.623,17.2469997406006,7.5,0.547999978065491,14.2740312028183,-26.9905548095703,48.6347236633301
4202057,"SC","BALNEARIO DE BARRA DO SUL",3702,"0",21.2358999509564,4.887,39.2799987792969,13.0430002212524,0.458000004291534,9.65703971119134,-26.4555549621582,48.611946105957
4202073,"SC","BALNEARIO GAIVOTA",3078,"0",22.2469410456062,5.775,43.9020004272461,17.2049999237061,0.467000007629395,11.2751584372171,-29.156665802002,49.5794448852539
4202081,"SC","BANDEIRANTE",3058,"0",31.3323572474378,5.144,78.6949996948242,18.0289993286133,0.505999982357025,11.2751584372171,-26.768611907959,53.6383323669434
4202099,"SC","BARRA BONITA",1612,"0",22.0770738079686,3.91,75.6900024414062,17.4899997711182,0.52700001001358,11.2751584372171,-26.6544437408447,53.439998626709
4202107,"SC","BARRA VELHA",9290,"0",26.3503551802707,8.953,33.5480003356934,16.2520008087158,0.460999995470047,7.04616452620618,-26.6322231292725,48.6847229003906
4202131,"SC","BELA VISTA DO TOLDO",3546,"0",29.045643153527,5.973,76.9010009765625,18.0389995574951,0.492000013589859,11.2751584372171,-26.2733325958252,50.4644432067871
4202156,"SC","BELMONTE",2295,"0",31.8655851680185,6.103,73.245002746582,16.4400005340576,0.507000029087067,26.9161406672678,-26.8413887023926,53.575553894043
4202206,"SC","BENEDITO NOVO",6268,"0",31.6993464052288,4.476,26.1569995880127,8.28499984741211,0.416999995708466,6.7574298522331,-26.7827777862549,49.364444732666
4202305,"SC","BIGUACU",23466,"0",33.8894537387929,12.133,32.476001739502,15.5690002441406,0.465999990701675,14.9334832302792,-27.4941673278809,48.6555557250977
4202404,"SC","BLUMENAU",154398,"1",11.963952765693,11.35,8.99199962615967,4.52699995040894,0.474000006914139,20.4311578718872,-26.9194450378418,49.0661125183105
4202438,"SC","BOCAINA DO SUL",2367,"0",22.5086762518592,4.74,73.3470001220703,22.3199996948242,0.504000008106232,11.2751584372171,-27.7444438934326,49.9444427490234
4202453,"SC","BOMBINHAS",4279,"0",25.8358662613982,4.985,35.7410011291504,12.6960000991821,0.458999991416931,8.89504462911665,-27.1316661834717,48.5277786254883
4202503,"SC","BOM JARDIM DA SERRA",3685,"0",26.3083948015455,8.048,65.8809967041016,20.9029998779297,0.574000000953674,5.47591743119266,-28.3369445800781,49.6247215270996
4202537,"SC","BOM JESUS",1521,"0",22.1407624633431,6.666,69.5419998168945,19.3799991607666,0.591000020503998,11.2751584372171,-26.7338886260986,52.3941650390625
4202578,"SC","BOM JESUS DO OESTE",1692,"0",21.4236824093087,3.6,63.5390014648438,11.9589996337891,0.476999998092651,11.2751584372171,-26.6897220611572,53.098331451416
4202602,"SC","BOM RETIRO",6032,"0",20.8607907742998,6.023,57.507999420166,21.8540000915527,0.497999995946884,9.81510281665803,-27.7972221374512,49.4891662597656
4202701,"SC","BOTUVERA",3154,"0",22.972972972973,8.095,29.617000579834,13.3520002365112,0.418999999761581,13.754524514643,-27.1994438171387,49.0747222900391
4202800,"SC","BRACO DO NORTE",13019,"0",22.9916234543279,4.706,35.4210014343262,10.6759996414185,0.460999995470047,10.9264853977845,-28.2749996185303,49.1655540466309
4202859,"SC","BRACO DO TROMBUDO",2397,"0",26.4383561643836,4.677,47.1049995422363,12.3330001831055,0.493000000715256,5.53016453382084,-27.3577785491943,49.885555267334
4202875,"SC","BRUNOPOLIS",2449,"0",32.7709611451943,8.764,79.8130035400391,36.7550010681152,0.477999985218048,11.2751584372171,-27.3058338165283,50.8683319091797
4202909,"SC","BRUSQUE",43659,"1",7.70718966893183,6.602,6.69399976730347,7.56699991226196,0.409999996423721,23.970680729595,-27.0980548858643,48.9174995422363
4203006,"SC","CACADOR",37811,"0",31.8158521511049,10.75,39.132999420166,14.0970001220703,0.524999976158142,24.3148573670347,-26.7752780914307,51.0149993896484
4203105,"SC","CAIBI",5033,"0",29.9638989169675,8.207,51.0750007629395,13.6230001449585,0.606000006198883,20.5333333333333,-27.0716667175293,53.2477760314941
4203154,"SC","CALMON",2280,"0",22.5100748416811,8.656,65.1900024414062,26.7660007476807,0.51800000667572,24.3256997455471,-26.5997219085693,51.0972213745117
4203204,"SC","CAMBORIU",17525,"0",32.2668076948503,9.725,22.9069995880127,16.5289993286133,0.462000012397766,11.378541004665,-27.0252780914307,48.6544456481934
4203253,"SC","CAPAO ALTO",2190,"0",19.5920558239399,9.698,74.4010009765625,30.8819999694824,0.485000014305115,11.2751584372171,-27.9369449615479,50.5119438171387
4203303,"SC","CAMPO ALEGRE",7285,"0",37.2319688109162,11.499,53.765998840332,12.1429996490479,0.483999997377396,7.41006163107353,-26.1924991607666,49.2655563354492
4203402,"SC","CAMPO BELO DO SUL",6315,"0",29.3478260869565,9.986,78.765998840332,31.67799949646,0.551999986171722,9.56420492348636,-27.8991661071777,50.7608337402344
4203501,"SC","CAMPO ERE",8591,"0",31.792814788978,6.858,73.5339965820312,20.25,0.550999999046326,27.9363135333742,-26.3941669464111,53.0780563354492
4203600,"SC","CAMPOS NOVOS",20159,"0",29.1012838801712,8.371,55.0859985351562,20.3920001983643,0.568000018596649,14.0033020507473,-27.4016666412354,51.2249984741211
4203709,"SC","CANELINHA",6024,"0",30.7571903737038,6.923,34.5979995727539,20.2390003204346,0.474000006914139,10.1127617683909,-27.2649993896484,48.7677764892578
4203808,"SC","CANOINHAS",34422,"0",31.4705781083221,10.107,55.2649993896484,10.5939998626709,0.550000011920929,13.5898282694848,-26.1772212982178,50.3899993896484
4203907,"SC","CAPINZAL",11155,"0",29.9272903538536,5.704,38.8079986572266,14.8140001296997,0.495999991893768,18.6406844106464,-27.3436107635498,51.611946105957
4203956,"SC","CAPIVARI DE BAIXO",11642,"0",26.8491269374142,6.185,37.2680015563965,12.4490003585815,0.476999998092651,41.7783985102421,-28.4447231292725,48.9577789306641
4204004,"SC","CATANDUVAS",4835,"0",25.1290105452098,6.115,48.1069984436035,15.0089998245239,0.568000018596649,15.8943362435639,-27.0705547332764,51.6616668701172
4204103,"SC","CAXAMBU DO SUL",4736,"0",21.3699332991278,5.661,68.3789978027344,18.8840007781982,0.540000021457672,29.7433647729765,-27.161111831665,52.8786125183105
4204152,"SC","CELSO RAMOS",2605,"0",24.4258872651357,3.833,73.5309982299805,15.2069997787476,0.565999984741211,9.08037094281298,-27.6344451904297,51.3363876342773
4204178,"SC","CERRO NEGRO",3605,"0",32.0616570327553,8.516,85.8980026245117,37.6769981384277,0.554000020027161,11.3091579594345,-27.7952785491943,50.8758316040039
4204194,"SC","CHAPADAO DO LAGEADO",1976,"0",12.1329639889197,2.955,39.8489990234375,13.831000328064,0.46399998664856,11.2751584372171,-27.59055519104,49.5538902282715
4204202,"SC","CHAPECO",78281,"1",7.42350536829682,7.308,39.5509986877441,13.4160003662109,0.561999976634979,29.7073447736181,-27.0963897705078,52.6183319091797
4204251,"SC","COCAL DO SUL",8151,"0",29.2500322705563,5.503,16.5590000152588,9.49300003051758,0.412999987602234,40.6594903937866,-28.601110458374,49.3258323669434
4204301,"SC","CONCORDIA",40501,"1",7.42519493834822,5.812,33.8610000610352,11.0209999084473,0.575999975204468,32.8970675063964,-27.234167098999,52.0277786254883
4204350,"SC","CORDILHEIRA ALTA",2431,"0",22.1681415929204,3.461,57.9529991149902,13.4289999008179,0.569000005722046,37.4055975122168,-26.9844436645508,52.6033325195312
4204400,"SC","CORONEL FREITAS",7205,"0",27.0386266094421,5.761,56.9830017089844,18.9379997253418,0.551999986171722,31.4456459874787,-26.9086112976074,52.7030563354492
4204459,"SC","CORONEL MARTINS",2159,"0",21.2700369913687,3.199,76.8690032958984,21.5510005950928,0.513000011444092,28.4781516825716,-26.5122222900391,52.6691665649414
4204509,"SC","CORUPA",8322,"0",24.0713813615334,5.674,21.128999710083,8.44600009918213,0.488000005483627,13.0506329113924,-26.4252777099609,49.2430572509766
4204558,"SC","CORREIA PINTO",11120,"0",23.598954188928,8.681,37.0559997558594,18.6730003356934,0.428000003099442,19.2577636765696,-27.5847225189209,50.3611106872559
4204608,"SC","CRICIUMA",101730,"1",7.278773919969,8.602,18.0049991607666,8.47000026702881,0.500999987125397,32.2528906733198,-28.6774997711182,49.3697204589844
4204707,"SC","CUNHA PORA",8333,"0",20.1251600056891,3.703,55.515998840332,8.5319995880127,0.563000023365021,13.5181550539745,-26.893611907959,53.1680564880371
4204756,"SC","CUNHATAI",1293,"0",19.2409532215357,2.131,50.681999206543,5.44700002670288,0.439000010490417,11.2751584372171,-26.9694442749023,53.093334197998
4204806,"SC","CURITIBANOS",24892,"0",35.0626639463713,10.473,50.7179985046387,15.2589998245239,0.551999986171722,18.1139808227652,-27.2827777862549,50.5844459533691
4204905,"SC","DESCANSO",7523,"0",27.5892080069626,3.723,58.0909996032715,12.835000038147,0.545000016689301,35.1901220709976,-26.8261108398438,53.5016670227051
4205001,"SC","DIONISIO CERQUEIRA",10494,"0",29.7639014320733,8.365,71.3160018920898,23.1110000610352,0.632000029087067,25.1882991767385,-26.2549991607666,53.639720916748
4205100,"SC","DONA EMMA",2591,"0",24.9451032059728,3.334,50.3580017089844,11.0299997329712,0.462999999523163,13.8777152051488,-26.9847221374512,49.7255554199219
4205159,"SC","DOUTOR PEDRINHO",2352,"0",29.9208934388087,4.435,29.3509998321533,8.23999977111816,0.421000003814697,11.3156713066906,-26.7144451141357,49.4833335876465
4205175,"SC","ENTRE RIOS",2000,"0",31.4153439153439,9.512,86.4869995117188,37.0620002746582,0.574000000953674,11.2751584372171,-26.723611831665,52.5605545043945
4205191,"SC","ERMO",1798,"0",23.6244019138756,6.7,49.890998840332,21.6480007171631,0.568000018596649,11.2751584372171,-28.9825000762939,49.643611907959
4205209,"SC","ERVAL VELHO",3869,"0",38.3404394883568,14.21,53.2779998779297,16.1389999389648,0.523999989032745,10.4784816893879,-27.2755546569824,51.4419441223145
4205308,"SC","FAXINAL DOS GUEDES",6197,"0",25.9701492537313,6.057,50.8930015563965,20.44700050354,0.560999989509583,30.7141639679564,-26.8527774810791,52.2602767944336
4205357,"SC","FLOR DO SERTAO",1530,"0",19.9285075960679,3.328,79.5709991455078,23.4599990844727,0.550000011920929,11.2751584372171,-26.7775001525879,53.3474998474121
4205431,"SC","FORMOSA DO SUL",2173,"0",19.180421172453,3.454,73.2070007324219,16.4930000305176,0.542999982833862,45.5161626694473,-26.6469440460205,52.7941665649414
4205456,"SC","FORQUILHINHA",10424,"0",28.2525252525253,4.17,26.2210006713867,12.3409996032715,0.45100000500679,27.4238227146814,-28.7474994659424,49.4722213745117
4205506,"SC","FRAIBURGO",19956,"0",34.3851320055581,9.615,32.4199981689453,13.2910003662109,0.495000004768372,23.1432779297286,-27.0261116027832,50.9213905334473
4205555,"SC","FREI ROGERIO",2010,"0",19.3452380952381,5.168,56.0460014343262,13.8719997406006,0.531000018119812,11.2751584372171,-27.1747226715088,50.8047218322754
4205605,"SC","GALVAO",3283,"0",26.4778325123153,6.761,51.890998840332,23.1700000762939,0.49099999666214,29.3600490697199,-26.4549999237061,52.6858329772949
4205704,"SC","GAROPABA",9440,"0",22.7722772277228,7.431,54.4029998779297,28.7600002288818,0.488000005483627,12.8048780487805,-28.0233325958252,48.6133346557617
4205803,"SC","GARUVA",6807,"0",29.1468744062322,8.501,40.8209991455078,10.4860000610352,0.547999978065491,8.80573248407643,-26.0266666412354,48.8549995422363
4205902,"SC","GASPAR",25153,"0",31.0843373493976,6.459,13.8929996490479,8.04899978637695,0.414000004529953,19.2376963350785,-26.9313888549805,48.9588890075684
4206009,"SC","GOVERNADOR CELSO RAMOS",8405,"0",30.8883210581693,7.129,33.6459999084473,22.7810001373291,0.426999986171722,7.42323097463284,-27.3147220611572,48.5591659545898
4206108,"SC","GRAO PARA",4392,"0",22.1599219892735,7.736,38.3339996337891,12.8889999389648,0.609000027179718,12.6477541371158,-28.1849994659424,49.2147216796875
4206207,"SC","GRAVATAL",7614,"0",19.8085979036913,5.735,51.2210006713867,18.8369998931885,0.545000016689301,16.6574585635359,-28.331111907959,49.0352783203125
4206306,"SC","GUABIRUBA",7303,"0",29.7982551799346,3.338,10.2930002212524,6.78800010681152,0.356000006198883,23.9438657407407,-27.0858325958252,48.9811096191406
4206405,"SC","GUARACIABA",8797,"0",24.8389405869721,4.915,61.2919998168945,12.1979999542236,0.50900000333786,36.3519663904773,-26.5991668701172,53.5180549621582
4206504,"SC","GUARAMIRIM",14024,"0",28.3826400360414,8.37,13.0839996337891,9.99100017547607,0.381999999284744,15.1625953010736,-26.4730548858643,49.0027770996094
4206603,"SC","GUARUJA DO SUL",3988,"0",28.4153005464481,3.692,59.3489990234375,12.4099998474121,0.60699999332428,24.5584988962472,-26.3852787017822,53.5277786254883
4206652,"SC","GUATAMBU",3344,"0",23.8397328881469,5.323,64.1510009765625,20.7350006103516,0.493000000715256,33.1265081006549,-27.1319446563721,52.787223815918
4206702,"SC","HERVAL DO OESTE",12220,"0",29.0696604398638,8.987,41.6310005187988,13.5299997329712,0.497000008821487,20.3288364249578,-27.1936111450195,51.4947204589844
4206751,"SC","IBIAM",1560,"0",18.8096987509184,4.904,58.6800003051758,14.9340000152588,0.521000027656555,11.2751584372171,-27.1813888549805,51.236946105957
4206801,"SC","IBICARE",3287,"0",22.3711340206186,5.008,54.9199981689453,13.3959999084473,0.533999979496002,13.8035774552818,-27.0919437408447,51.3650016784668
4206900,"SC","IBIRAMA",10665,"0",23.3283326189456,4.852,31.3759994506836,9.67899990081787,0.469999998807907,10.8515157366287,-27.0569438934326,49.5177764892578
4207007,"SC","ICARA",26941,"0",26.7645646606914,5.139,31.9899997711182,12.8579998016357,0.437000006437302,29.4693477994861,-28.7133331298828,49.2999992370605
4207106,"SC","ILHOTA",7270,"0",34.3346303501946,5.063,29.3080005645752,13.8809995651245,0.407999992370605,15.4774318486519,-26.8997230529785,48.827220916748
4207205,"SC","IMARUI",12937,"0",20.8900876601483,9.124,64.6129989624023,26.9640007019043,0.629999995231628,15.6369245757896,-28.3413887023926,48.8199996948242
4207304,"SC","IMBITUBA",23225,"0",22.8323407691531,6.262,47.1419982910156,15.9200000762939,0.556999981403351,27.3792758824331,-28.2399997711182,48.6702766418457
4207403,"SC","IMBUIA",4000,"0",17.6074875694648,4.393,36.2190017700195,15.3090000152588,0.515999972820282,9.92021276595745,-27.4927768707275,49.4238891601562
4207502,"SC","INDAIAL",23658,"0",39.4951846273221,7.967,14.2819995880127,5.99200010299683,0.409000009298325,12.8152412280702,-26.897777557373,49.2316665649414
4207577,"SC","IOMERE",1958,"0",25.6396298312466,2.369,29.67799949646,13.826000213623,0.521000027656555,11.2751584372171,-27.0041675567627,51.2422218322754
4207601,"SC","IPIRA",3477,"0",27.504132231405,4.02,54.8639984130859,5.66900014877319,0.531000018119812,17.3860911270983,-27.4036102294922,51.7730560302734
4207650,"SC","IPORA DO OESTE",5836,"0",24.9495764421138,2.773,43.6040000915527,6.86399984359741,0.507000029087067,23.871543264942,-26.9883327484131,53.5352783203125
4207684,"SC","IPUACU",3449,"0",26.2755102040816,6.425,64.5670013427734,29.9619998931885,0.794000029563904,26.4749481174029,-26.6313896179199,52.4550018310547
4207700,"SC","IPUMIRIM",4976,"0",21.1767347855378,2.921,53.226001739502,13.1490001678467,0.547999978065491,36.2717695119329,-27.0766658782959,52.135555267334
4207759,"SC","IRACEMINHA",4037,"0",19.8209718670077,3.387,52.984001159668,11.5329999923706,0.517000019550323,27.8769071631756,-26.8225002288818,53.2744445800781
4207809,"SC","IRANI",5125,"0",29.8989898989899,5.53,61.810001373291,15.6599998474121,0.550999999046326,29.0368271954674,-27.0247230529785,51.901668548584
4207858,"SC","IRATI",2106,"0",22.7241139680334,4.73,71.7440032958984,19.511999130249,0.541999995708466,41.7238001958864,-26.6563892364502,52.8922233581543
4207908,"SC","IRINEOPOLIS",6571,"0",33.7467604590892,10.257,61.7830009460449,17.2250003814697,0.493000000715256,12.9491847395916,-26.2386112213135,50.7997207641602
4208005,"SC","ITA",4652,"0",28.0546420440172,8.012,53.9959983825684,12.5170001983643,0.515999972820282,23.3754829645241,-27.2905559539795,52.323055267334
4208104,"SC","ITAIOPOLIS",12620,"0",36.3694383661561,6.185,68.0230026245117,13.9720001220703,0.53600001335144,9.70686767169179,-26.336389541626,49.9063873291016
4208203,"SC","ITAJAI",86242,"1",10.2712339901155,10.495,17.6709995269775,8.73700046539307,0.47299998998642,17.1037118852306,-26.9077777862549,48.6619453430176
4208302,"SC","ITAPEMA",10950,"0",33.1454453950679,6.96,27.3509998321533,10.7250003814697,0.505999982357025,9.25883952855848,-27.0902786254883,48.6113891601562
4208401,"SC","ITAPIRANGA",10753,"0",23.3473980309423,3.146,50.4749984741211,6.94700002670288,0.545000016689301,23.2983274990276,-27.1694450378418,53.7122230529785
4208450,"SC","ITAPOA",4668,"0",28.5080855503391,6.444,42.3409996032715,12.1789999008179,0.513999998569489,8.30993823694554,-26.1169452667236,48.6161117553711
4208500,"SC","ITUPORANGA",13728,"0",14.9368920331216,4.579,31.6940002441406,13.0340003967285,0.597000002861023,12.7559783326727,-27.4144439697266,49.6025009155273
4208609,"SC","JABORA",3421,"0",24.574800416522,10.542,57.3400001525879,16.8169994354248,0.535000026226044,20.7209936382914,-27.1758327484131,51.7336120605469
4208708,"SC","JACINTO MACHADO",8790,"0",26.3316858868753,7.762,52.3629989624023,18.6189994812012,0.512000024318695,13.013698630137,-28.9974994659424,49.7636108398438
4208807,"SC","JAGUARUNA",9572,"0",20.3496081977095,6.491,40.0979995727539,21.9200000762939,0.486999988555908,17.2995780590717,-28.6149997711182,49.0255546569824
4208906,"SC","JARAGUA DO SUL",59778,"1",8.62140201074232,8.755,8.24499988555908,5.14599990844727,0.467000007629395,17.0317268278589,-26.4861106872559,49.0666656494141
4208955,"SC","JARDINOPOLIS",1485,"0",20.2238209432454,4.745,56.6319999694824,16.6830005645752,0.532000005245209,35.1056578050443,-26.7216663360596,52.8597221374512
4209003,"SC","JOACABA",16340,"0",22.9169554970193,5.868,24.5289993286133,8.80700016021729,0.596000015735626,19.1277541944613,-27.1780548095703,51.5047225952148
4209102,"SC","JOINVILLE",242932,"1",7.71521361677627,9.619,16.8729991912842,6.81099987030029,0.490000009536743,24.9972067279181,-26.3044452667236,48.8455543518066
4209151,"SC","JOSE BOITEUX",3262,"0",21.799178798059,5.696,46.234001159668,15.7340002059937,0.476999998092651,12.5488917861799,-26.9583339691162,49.6280555725098
4209177,"SC","JUPIA",1773,"0",26.8327402135231,6.275,78.4300003051758,25.1189994812012,0.524999976158142,11.2751584372171,-26.3983325958252,52.7277793884277
4209201,"SC","LACERDOPOLIS",1894,"0",21.3496218731821,4.483,32.6769981384277,11.7779998779297,0.469999998807907,12.7505567928731,-27.2600002288818,51.5558319091797
4209300,"SC","LAGES",94640,"1",4.6307900700062,10.627,40.3940010070801,13.5769996643066,0.560000002384186,13.0900390747435,-27.8161106109619,50.3261108398438
4209409,"SC","LAGUNA",34533,"0",24.7874338398498,8.849,49.0769996643066,15.5950002670288,0.492000013589859,19.6205234579952,-28.4825000762939,48.780834197998
4209458,"SC","LAGEADO GRANDE",1317,"0",23.9148936170213,5.017,66.4390029907227,15.2550001144409,0.541000008583069,23.7903225806452,-26.8580551147461,52.5672225952148
4209508,"SC","LAURENTINO",3742,"0",25.929203539823,2.295,35.101001739502,9.25399971008301,0.46000000834465,12.4471979724021,-27.216667175293,49.7330551147461
4209607,"SC","LAURO MULLER",10281,"0",27.3886056306806,6.166,43.9879989624023,13.2530002593994,0.425000011920929,24.1840065279478,-28.3927783966064,49.3966674804688
4209706,"SC","LEBON REGIS",7591,"0",36.707044947402,11.379,57.2779998779297,28.7040004730225,0.476999998092651,18.1477596283531,-26.9288883209229,50.6952781677246
4209805,"SC","LEOBERTO LEAL",3082,"0",21.4931237721022,3.569,36.0559997558594,20.9290008544922,0.40599998831749,7.20136518771331,-27.5069446563721,49.2869453430176
4209854,"SC","LINDOIA DO SUL",3684,"0",30.9000927930714,5.395,51.6389999389648,15.7349996566772,0.615000009536743,30.031223389157,-27.0533332824707,52.0666656494141
4209904,"SC","LONTRAS",6340,"0",29.6232549244597,8.454,41.5439987182617,14.4840002059937,0.517000019550323,10.5793035154316,-27.1661109924316,49.5419425964355
4210001,"SC","LUIZ ALVES",5102,"0",28.1500210703751,4.387,28.5599994659424,8.50599956512451,0.476999998092651,10.3796945934792,-26.7205562591553,48.9327774047852
4210035,"SC","LUZERNA",3948,"0",20.5420054200542,4.932,33.8530006408691,7.98099994659424,0.467000007629395,11.2751584372171,-27.1327781677246,51.4672241210938
4210050,"SC","MACIEIRA",1820,"0",29.616724738676,5,69.6070022583008,19.0830001831055,0.485000014305115,20.3848895224519,-26.8555564880371,51.3780555725098
4210100,"SC","MAFRA",34797,"0",34.2940226171244,12.338,43.5110015869141,9.18599987030029,0.49099999666214,16.0057852235748,-26.1113891601562,49.8052787780762
4210209,"SC","MAJOR GERCINO",3294,"0",29.9921383647799,4.377,58.0709991455078,15.4409999847412,0.495000004768372,8.36304700162074,-27.4180564880371,48.9513893127441
4210308,"SC","MAJOR VIEIRA",5161,"0",37.6514445479963,7.206,72.7210006713867,16.871000289917,0.535000026226044,18.7843057532019,-26.3677768707275,50.3280563354492
4210407,"SC","MARACAJA",4499,"0",31.6455696202532,5.401,42.3870010375977,16.3740005493164,0.455000013113022,21.1730348016549,-28.8466663360596,49.4527778625488
4210506,"SC","MARAVILHA",13213,"0",23.9885460927397,5.142,44.0050010681152,11.8760004043579,0.583000004291534,19.623828476056,-26.7608337402344,53.1725006103516
4210555,"SC","MAREMA",2027,"0",18.1369863013699,4.29,57.1940002441406,16.6079998016357,0.492000013589859,28.0904928629141,-26.8022212982178,52.6252784729004
4210605,"SC","MASSARANDUBA",8813,"0",31.8724609134556,4.643,23.0230007171631,10.2480001449585,0.493000000715256,9.9032373671007,-26.6105556488037,49.0083351135254
4210704,"SC","MATOS COSTA",2201,"0",25.0732278851787,7.112,60.3810005187988,16.4699993133545,0.513000011444092,18.2692307692308,-26.4730548858643,51.1483345031738
4210803,"SC","MELEIRO",6061,"0",22.6498181121961,4.41,36.2290000915527,18.5900001525879,0.560999989509583,14.3447779974834,-28.8286113739014,49.6358337402344
4210852,"SC","MIRIM DOCE",2460,"0",25.4951752158456,4.747,60.2789993286133,14.8610000610352,0.570999979972839,12.6306224443435,-27.1963882446289,50.0766677856445
4210902,"SC","MODELO",3127,"0",20.2577527184857,4.644,51.1479988098145,9.91300010681152,0.513000011444092,19.473302730128,-26.7783336639404,53.0552787780762
4211009,"SC","MONDAI",6987,"0",20.0316567006683,4.084,64.5899963378906,7.31300020217896,0.52999997138977,19.6547722657383,-27.1027774810791,53.4019432067871
4211058,"SC","MONTE CARLO",5441,"0",32.8567781465407,8.9,52.7050018310547,25.80299949646,0.467000007629395,12.7125850340136,-27.2227783203125,50.9797210693359
4211108,"SC","MONTE CASTELO",6670,"0",36.8190854870775,10.656,69.7279968261719,25.2660007476807,0.533999979496002,13.3664955070603,-26.4622230529785,50.2311096191406
4211207,"SC","MORRO DA FUMACA",9122,"0",25.5848496101003,8.146,21.9090003967285,14.0869998931885,0.545000016689301,21.2420267180166,-28.6508331298828,49.2099990844727
4211256,"SC","MORRO GRANDE",2026,"0",19.2684183410613,1.464,44.6419982910156,18.0739994049072,0.59500002861023,11.2026359143328,-28.8005561828613,49.720832824707
4211306,"SC","NAVEGANTES",21057,"0",32.4931880108992,8.544,28.8209991455078,14.8889999389648,0.425000011920929,16.9221634459678,-26.898889541626,48.654167175293
4211405,"SC","NOVA ERECHIM",2412,"0",16.5034965034965,3.433,46.1459999084473,11.0249996185303,0.523999989032745,34.8458149779736,-26.9025001525879,52.905834197998
4211454,"SC","NOVA ITABERABA",3395,"0",19.8947714567576,3.366,60.1910018920898,19.4360008239746,0.541999995708466,44.1285537700865,-26.9397220611572,52.8122215270996
4211504,"SC","NOVA TRENTO",7334,"0",36.8477758965676,6.335,26.2830009460449,12.0959997177124,0.439999997615814,12,-27.2858333587646,48.9297218322754
4211603,"SC","NOVA VENEZA",8002,"0",31.2155067976847,4.481,28.9360008239746,10.5220003128052,0.476999998092651,18.2248520710059,-28.6366672515869,49.4977760314941
4211652,"SC","NOVO HORIZONTE",2551,"0",29.1457286432161,5.009,65.2239990234375,17.0540008544922,0.513999998569489,39.3672406888266,-26.4444446563721,52.833610534668
4211702,"SC","ORLEANS",14041,"0",34.9960660896932,8.562,37.5830001831055,13.0649995803833,0.486000001430511,11.7355249518732,-28.3588886260986,49.291389465332
4211751,"SC","OTACILIO COSTA",10079,"0",26.3890630879217,6.799,31.3479995727539,16.4080009460449,0.500999987125397,24.9015748031496,-27.4830551147461,50.1219444274902
4211801,"SC","OURO",5013,"0",25.5929279862009,5.621,27.5919990539551,8.38500022888184,0.490000009536743,16.8205128205128,-27.3413887023926,51.6180572509766
4211850,"SC","OURO VERDE",1824,"0",15.1459854014599,4.273,71.4020004272461,17.5240001678467,0.574000000953674,29.1854072963518,-26.6944446563721,52.3119430541992
4211876,"SC","PAIAL",1692,"0",18.136908962597,3.518,71.7750015258789,15.9849996566772,0.570999979972839,11.2751584372171,-27.2522220611572,52.4980545043945
4211892,"SC","PAINEL",1882,"0",20.3256597417181,8.111,66.995002746582,19.4589996337891,0.514999985694885,11.2751584372171,-27.9288883209229,50.1049995422363
4211900,"SC","PALHOCA",45900,"1",11.8666019103124,14.011,25.7299995422363,14.0030002593994,0.432000011205673,15.7675576337032,-27.6452770233154,48.6677780151367
4212007,"SC","PALMA SOLA",5976,"0",32.8198258539853,7.882,68.9380035400391,19.6180000305176,0.551999986171722,32.2161782768907,-26.3474998474121,53.2783317565918
4212056,"SC","PALMEIRA",2017,"0",26.0042283298097,5.694,67.254997253418,21.6380004882812,0.519999980926514,11.2751584372171,-27.5827770233154,50.1594429016113
4212106,"SC","PALMITOS",12881,"0",29.2127003085498,17.847,62.8689994812012,11.0179996490479,0.560000002384186,14.1900409706902,-27.0674991607666,53.1611099243164
4212205,"SC","PAPANDUVA",11789,"0",38.7119893518992,7.701,60.2770004272461,16.3910007476807,0.512000024318695,25.6076624198066,-26.3702774047852,50.1444435119629
4212239,"SC","PARAISO",3833,"0",21.2585034013605,4.785,73.7099990844727,16.9810009002686,0.538999974727631,28.5634432643935,-26.6138896942139,53.6719436645508
4212254,"SC","PASSO DE TORRES",2835,"0",21.3229571984436,5.466,42.2970008850098,19.4529991149902,0.488000005483627,12.7335299901672,-29.3349990844727,49.7227783203125
4212270,"SC","PASSOS MAIA",2658,"0",23.2196806214933,4.194,73.9609985351562,22.0960006713867,0.537000000476837,20.3816131830009,-26.7800006866455,52.0594444274902
4212304,"SC","PAULO LOPES",5104,"0",28.0728376327769,11.749,50.2369995117188,30.7770004272461,0.456000000238419,8.68554522400676,-27.9616661071777,48.6836128234863
4212403,"SC","PEDRAS GRANDES",4211,"0",35.75,5.689,47.7280006408691,12.9770002365112,0.469999998807907,16.3525091799266,-28.4358329772949,49.185001373291
4212502,"SC","PENHA",10134,"0",32.5726670066293,8.525,36.6119995117188,14.793999671936,0.495000004768372,7.20740337506805,-26.7694435119629,48.6458320617676
4212601,"SC","PERITIBA",2613,"0",18.3647260273973,3.94,30.7849998474121,7.38800001144409,0.583000004291534,13.6363636363636,-27.3730564117432,51.9038887023926
4212700,"SC","PETROLANDIA",4794,"0",15.379113018598,2.985,49.798999786377,14.2760000228882,0.531000018119812,10.4774535809019,-27.5352783203125,49.698055267334
4212809,"SC","PICARRAS",7222,"0",26.7541645633518,6.428,40.5019989013672,13.9860000610352,0.527999997138977,10.0659547738693,-26.7638893127441,48.6716651916504
4212908,"SC","PINHALZINHO",8159,"0",24.9858276643991,4.352,43.0579986572266,11.4659996032715,0.559000015258789,28.393966282165,-26.8480548858643,52.991943359375
4213005,"SC","PINHEIRO PRETO",2012,"0",28.619153674833,13.375,32.0449981689453,9.52200031280518,0.555000007152557,10.3822314049587,-27.0505561828613,51.2308349609375
4213104,"SC","PIRATUBA",3723,"0",24.1965973534972,3.508,63.375,10.3360004425049,0.550999999046326,11.7176336096027,-27.4197216033936,51.7719459533691
4213153,"SC","PLANALTO ALEGRE",2143,"0",16.8469860896445,4.616,62.3740005493164,24.2040004730225,0.52999997138977,33.6604514229637,-27.0702781677246,52.8655548095703
4213203,"SC","POMERODE",14676,"0",28.3842185975185,9.116,11.4670000076294,2.60899996757507,0.397000014781952,12.1531512153151,-26.7405548095703,49.176944732666
4213302,"SC","PONTE ALTA",3830,"0",27.349319507453,7.682,59.3160018920898,21.57200050354,0.59500002861023,16.2503431237991,-27.484167098999,50.3802795410156
4213351,"SC","PONTE ALTA DO NORTE",1888,"0",29.9222797927461,9.869,57.4109992980957,31.3470001220703,0.512000024318695,14.2694063926941,-27.158332824707,50.4644432067871
4213401,"SC","PONTE SERRADA",7272,"0",30.1172529313233,6.66,59.1749992370605,17.5909996032715,0.535000026226044,21.8881017782276,-26.8716659545898,52.0158348083496
4213500,"SC","PORTO BELO",5581,"0",28.0112651646447,8.354,32.2569999694824,13.8159999847412,0.485000014305115,8.37631524654425,-27.1577777862549,48.5530548095703
4213609,"SC","PORTO UNIAO",21425,"0",47.1274273239113,14.763,44.4329986572266,7.6729998588562,0.540000021457672,15.4144637920163,-26.2380561828613,51.0783348083496
4213708,"SC","POUSO REDONDO",8715,"0",30.4106548279689,5.891,57.3680000305176,10.0509996414185,0.560999989509583,9.49940405244338,-27.2580547332764,49.9338874816895
4213807,"SC","PRAIA GRANDE",5915,"0",27.8722097071472,8.039,47.4970016479492,24.2089996337891,0.573000013828278,14.5814742102445,-29.1966667175293,49.9502792358398
4213906,"SC","PRESIDENTE CASTELO BRANCO",1736,"0",16.4469118667592,1.266,42.7760009765625,9.23200035095215,0.542999982833862,24.9844623990056,-27.2230548858643,51.8072204589844
4214003,"SC","PRESIDENTE GETULIO",8598,"0",27.8694917457429,3.696,29.0790004730225,7.85599994659424,0.43299999833107,10.7969778211065,-27.0505561828613,49.6227760314941
4214102,"SC","PRESIDENTE NEREU",2168,"0",15.0249376558603,3.613,46.6969985961914,19.1089992523193,0.446000009775162,8.2391713747646,-27.2772216796875,49.3902778625488
4214151,"SC","PRINCESA",2070,"0",20.7089552238806,2.872,74.5559997558594,19.2999992370605,0.537999987602234,11.2751584372171,-26.4419441223145,53.598331451416
4214201,"SC","QUILOMBO",7746,"0",24.4882012814502,4.664,63.443000793457,21.7019996643066,0.578000009059906,40.6441369925153,-26.726110458374,52.7205543518066
4214300,"SC","RANCHO QUEIMADO",2049,"0",22.2162452931684,3.698,54.2330017089844,18.5349998474121,0.492000013589859,7.85103170608958,-27.6725006103516,49.0216674804688
4214409,"SC","RIO DAS ANTAS",4342,"0",30.3466666666667,9.799,53.5330009460449,12.8660001754761,0.555000007152557,12.919584641391,-26.8986110687256,51.0744438171387
4214508,"SC","RIO DO CAMPO",4974,"0",28.390243902439,5.33,52.8390007019043,12.3229999542236,0.533999979496002,10.4633781763827,-26.9488887786865,50.1413879394531
4214607,"SC","RIO DO OESTE",5142,"0",34.0965767399683,4.494,41.1689987182617,9.65299987792969,0.535000026226044,12.5277385515433,-27.1924991607666,49.7966651916504
4214706,"SC","RIO DOS CEDROS",6876,"0",23.7239624741612,3.815,35.6150016784668,5.06699991226196,0.449000000953674,9.05250452625226,-26.7383327484131,49.2741661071777
4214805,"SC","RIO DO SUL",33055,"0",27.1445803894537,7.839,17.5729999542236,7.93100023269653,0.490000009536743,14.8132924400038,-27.2141666412354,49.6430549621582
4214904,"SC","RIO FORTUNA",3358,"0",16.2732137236387,3.569,46.9029998779297,7.76000022888184,0.5,10.9451219512195,-28.1311111450195,49.1052780151367
4215000,"SC","RIO NEGRINHO",20529,"0",39.9525065963061,11.451,35.0950012207031,9.07100009918213,0.479000002145767,13.2405076298618,-26.2544441223145,49.5183334350586
4215059,"SC","RIO RUFINO",1662,"0",25.4582484725051,4.818,72.8539962768555,17.681999206543,0.5799999833107,5.20421607378129,-27.8605556488037,49.779167175293
4215075,"SC","RIQUEZA",4164,"0",20.9373097991479,3.273,69.5500030517578,17.173999786377,0.503000020980835,26.6943968681184,-27.0669441223145,53.3216667175293
4215109,"SC","RODEIO",7413,"0",38.7522228808536,5.309,19.4120006561279,5.55999994277954,0.416999995708466,13.1975199291408,-26.9227771759033,49.3663902282715
4215208,"SC","ROMELANDIA",6267,"0",18.7613843351548,5.191,72.0970001220703,15.1929998397827,0.592999994754791,20.0735417014875,-26.6761112213135,53.3144454956055
4215307,"SC","SALETE",5221,"0",27.149736299014,4.915,46.7070007324219,10.7779998779297,0.501999974250793,14.5045762037405,-26.9799995422363,49.9997215270996
4215356,"SC","SALTINHO",3403,"0",29.3846797823357,6.092,79.5220031738281,20.8099994659424,0.558000028133392,11.2751584372171,-26.609167098999,53.0561103820801
4215406,"SC","SALTO VELOSO",2559,"0",33.8786052518295,4.831,51.617000579834,15.2659997940063,0.476999998092651,15.5582922824302,-26.9052772521973,51.4063873291016
4215455,"SC","SANGAO",4565,"0",26.9426104621635,6.02,38.859001159668,19.4479999542236,0.472000002861023,10.5504587155963,-28.6377773284912,49.1291656494141
4215505,"SC","SANTA CECILIA",8724,"0",33.7807005771037,10.966,53.2569999694824,19.1770000457764,0.527999997138977,13.8243959929287,-26.9608325958252,50.426944732666
4215554,"SC","SANTA HELENA",2298,"0",27.0676691729323,3.472,76.8140029907227,15.6709995269775,0.554000020027161,29.5746785361029,-26.9375,53.6191673278809
4215604,"SC","SANTA ROSA DE LIMA",1596,"0",14.1610738255034,1.953,48.4220008850098,10.58899974823,0.458999991416931,12.2343850611719,-28.0391674041748,49.1277770996094
4215653,"SC","SANTA ROSA DO SUL",5377,"0",23.3741554054054,7.08,41.0509986877441,20.4150009155273,0.499000012874603,15.0984682713348,-29.1361103057861,49.7000007629395
4215679,"SC","SANTA TEREZINHA",5651,"0",25.163970266725,5.674,67.2839965820312,16.5419998168945,0.441000014543533,19.1253753753754,-26.7786102294922,50.008056640625
4215687,"SC","SANTA TEREZINHA DO PROGRESSO",3158,"0",27.450024378352,5.873,85.0390014648438,18.4169998168945,0.526000022888184,11.2751584372171,-26.6188888549805,53.2016677856445
4215695,"SC","SANTIAGO DO SUL",1400,"0",20.910780669145,3.414,71.1009979248047,19.8020000457764,0.532999992370605,11.2751584372171,-26.6394443511963,52.6847229003906
4215703,"SC","SANTO AMARO DA IMPERATRIZ",10261,"0",30.0440618915873,8.715,32.0069999694824,12.2829999923706,0.448000013828278,12.174358974359,-27.6880550384521,48.7786102294922
4215752,"SC","SAO BERNARDINO",2233,"0",22.6880394574599,4.331,79.0709991455078,20.4740009307861,0.485000014305115,11.2751584372171,-26.4699993133545,52.9644432067871
4215802,"SC","SAO BENTO DO SUL",36586,"0",31.0913997014583,11.528,20.2779998779297,7.2810001373291,0.465999990701675,20.0574960471468,-26.2502784729004,49.3786125183105
4215901,"SC","SAO BONIFACIO",2625,"0",25.735950044603,3.586,49.2210006713867,9.59799957275391,0.476999998092651,5.25696351510396,-27.901388168335,48.9291648864746
4216008,"SC","SAO CARLOS",7416,"0",22.981263472061,4.005,51.9189987182617,9.38799953460693,0.555000007152557,15.5205578264006,-27.0774993896484,53.0038871765137
4216057,"SC","SAO CRISTOVAO DO SUL",2717,"0",29.8998569384835,9.083,61.4220008850098,26.82200050354,0.499000012874603,14.2243231628707,-27.2666664123535,50.4405555725098
4216107,"SC","SAO DOMINGOS",7548,"0",24.5608274503366,4.437,67.0139999389648,17.6809997558594,0.584999978542328,21.7673007995589,-26.5580558776855,52.531665802002
4216206,"SC","SAO FRANCISCO DO SUL",19576,"0",23.7581124522351,6.349,32.5550003051758,8.34000015258789,0.493999987840652,16.8079330784998,-26.2433338165283,48.638053894043
4216255,"SC","SAO JOAO DO OESTE",4624,"0",20.3905655592189,2.352,61.560001373291,3.01399993896484,0.564999997615814,27.5617566331199,-27.0980548858643,53.5938873291016
4216305,"SC","SAO JOAO BATISTA",9946,"0",40.0200601805416,5.31,26.5860004425049,14.7589998245239,0.456999987363815,11.1157674174961,-27.2761116027832,48.8494453430176
4216354,"SC","SAO JOAO DO ITAPERIU",2505,"0",24.7311827956989,6.23,43.7729988098145,16.4969997406006,0.41499999165535,7.39606126914661,-26.6177768707275,48.7680549621582
4216404,"SC","SAO JOAO DO SUL",5092,"0",23.1446817881524,4.608,49.3030014038086,19.5310001373291,0.503000020980835,15.7894736842105,-29.2233333587646,49.810001373291
4216503,"SC","SAO JOAQUIM",16648,"0",33.0395528804815,9.429,55.7350006103516,14.8090000152588,0.546000003814697,10.8867750843817,-28.293888092041,49.9316673278809
4216602,"SC","SAO JOSE",88023,"1",9.24342913289118,13.752,14.5229997634888,8.20400047302246,0.476000010967255,19.7593360995851,-27.6152782440186,48.627498626709
4216701,"SC","SAO JOSE DO CEDRO",10526,"0",27.6608759481282,3.561,54.9570007324219,13.8459997177124,0.560000002384186,26.6186468112658,-26.4549999237061,53.4941673278809
4216800,"SC","SAO JOSE DO CERRITO",7973,"0",29.7135243171219,7.515,73.515998840332,23.0319995880127,0.558000028133392,11.6868089483158,-27.6630554199219,50.5800018310547
4216909,"SC","SAO LOURENCO DO OESTE",14245,"0",35.6334135686904,6.434,57.1629981994629,15.7150001525879,0.527999997138977,26.8066797928973,-26.359167098999,52.8511123657227
4217006,"SC","SAO LUDGERO",4742,"0",27.3628552544613,4.437,26.7749996185303,8.99300003051758,0.499000012874603,12.6638576779026,-28.325834274292,49.1766662597656
4217105,"SC","SAO MARTINHO",2807,"0",19.1890806904857,3.451,46.2449989318848,11.5539999008179,0.446999996900558,5.99547511312217,-28.164722442627,48.9794425964355
4217154,"SC","SAO MIGUEL DA BOA VISTA",1882,"0",20.1974183750949,4.267,72.2870025634766,12.2910003662109,0.512000024318695,21.0119047619048,-26.6902770996094,53.2513885498047
4217204,"SC","SAO MIGUEL DO OESTE",21296,"0",26.3319008653676,6.787,39.0349998474121,11.3509998321533,0.52700001001358,28.419801655602,-26.7252769470215,53.5180549621582
4217253,"SC","SAO PEDRO DE ALCANTARA",2956,"0",19.5140186915888,4.367,43.2239990234375,19.8099994659424,0.44200000166893,11.2751584372171,-27.5661106109619,48.8052787780762
4217303,"SC","SAUDADES",6283,"0",19.9019977384093,3.055,51.8639984130859,7.93699979782104,0.483000010251999,33.2957837141938,-26.924165725708,53.0030555725098
4217402,"SC","SCHROEDER",6391,"0",23.9819684447784,5.214,15.1190004348755,6.32200002670288,0.386999994516373,14.6952724511107,-26.4125003814697,49.073055267334
4217501,"SC","SEARA",11076,"0",23.0097182683813,4.995,36.9070014953613,14.8330001831055,0.531000018119812,22.6040293729994,-27.1494445800781,52.3105545043945
4217550,"SC","SERRA ALTA",2662,"0",26.6407389402042,8.375,63.6150016784668,12.2700004577637,0.497000008821487,30.9259921344297,-26.7291660308838,53.0422210693359
4217600,"SC","SIDEROPOLIS",8358,"0",26.9111917237673,4.227,35.4000015258789,8.44099998474121,0.467999994754791,28.6307053941909,-28.5977783203125,49.424446105957
4217709,"SC","SOMBRIO",14576,"0",18.1546213194773,7.015,34.7330017089844,14.8870000839233,0.444999992847443,19.1266873692883,-29.1138896942139,49.6166648864746
4217758,"SC","SUL BRASIL",2633,"0",20.8519068845963,4.686,70.6589965820312,17.257999420166,0.490000009536743,34.1232227488152,-26.7361106872559,52.9647216796875
4217808,"SC","TAIO",11488,"0",28.63074741746,6.747,41.6389999389648,12.2489995956421,0.52700001001358,10.0517764684878,-27.1163883209229,49.9980545043945
4217907,"SC","TANGARA",7027,"0",33.0203175687212,7.237,47.7200012207031,13.1719999313354,0.583999991416931,10.8850820842256,-27.1047229766846,51.2472229003906
4217956,"SC","TIGRINHOS",1597,"0",19.3065405831363,5.703,80.2099990844727,18.0960006713867,0.512000024318695,11.2751584372171,-26.6877784729004,53.1580543518066
4218004,"SC","TIJUCAS",15717,"0",33.229675699689,6.373,30.2070007324219,17.3309993743896,0.578999996185303,13.0001374948439,-27.2413883209229,48.6336097717285
4218103,"SC","TIMBE DO SUL",4691,"0",25.2266252266252,3.638,44.9580001831055,20.6630001068115,0.449000000953674,12.4867724867725,-28.8302783966064,49.8472213745117
4218202,"SC","TIMBO",18254,"0",31.5923350856368,7.355,8.39900016784668,3.77099990844727,0.409000009298325,8.54187135178871,-26.8233337402344,49.2716674804688
4218251,"SC","TIMBO GRANDE",3925,"0",37.3978201634877,6.988,76.193000793457,26.6730003356934,0.589999973773956,8.13826891671203,-26.6149997711182,50.6741676330566
4218301,"SC","TRES BARRAS",11387,"0",31.6657739689341,10.126,64.7089996337891,18.7399997711182,0.532000005245209,26.8838733163451,-26.106388092041,50.3222236633301
4218350,"SC","TREVISO",2279,"0",28.695652173913,2.907,44.3619995117188,9.37800025939941,0.426999986171722,11.2751584372171,-28.5155563354492,49.4575004577637
4218400,"SC","TREZE DE MAIO",5411,"0",28.6577470867501,6.805,41.6339988708496,14.5950002670288,0.462999999523163,11.766975308642,-28.5588893890381,49.147777557373
4218509,"SC","TREZE TILIAS",3115,"0",25.0811981234211,7.908,45.4220008850098,10.5799999237061,0.561999976634979,10.1655629139073,-27.0016670227051,51.4063873291016
4218608,"SC","TROMBUDO CENTRAL",4584,"0",28.9590399165145,4.399,37.8019981384277,8.82999992370605,0.531000018119812,10.5029239766082,-27.299165725708,49.7902793884277
4218707,"SC","TUBARAO",55047,"1",8.37551678935162,7.559,25.4769992828369,8.76799964904785,0.513000011444092,23.2043990810139,-28.466667175293,49.0069427490234
4218756,"SC","TUNAPOLIS",3998,"0",22.3776223776224,2.34,59.3339996337891,4.21600008010864,0.523999989032745,28.7272727272727,-26.9688892364502,53.6391677856445
4218806,"SC","TURVO",8343,"0",21.0456121632435,4.584,31.0259990692139,14.7410001754761,0.601000010967255,16.2080173347779,-28.9261112213135,49.6791648864746
4218855,"SC","UNIAO DO OESTE",2755,"0",24.0506329113924,3.541,54.9580001831055,17.1270008087158,0.541000008583069,26.9125147116516,-26.7611103057861,52.8552780151367
4218905,"SC","URUBICI",7098,"0",22.7841762643966,9.061,62.1839981079102,15.2119998931885,0.620999991893768,7.95618333813779,-28.0149993896484,49.591667175293
4218954,"SC","URUPEMA",2083,"0",25.014679976512,5.748,60.1959991455078,14.66100025177,0.515999972820282,9.74987238386932,-27.9527778625488,49.8730545043945
4219002,"SC","URUSSANGA",13475,"0",30.7661452065784,4.943,27.7700004577637,8.80599975585938,0.495999991893768,27.2166718701218,-28.5177783966064,49.3208351135254
4219101,"SC","VARGEAO",2610,"0",22.8078581696215,4.509,61.1349983215332,16.6720008850098,0.578999996185303,21.1818879508826,-26.8636112213135,52.1549987792969
4219150,"SC","VARGEM",3037,"0",26.0986547085202,5.174,78.0459976196289,21.9260005950928,0.50900000333786,4.33403805496829,-27.4891662597656,50.9749984741211
4219176,"SC","VARGEM BONITA",4442,"0",26.6686097347712,6.637,49.3580017089844,19.257999420166,0.490000009536743,26.6351989211059,-27.0066661834717,51.7400016784668
4219200,"SC","VIDAL RAMOS",4690,"0",16.6337123084528,4.838,42.7589988708496,16.6399993896484,0.455000013113022,10.7867730900798,-27.3919448852539,49.3558349609375
4219309,"SC","VIDEIRA",24301,"0",41.6870084079197,8.962,25.4589996337891,11.2740001678467,0.52700001001358,16.3703523299237,-27.0083332061768,51.151668548584
4219358,"SC","VITOR MEIRELES",4168,"0",17.9291386682957,3.114,54.5480003356934,18.3840007781982,0.532000005245209,18.562124248497,-26.8808326721191,49.8327789306641
4219408,"SC","WITMARSUM",2623,"0",20.3010752688172,2.929,49.314998626709,10.1990003585815,0.458000004291534,12.8784820347194,-26.9261112213135,49.7958335876465
4219507,"SC","XANXERE",25206,"0",26.6936911751002,6.809,44.5940017700195,15.5920000076294,0.549000024795532,30.6297395318167,-26.8769435882568,52.404167175293
4219606,"SC","XAVANTINA",3304,"0",24.7282608695652,3.79,42.0149993896484,16.7399997711182,0.485000014305115,25.4865616311399,-27.0686111450195,52.3419456481934
4219705,"SC","XAXIM",15564,"0",33.1836887392443,8.579,44.7849998474121,15.125,0.49099999666214,21.8909884712463,-26.9616661071777,52.5347213745117
4219853,"SC","ZORTEA",1674,"0",23.715916296766,3.887,31.4680004119873,15.8929996490479,0.442999988794327,11.2751584372171,-27.4513893127441,51.5552787780762
4300059,"RS","AGUA SANTA",2891,"0",16.3396226415094,11.016,58.6640014648438,16.875,0.566999971866608,23.234964512514,-28.176944732666,52.0338897705078
4300109,"RS","AGUDO",11473,"0",30.5625776597112,7.027,46.7379989624023,13.1920003890991,0.601000010967255,17.3276170060736,-29.6452770233154,53.2400016784668
4300208,"RS","AJURICABA",5816,"0",19.8678190137265,4.699,56.5909996032715,12.0139999389648,0.578999996185303,30.7542262678804,-28.239444732666,53.7708320617676
4300307,"RS","ALECRIM",6314,"0",21.742930270304,5.081,72.1399993896484,11.9890003204346,0.540000021457672,26.3984806629834,-27.6550006866455,54.7638893127441
4300406,"RS","ALEGRETE",56236,"1",8.71968812633526,13.934,46.2669982910156,14.3489999771118,0.612999975681305,21.5736322272778,-29.7830562591553,55.7919425964355
4300455,"RS","ALEGRIA",4222,"0",24.7953869047619,6.044,69.5550003051758,19.6399993896484,0.574999988079071,22.0893336587747,-27.8327770233154,54.0613899230957
4300505,"RS","ALPESTRE",8503,"0",31.8271287976038,15.793,80.9260025024414,21.7140007019043,0.558000028133392,26.198005351496,-27.2488880157471,53.0349998474121
4300554,"RS","ALTO ALEGRE",1724,"0",13.3247089262613,3.017,60.1040000915527,13.8839998245239,0.575999975204468,27.3794808405439,-28.773889541626,52.9905548095703
4300570,"RS","ALTO FELIZ",2036,"0",31.139896373057,8.03,35.25,5.59999990463257,0.456000000238419,10.2985074626866,-29.3919448852539,51.3122215270996
4300604,"RS","ALVORADA",88290,"1",10.0543781199291,13.229,31.6959991455078,11.3079996109009,0.412999987602234,28.3188192238474,-29.9899997711182,51.083610534668
4300638,"RS","AMARAL FERRADOR",4303,"0",32.8428367054977,8.134,59.1870002746582,29.246000289917,0.545000016689301,6.85948297926798,-30.8783340454102,52.2574996948242
4300646,"RS","AMETISTA DO SUL",4733,"0",25.770110895969,6.751,71.4530029296875,24.9669990539551,0.580999970436096,20.2554744525547,-27.3605556488037,53.1816673278809
4300661,"RS","ANDRE DA ROCHA",888,"0",20.074812967581,3.38,44.140998840332,14.4519996643066,0.483999997377396,7.73067331670823,-28.6305561065674,51.5716667175293
4300703,"RS","ANTA GORDA",4890,"0",32.5726481694303,6.747,35.5180015563965,13.7119998931885,0.544000029563904,16.2299569808369,-28.9702777862549,52.0047225952148
4300802,"RS","ANTONIO PRADO",8368,"0",29.8496145583217,14.662,24.2779998779297,11.7969999313354,0.570999979972839,16.5275049115914,-28.8583335876465,51.2827758789062
4300851,"RS","ARAMBARE",2608,"0",22.2952255803767,8.966,64.318000793457,28.0189990997314,0.508000016212463,12.8227960819234,-30.9150009155273,51.4977760314941
4300877,"RS","ARARICA",2150,"0",27.0958083832335,8.295,45.7709999084473,13.543999671936,0.458000004291534,11.2751584372171,-29.6136112213135,50.9249992370605
4300901,"RS","ARATIBA",5709,"0",17.8471064539176,3.508,49.1300010681152,11.0860004425049,0.518999993801117,38.9059397003069,-27.3941669464111,52.3002777099609
4301008,"RS","ARROIO DO MEIO",11667,"0",26.1233766233766,4.06,26.0540008544922,4.92600011825562,0.448000013828278,21.6672687861272,-29.4011116027832,51.9449996948242
4301057,"RS","ARROIO DO SAL",3231,"0",22.6284925836495,3.386,27.80299949646,14.0279998779297,0.508000016212463,10.9996283909327,-29.5513896942139,49.8888893127441
4301107,"RS","ARROIO DOS RATOS",9052,"0",32.5421725094348,11.102,54.4360008239746,18.1359996795654,0.515999972820282,19.5110754045679,-30.0772228240967,51.7291679382324
4301206,"RS","ARROIO DO TIGRE",8129,"0",28.2120222777031,5.374,60.0900001525879,16.5049991607666,0.550000011920929,15.1212695877832,-29.3327770233154,53.093334197998
4301305,"RS","ARROIO GRANDE",13416,"0",28.6100689294128,9.235,53.2620010375977,16.3799991607666,0.564999997615814,19.6109193598996,-32.2374992370605,53.0869445800781
4301404,"RS","ARVOREZINHA",7120,"0",34.9503951572221,6.323,35.0509986877441,17.8899993896484,0.518999993801117,12.646058275403,-28.8722229003906,52.1752777099609
4301503,"RS","AUGUSTO PESTANA",6319,"0",26.5409717186367,4.034,48.8650016784668,8.54899978637695,0.61599999666214,18.1418092909535,-28.5169448852539,53.9922218322754
4301552,"RS","AUREA",3132,"0",24.3186090225564,4.73,65.5240020751953,10.0579996109009,0.533999979496002,39.3110435663627,-27.6972217559814,52.049446105957
4301602,"RS","BAGE",75818,"1",8.55914558336704,11.503,45.4980010986328,13.5690002441406,0.59500002861023,25.2983196688043,-31.3313884735107,54.1069450378418
4301636,"RS","BALNEARIO PINHAL",3458,"0",23.542600896861,7.661,36.5349998474121,16.6399993896484,0.500999987125397,11.2751584372171,-30.2474994659424,50.2327766418457
4301651,"RS","BARAO",3768,"0",25.8101519931173,5.413,42.2799987792969,9.16199970245361,0.426999986171722,13.390830685429,-29.3769435882568,51.4955558776855
4301701,"RS","BARAO DE COTEGIPE",4833,"0",27.5032975315621,6.098,60.0870018005371,11.0010004043579,0.550999999046326,36.5662139219015,-27.6208324432373,52.3797225952148
4301750,"RS","BARAO DO TRIUNFO",3721,"0",37.2226099092812,8.946,60.6110000610352,20.6009998321533,0.474999994039536,6.05222734254992,-30.388334274292,51.7336120605469
4301800,"RS","BARRACAO",4247,"0",29.8643341663692,6.82,70.4520034790039,23.9969997406006,0.582000017166138,15.1892551892552,-27.671667098999,51.4605560302734
4301859,"RS","BARRA DO GUARITA",2467,"0",18.1818181818182,5.653,72.5910034179688,20.2950000762939,0.512000024318695,22.9761347683669,-27.1919441223145,53.7099990844727
4301875,"RS","BARRA DO QUARAI",2251,"0",18.9385474860335,11.598,47.9420013427734,17.4909992218018,0.59500002861023,11.2751584372171,-30.2072219848633,57.5547218322754
4301909,"RS","BARRA DO RIBEIRO",8252,"0",29.3785310734463,10.477,40.8240013122559,19.7310009002686,0.554000020027161,22.4144415193682,-30.2911109924316,51.3011093139648
4301925,"RS","BARRA DO RIO AZUL",1901,"0",19.1792710141334,2.622,53.3289985656738,9.97799968719482,0.523999989032745,43.8063063063063,-27.4088897705078,52.4097213745117
4301958,"RS","BARRA FUNDA",1911,"0",23.869801084991,2.54,56.8330001831055,12.8420000076294,0.486000001430511,29.0879654614139,-27.9230556488037,53.0391654968262
4302006,"RS","BARROS CASSAL",8191,"0",38.3238054147341,6.444,69.5510025024414,30.8850002288818,0.537999987602234,12.5473299386343,-29.093334197998,52.5827789306641
4302055,"RS","BENJAMIN CONSTANT DO SUL",1721,"0",36.3192182410423,9.648,80.7279968261719,27.4459991455078,0.538999974727631,11.2751584372171,-27.5100002288818,52.5977783203125
4302105,"RS","BENTO GONCALVES",53941,"1",13.4787094725981,12.8,13.4809999465942,7.41499996185303,0.49099999666214,22.2583014418802,-29.1713886260986,51.5191650390625
4302154,"RS","BOA VISTA DAS MISSOES",1991,"0",23.8643246517262,4.637,77.9749984741211,16.9969997406006,0.546000003814697,25.6437768240343,-27.6630554199219,53.3141670227051
4302204,"RS","BOA VISTA DO BURICA",4495,"0",26.7195242814668,3.044,49.8489990234375,4.61299991607666,0.495999991893768,30.087370929309,-27.6686115264893,54.1100006103516
4302303,"RS","BOM JESUS",9538,"0",27.0245071923282,7.326,61.257999420166,18.0240001678467,0.574000000953674,12.4624624624625,-28.6677780151367,50.4166679382324
4302352,"RS","BOM PRINCIPIO",5681,"0",32.7079646017699,3.897,23.0319995880127,2.48000001907349,0.416999995708466,14.4467023831517,-29.4888896942139,51.3533325195312
4302378,"RS","BOM PROGRESSO",2442,"0",22.275641025641,4.694,73.3359985351562,19.4309997558594,0.564000010490417,18.6485300570426,-27.5436115264893,53.8658332824707
4302402,"RS","BOM RETIRO DO SUL",7693,"0",32.9131429179299,7.159,31.8570003509521,10.6300001144409,0.453000009059906,17.2368990905154,-29.6088886260986,51.9430541992188
4302451,"RS","BOQUEIRAO DO LEAO",5087,"0",27.0404849534531,5.9,39.4269981384277,20.9120006561279,0.465999990701675,16.5927802406586,-29.3038883209229,52.429443359375
4302501,"RS","BOSSOROCA",5724,"0",25.763358778626,7.611,69.4670028686523,18.0209999084473,0.607999980449677,24.9724770642202,-28.7299995422363,54.900276184082
4302600,"RS","BRAGA",3442,"0",27.069044352995,9.135,78.8669967651367,27.9039993286133,0.583999991416931,30.4347826086957,-27.6138896942139,53.739444732666
4302659,"RS","BROCHIER",3381,"0",21.0234129857591,4.052,41.7080001831055,6.875,0.458000004291534,10.453709380748,-29.5452785491943,51.5861129760742
4302709,"RS","BUTIA",13746,"0",40.4543577034283,12.237,46.75,18.6749992370605,0.474999994039536,25.2665809574227,-30.119722366333,51.9622230529785
4302808,"RS","CACAPAVA DO SUL",26510,"0",26.5822337000743,12.859,49.9169998168945,17.0849990844727,0.561999976634979,18.1139122315593,-30.5122222900391,53.4913902282715
4302907,"RS","CACEQUI",11412,"0",26.1198239873632,7.395,56.9440002441406,15.6269998550415,0.577000021934509,24.1683514059915,-29.8836116790771,54.8250007629395
4303004,"RS","CACHOEIRA DO SUL",61005,"1",9.1170288667348,13.202,47.0110015869141,17.7490005493164,0.642000019550323,23.7539452919516,-30.0391674041748,52.8938903808594
4303103,"RS","CACHOEIRINHA",66069,"1",9.87356135516291,13.956,22.1830005645752,8.89099979400635,0.458000004291534,30.3586213614299,-29.9511108398438,51.0938873291016
4303202,"RS","CACIQUE DOBLE",3772,"0",29.2243889526163,7.64,67.2300033569336,19.1040000915527,0.577000021934509,22.5103448275862,-27.7702770233154,51.6602783203125
4303301,"RS","CAIBATE",6152,"0",26.2890645448359,6.516,66.5820007324219,14.2760000228882,0.625999987125397,36.9701986754967,-28.2877769470215,54.6383323669434
4303400,"RS","CAICARA",4387,"0",18.3752564784558,4.374,64.7949981689453,13.5179996490479,0.634999990463257,21.218689788054,-27.2744445800781,53.4322204589844
4303509,"RS","CAMAQUA",39306,"0",31.0612187979361,12.379,46.2480010986328,16.9109992980957,0.577000021934509,13.4459559004076,-30.851110458374,51.8122215270996
4303558,"RS","CAMARGO",1998,"0",30.2444570778852,3.396,43.0209999084473,16.9769992828369,0.559000015258789,23.578947368421,-28.5872230529785,52.2019462585449
4303608,"RS","CAMBARA DO SUL",5340,"0",37.7271456527817,8.228,46.0890007019043,17.5930004119873,0.522000014781952,7.43553867679392,-29.0477771759033,50.1447219848633
4303673,"RS","CAMPESTRE DA SERRA",2329,"0",40.4751232631107,5.845,47.1310005187988,18.0729999542236,0.462000012397766,8.29179882193022,-28.7947216033936,51.0927772521973
4303707,"RS","CAMPINA DAS MISSOES",5940,"0",19.9522102747909,2.665,64.0039978027344,5.59800004959106,0.547999978065491,41.0187215382021,-27.9888896942139,54.8394432067871
4303806,"RS","CAMPINAS DO SUL",6264,"0",26.2302896956362,4.795,53.201000213623,12.4910001754761,0.563000023365021,27.0068140269237,-27.7158336639404,52.627498626709
4303905,"RS","CAMPO BOM",35478,"0",21.1667286937105,12.004,22.6620006561279,10.1459999084473,0.46399998664856,34.4473388194897,-29.6788883209229,51.0533332824707
4304002,"RS","CAMPO NOVO",5737,"0",23.5211267605634,7.263,66.177001953125,20.0979995727539,0.578000009059906,22.6717696373246,-27.6752777099609,53.8033332824707
4304101,"RS","CAMPOS BORGES",2995,"0",23.6533957845433,5.76,68.7269973754883,20.4850006103516,0.574999988079071,21.3216502373129,-28.8861103057861,52.9986114501953
4304200,"RS","CANDELARIA",20531,"0",30.3203661327231,8.23,63.7879981994629,21.1009998321533,0.568000018596649,13.5947177151047,-29.6691665649414,52.7888870239258
4304309,"RS","CANDIDO GODOI",6247,"0",15.0918635170604,1.889,63.2220001220703,6.34700012207031,0.526000022888184,27.7834351663272,-27.9519443511963,54.7519454956055
4304358,"RS","CANDIOTA",4722,"0",24.7943880019352,6.081,36.2709999084473,12.8479995727539,0.526000022888184,33.0235101148168,-31.5580558776855,53.6725006103516
4304408,"RS","CANELA",18025,"0",26.3461538461538,10.887,35.3849983215332,12.0179996490479,0.513000011444092,14.0497304816554,-29.3655548095703,50.8155555725098
4304507,"RS","CANGUCU",38342,"0",20.235111588495,10.26,65.4250030517578,19.3369998931885,0.601000010967255,9.67688529565961,-31.3950004577637,52.6755561828613
4304606,"RS","CANOAS",182227,"1",9.50725835005311,15.417,24.6630001068115,8.22500038146973,0.499000012874603,32.8987299733168,-29.9177780151367,51.1836128234863
4304630,"RS","CAPAO DA CANOA",17206,"0",30.6092024124144,6.674,22.9780006408691,12.4949998855591,0.495999991893768,15.7400355420157,-29.7455558776855,50.0097236633301
4304663,"RS","CAPAO DO LEAO",13893,"0",29.1504854368932,13.282,58.9360008239746,19.7430000305176,0.435999989509583,25.9682147816695,-31.763334274292,52.4838905334473
4304671,"RS","CAPIVARI DO SUL",1933,"0",28.5798467884502,9.732,34.4669990539551,18.9939994812012,0.560000002384186,11.2751584372171,-30.1450004577637,50.514720916748
4304689,"RS","CAPELA DE SANTANA",5198,"0",32.4023001995071,9.889,39.4210014343262,17.2490005493164,0.43299999833107,26.1694915254237,-29.7000007629395,51.3247222900391
4304697,"RS","CAPITAO",2054,"0",29.7107800175285,2.85,46.1940002441406,7.10500001907349,0.439999997615814,18.7564766839378,-29.2688884735107,51.989444732666
4304705,"RS","CARAZINHO",38101,"0",18.5999289304026,8.527,39.2569999694824,10.4610004425049,0.563000023365021,21.8471789830138,-28.2838897705078,52.7863883972168
4304713,"RS","CARAA",4716,"0",33.4418837675351,6.796,67.8460006713867,31.4629993438721,0.509999990463257,11.2751584372171,-29.7900009155273,50.435001373291
4304804,"RS","CARLOS BARBOSA",12931,"0",31.7415062960323,5.131,8.1870002746582,9.18000030517578,0.418000012636185,20.0663625051846,-29.2975006103516,51.5036125183105
4304853,"RS","CARLOS GOMES",1778,"0",18.5062789160608,2.683,46.0219993591309,11.0209999084473,0.523000001907349,41.2204951065055,-27.7177772521973,51.9136123657227
4304903,"RS","CASCA",6093,"0",36.2582037220174,33.698,37.4930000305176,12.4580001831055,0.531000018119812,20.5931356214595,-28.5611114501953,51.9783325195312
4304952,"RS","CASEIROS",2339,"0",33.3333333333333,3.993,67.9499969482422,18.4969997406006,0.552999973297119,18.3216783216783,-28.268611907959,51.6897239685059
4305009,"RS","CATUIPE",8668,"0",27.4432379072063,5.164,55.0139999389648,13.0369997024536,0.626999974250793,22.5795011230642,-28.25,54.0116653442383
4305108,"RS","CAXIAS DO SUL",207383,"1",8.4442991017138,9.367,10.0159997940063,7.36199998855591,0.467999994754791,27.5444621858022,-29.1680564880371,51.179443359375
4305116,"RS","CENTENARIO",2389,"0",13.7628554143981,2.146,70.9609985351562,10.4259996414185,0.603999972343445,38.6672923510089,-27.7613887786865,51.9988899230957
4305124,"RS","CERRITO",5572,"0",31.5483870967742,8.23,57.0870018005371,27.363000869751,0.531000018119812,11.2751584372171,-31.856388092041,52.8127784729004
4305132,"RS","CERRO BRANCO",3337,"0",31.5464587394412,6.827,65.8270034790039,25.2980003356934,0.583000004291534,15.0117893633744,-29.6544437408447,52.9336128234863
4305157,"RS","CERRO GRANDE",2565,"0",21.1505190311419,4.208,82.1900024414062,21.9689998626709,0.569000005722046,30.9119621002764,-27.6061115264893,53.1666679382324
4305173,"RS","CERRO GRANDE DO SUL",6035,"0",36.0987844877484,8.037,56.3580017089844,23.3910007476807,0.565999984741211,10.446735395189,-30.59694480896,51.7522239685059
4305207,"RS","CERRO LARGO",9877,"0",18.8964215223548,4.608,49.9609985351562,8.67399978637695,0.523999989032745,31.9559800664452,-28.1486110687256,54.7380561828613
4305306,"RS","CHAPADA",7601,"0",18.4806318164724,2.889,52.7859992980957,6.76700019836426,0.583000004291534,22.8268551236749,-28.0552768707275,53.0677795410156
4305355,"RS","CHARQUEADAS",16834,"0",24.142299438972,6.36,34.773998260498,11.418999671936,0.470999985933304,36.34109118657,-29.9547214508057,51.6252784729004
4305371,"RS","CHARRUA",2534,"0",21.8518518518519,3.468,67.5339965820312,17.4699993133545,0.523000001907349,20.6315789473684,-27.9522228240967,52.0149993896484
4305405,"RS","CHIAPETA",3749,"0",23.7578027465668,4.981,57.0429992675781,15.576000213623,0.58899998664856,20.1612903225806,-27.9227771759033,53.9413871765137
4305439,"RS","CHUI",2611,"0",30.3511303511304,8.361,32.5970001220703,8.23799991607666,0.615000009536743,11.2751584372171,-33.6911125183105,53.4566650390625
4305447,"RS","CHUVISCA",3413,"0",30.3289473684211,7.702,55.5660018920898,21.9050006866455,0.476000010967255,11.2751584372171,-30.7574996948242,51.9777793884277
4305454,"RS","CIDREIRA",4627,"0",20.0342465753425,5.82,36.6240005493164,11.0799999237061,0.533999979496002,16.2174940898345,-30.1811103820801,50.2055549621582
4305504,"RS","CIRIACO",4496,"0",28.6680996735929,5.928,59.0299987792969,20.738000869751,0.528999984264374,17.8720445062587,-28.3436107635498,51.8763885498047
4305587,"RS","COLINAS",2150,"0",26.0105448154657,2.444,28.5380001068115,5.02899980545044,0.432000011205673,13.9376218323587,-29.3877773284912,51.8697204589844
4305603,"RS","COLORADO",3389,"0",30.5281090289608,4.412,31.8439998626709,9.86400032043457,0.648999989032745,25.4185692541857,-28.523889541626,52.9941673278809
4305702,"RS","CONDOR",4810,"0",26.3692162417375,3.549,47.8880004882812,11.4790000915527,0.53600001335144,26.0124276837369,-28.2077770233154,53.4872207641602
4305801,"RS","CONSTANTINA",9748,"0",23.6679058240397,4.633,63.9469985961914,13.128999710083,0.578999996185303,27.4484673715689,-27.7347221374512,52.9922218322754
4305850,"RS","COQUEIROS DO SUL",2483,"0",21.125050586807,3.26,66.5469970703125,16.3619995117188,0.512000024318695,18.1423611111111,-28.1188888549805,52.7825012207031
4305871,"RS","CORONEL BARROS",2009,"0",15.075639019301,3.255,52.7480010986328,8.61499977111816,0.523999989032745,15.5042918454936,-28.3830547332764,54.0655555725098
4305900,"RS","CORONEL BICACO",6849,"0",25.0173800774655,7.485,71.6959991455078,23.5319995880127,0.611000001430511,19.2049954310082,-27.71555519104,53.7013893127441
4305959,"RS","COTIPORA",3296,"0",25.3209459459459,4.071,22.9860000610352,10.4790000915527,0.439999997615814,13.1178116257383,-28.9944438934326,51.6958351135254
4305975,"RS","COXILHA",2214,"0",24.8520710059172,4.682,50.8170013427734,16.6240005493164,0.522000014781952,16.5058405281869,-28.1272220611572,52.2961120605469
4306007,"RS","CRISSIUMAL",13148,"0",28.9890287902216,3.719,64.7229995727539,9.60499954223633,0.59799998998642,19.1666666666667,-27.4997215270996,54.1011123657227
4306056,"RS","CRISTAL",5183,"0",23.9752513534416,9.365,55.1529998779297,22.7999992370605,0.625999987125397,7.92597062965198,-30.9997215270996,52.0483322143555
4306072,"RS","CRISTAL DO SUL",2400,"0",19.540555870675,4.704,89.515998840332,24.7910003662109,0.582000017166138,11.2751584372171,-27.4538879394531,53.2463874816895
4306106,"RS","CRUZ ALTA",49166,"1",7.49979247945547,8.165,44.798999786377,11.0349998474121,0.584999978542328,24.7111355652432,-28.6386108398438,53.606388092041
4306205,"RS","CRUZEIRO DO SUL",8116,"0",25.0106097043429,5.985,34.5940017700195,7.60699987411499,0.444999992847443,21.6398204383417,-29.5127773284912,51.985279083252
4306304,"RS","DAVID CANABARRO",3564,"0",22.1593112541689,3.614,50.125,16.6870002746582,0.544000029563904,18.106015485408,-28.3875007629395,51.8480567932129
4306320,"RS","DERRUBADAS",3000,"0",11.7093262724331,3.651,80.5019989013672,18.5979995727539,0.546999990940094,30.7108350586611,-27.2647228240967,53.8608322143555
4306353,"RS","DEZESSEIS DE NOVEMBRO",2970,"0",22.3898372369988,4.962,79.0019989013672,22.8969993591309,0.555000007152557,22.4778761061947,-28.2252769470215,55.0458335876465
4306379,"RS","DILERMANDO DE AGUIAR",2236,"0",27.0876826722338,9.929,60.3559989929199,32.3349990844727,0.521000027656555,11.2751584372171,-29.7063884735107,54.2083320617676
4306403,"RS","DOIS IRMAOS",11134,"0",25.0066530648452,14.492,12.9840002059937,4.86299991607666,0.402999997138977,31.7170945881455,-29.5802783966064,51.085277557373
4306429,"RS","DOIS IRMAOS DAS MISSOES",2058,"0",37.3509933774834,7.241,79.3239974975586,23.0179996490479,0.658999979496002,25.7411067193676,-27.6591663360596,53.5313873291016
4306452,"RS","DOIS LAJEADOS",2564,"0",23.143619386394,4.962,43.2229995727539,13.9809999465942,0.597000002861023,20.4047217537943,-28.9836120605469,51.8369445800781
4306502,"RS","DOM FELICIANO",8775,"0",43.7127040046013,13.347,65.6490020751953,23.5709991455078,0.533999979496002,8.70041372596739,-30.7041664123535,52.1074981689453
4306551,"RS","DOM PEDRO DE ALCANTARA",2289,"0",23.9287433798748,3.401,65.322998046875,20.5300006866455,0.537000000476837,11.2751584372171,-29.3694438934326,49.849723815918
4306601,"RS","DOM PEDRITO",27605,"0",16.4177819856264,14.673,55.8979988098145,13.6029996871948,0.591000020503998,19.6865343807006,-30.9827785491943,54.6730537414551
4306700,"RS","DONA FRANCISCA",2989,"0",26.5219077161691,6.095,44.826000213623,15.8549995422363,0.663999974727631,21.5481171548117,-29.6216659545898,53.3572235107422
4306734,"RS","DOUTOR MAURICIO CARDOSO",5274,"0",22.8285077951002,4.081,58.2150001525879,12.1780004501343,0.541999995708466,31.3639094732626,-27.5058326721191,54.3608322143555
4306759,"RS","DOUTOR RICARDO",1894,"0",39.5698051948052,5.663,43.0509986877441,15.5939998626709,0.425000011920929,11.2751584372171,-29.0858325958252,51.9916648864746
4306767,"RS","ELDORADO DO SUL",13653,"0",26.2213027229044,10.798,41.3050003051758,13.3290004730225,0.537999987602234,24.2095603570535,-30.0838890075684,51.6161117553711
4306809,"RS","ENCANTADO",12602,"0",29.5791636883488,4.623,17.1459999084473,8.26599979400635,0.486999988555908,19.9495885536363,-29.2361106872559,51.8697204589844
4306908,"RS","ENCRUZILHADA DO SUL",16747,"0",34.5827402604249,11.457,61.3950004577637,23.1889991760254,0.597000002861023,12.4627236580517,-30.543888092041,52.5219459533691
4306924,"RS","ENGENHO VELHO",1814,"0",26.2209577999052,4.133,77.129997253418,21.2210006713867,0.621999979019165,32.046783625731,-27.7080554962158,52.9127769470215
4306932,"RS","ENTRE IJUIS",7631,"0",26.1758691206544,6.057,62.382999420166,13.8050003051758,0.584999978542328,16.8299075734584,-28.3588886260986,54.2677764892578
4306957,"RS","ENTRE RIOS DO SUL",2952,"0",30.1290609701825,5.287,70.004997253418,20.1639995574951,0.601999998092651,35.2729885057471,-27.52805519104,52.7324981689453
4306973,"RS","EREBANGO",2217,"0",28.5273368606702,7.696,56.7350006103516,14.3870000839233,0.527999997138977,31.0970081595648,-27.8552780151367,52.301944732666
4307005,"RS","ERECHIM",51769,"1",9.16124891545931,8.584,32.4939994812012,10.6529998779297,0.560000002384186,31.7476970854229,-27.6341667175293,52.2738876342773
4307054,"RS","ERNESTINA",2976,"0",20.8280657395702,3.225,61.8530006408691,13.6579999923706,0.568000018596649,23.4267006184067,-28.4988880157471,52.5733337402344
4307104,"RS","ERVAL",5861,"0",29.04597933968,9.324,63.8860015869141,18.6280002593994,0.549000024795532,11.9696696154541,-32.0236129760742,53.3955574035645
4307203,"RS","ERVAL GRANDE",4589,"0",22.8089576997512,8.338,71.7689971923828,20.6709995269775,0.635999977588654,39.394613843757,-27.3905563354492,52.570556640625
4307302,"RS","ERVAL SECO",6804,"0",29.162730785745,6.532,77.1449966430664,17.242000579834,0.601999998092651,28.4885594585885,-27.549165725708,53.5041656494141
4307401,"RS","ESMERALDA",4399,"0",30.0170551449687,6.921,72.7610015869141,19.2439994812012,0.561999976634979,9.5049042503503,-28.0536117553711,51.1902770996094
4307450,"RS","ESPERANCA DO SUL",3494,"0",27.1401151631478,2.919,76.4449996948242,14.6190004348755,0.554000020027161,11.2751584372171,-27.3552780151367,53.9922218322754
4307500,"RS","ESPUMOSO",11549,"0",23.8457736035591,8.68,56.1790008544922,17.1760005950928,0.707000017166138,17.5308641975309,-28.7247219085693,52.849723815918
4307559,"RS","ESTACAO",4244,"0",28.6949981195938,4.525,46.8250007629395,9.01900005340576,0.532999992370605,30.6447597709734,-27.9108333587646,52.2599983215332
4307609,"RS","ESTANCIA VELHA",19973,"0",25.2444505437952,10.522,14.0609998703003,8.13399982452393,0.453999996185303,26.9801199116441,-29.6483325958252,51.1738891601562
4307708,"RS","ESTEIO",50031,"1",8.69106111542108,14.055,21.673999786377,7.80700016021729,0.474000006914139,36.6018614709437,-29.8613891601562,51.1791648864746
4307807,"RS","ESTRELA",18921,"0",25.3464148058484,6.926,24.6849994659424,5.88899993896484,0.462999999523163,23.6303811351796,-29.5019435882568,51.9663887023926
4307815,"RS","ESTRELA VELHA",2619,"0",26.7400356930399,4.102,70.3710021972656,17.2789993286133,0.503000020980835,11.2751584372171,-29.1766662597656,53.1591682434082
4307831,"RS","EUGENIO DE CASTRO",3037,"0",23.3463035019455,4.783,70.2460021972656,8.94099998474121,0.610000014305115,14.8268398268398,-28.5261116027832,54.1491661071777
4307864,"RS","FAGUNDES VARELA",1997,"0",19.6673897324657,3.358,26,9.33899974822998,0.453000009059906,12.589928057554,-28.8808326721191,51.6974983215332
4307906,"RS","FARROUPILHA",33552,"0",27.2640549478504,9.647,10.9499998092651,8.74899959564209,0.46399998664856,20.917356151886,-29.2250003814697,51.3477783203125
4308003,"RS","FAXINAL DO SOTURNO",5034,"0",21.3804713804714,5.903,50.898998260498,13.8920001983643,0.558000028133392,28.3208020050125,-29.5747222900391,53.4447212219238
4308052,"RS","FAXINALZINHO",2361,"0",34.2378752886836,14.795,75.0940017700195,19.8360004425049,0.563000023365021,17.3296753543667,-27.424165725708,52.6730537414551
4308078,"RS","FAZENDA VILANOVA",1988,"0",37.1897435897436,7.491,48.6479988098145,13.3640003204346,0.500999987125397,11.2751584372171,-29.5894451141357,51.8250007629395
4308102,"RS","FELIZ",7439,"0",29.1548093340922,4.414,20.9570007324219,2.39199995994568,0.537000000476837,12.883873732324,-29.450834274292,51.3063888549805
4308201,"RS","FLORES DA CUNHA",14015,"0",33.1846233920738,6.396,16.8010005950928,8.66800022125244,0.456999987363815,17.6001787576344,-29.0288887023926,51.1816673278809
4308250,"RS","FLORIANO PEIXOTO",2109,"0",20.3510238194735,2.328,51.2799987792969,11.8000001907349,0.456999987363815,11.2751584372171,-27.8605556488037,52.0844459533691
4308300,"RS","FONTOURA XAVIER",8335,"0",38.4135145060595,10.215,74.6660003662109,31.3360004425049,0.554000020027161,13.2310516653554,-28.9827785491943,52.345832824707
4308409,"RS","FORMIGUEIRO",6019,"0",26.5222849968613,6.444,69.1490020751953,21.3390007019043,0.666999995708466,14.7803617571059,-30.0002784729004,53.4991683959961
4308458,"RS","FORTALEZA DOS VALOS",3393,"0",22.4259974259974,4.353,50.4869995117188,14.1029996871948,0.64300000667572,35.5679702048417,-28.7972221374512,53.2227783203125
4308508,"RS","FREDERICO WESTPHALEN",19213,"0",16.2687316268732,5.088,49.6590003967285,12.53600025177,0.602999985218048,24.6081590300912,-27.359167098999,53.3944435119629
4308607,"RS","GARIBALDI",18199,"0",39.6630934150077,9.665,17.2430000305176,6.19299983978271,0.512000024318695,21.6236123533435,-29.2561111450195,51.5336112976074
4308656,"RS","GARRUCHOS",2564,"0",17.1645844649647,5.733,83.3779983520508,24.7310009002686,0.542999982833862,13.9452780229479,-28.1836109161377,55.6388893127441
4308706,"RS","GAURAMA",5178,"0",23.8186385931332,3.17,51.9179992675781,10.6549997329712,0.522000014781952,30.1051795991268,-27.5841674804688,52.094165802002
4308805,"RS","GENERAL CAMARA",6660,"0",24.8163115356356,7.097,59.0540008544922,20.625,0.556999981403351,18.2988111288148,-29.9050006866455,51.7602767944336
4308854,"RS","GENTIL",1614,"0",20.8658623136977,3.567,65.4369964599609,20.2900009155273,0.540000021457672,17.704688593422,-28.4302768707275,52.0355567932129
4308904,"RS","GETULIO VARGAS",11373,"0",26.0979149163675,7.896,44.8629989624023,9.39599990844727,0.540000021457672,29.9915495121764,-27.8902778625488,52.2275009155273
4309001,"RS","GIRUA",14450,"0",22.1456268849634,5.154,62.431999206543,15.3879995346069,0.605000019073486,22.02747780856,-28.0283336639404,54.349723815918
4309050,"RS","GLORINHA",4778,"0",37.1441795880583,12.134,56.8899993896484,23.8680000305176,0.504000008106232,16.1079865016873,-29.8805561065674,50.7830543518066
4309100,"RS","GRAMADO",17686,"0",14.9756445289295,9.767,21.8700008392334,10.5349998474121,0.492000013589859,14.1883886255924,-29.3786106109619,50.8738899230957
4309126,"RS","GRAMADO DOS LOUREIROS",2281,"0",25.2027448533999,7.067,84.1910018920898,25.8090000152588,0.546999990940094,24.5585874799358,-27.4438896179199,52.9174995422363
4309159,"RS","GRAMADO XAVIER",2530,"0",20.5316223648029,5.386,51.2529983520508,23.3239994049072,0.446999996900558,25.8651286601597,-29.2680549621582,52.5788879394531
4309209,"RS","GRAVATAI",109612,"1",11.1865390194372,18.488,25.242000579834,9.92300033569336,0.448000013828278,27.9820627802691,-29.9444446563721,50.991943359375
4309258,"RS","GUABIJU",1492,"0",26.7684887459807,4.313,49.1370010375977,10.2600002288818,0.540000021457672,23.342939481268,-28.5408325195312,51.6902770996094
4309308,"RS","GUAIBA",50923,"1",9.12093190825027,12.878,29.9360008239746,11.1719999313354,0.479999989271164,30.2034267848695,-30.1138896942139,51.3250007629395
4309407,"RS","GUAPORE",13024,"0",30.0429851364649,6.767,23.0209999084473,11.4379997253418,0.476000010967255,22.1525600835946,-28.8455562591553,51.8902778625488
4309506,"RS","GUARANI DAS MISSOES",7221,"0",24.6109607577808,6.562,58.9980010986328,10.8889999389648,0.537000000476837,26.7187315110638,-28.140832901001,54.5580558776855
4309555,"RS","HARMONIA",2772,"0",27.005036807439,3.649,27.7709999084473,3.8199999332428,0.483999997377396,19.3348801237432,-29.5477771759033,51.4255561828613
4309571,"RS","HERVEIRAS",2175,"0",29.3587705352411,10.108,61.1980018615723,24.9750003814697,0.483999997377396,11.2751584372171,-29.406665802002,52.6525001525879
4309605,"RS","HORIZONTINA",12848,"0",21.7425988299947,4.725,36.0169982910156,8.82699966430664,0.561999976634979,37.2437819006724,-27.6258335113525,54.3077774047852
4309654,"RS","HULHA NEGRA",3341,"0",22.1446035626965,7.389,66.4869995117188,24.2740001678467,0.575999975204468,30.8814770696843,-31.404167175293,53.8694458007812
4309704,"RS","HUMAITA",4646,"0",22.5697721450721,4.791,51.5900001525879,8.97399997711182,0.546000003814697,27.0112359550562,-27.5630550384521,53.9741668701172
4309753,"RS","IBARAMA",3594,"0",26.197011283928,4.586,56.0340003967285,19.6569995880127,0.528999984264374,14.3070044709389,-29.4194450378418,53.1347236633301
4309803,"RS","IBIACA",4101,"0",26.1723009814613,4.523,51.9589996337891,18.423999786377,0.565999984741211,22.6122870418172,-28.0569438934326,51.8547210693359
4309902,"RS","IBIRAIARAS",5251,"0",21.098708688991,3.698,42.1759986877441,15.1579999923706,0.572000026702881,24.7810005839984,-28.3700008392334,51.6363906860352
4309951,"RS","IBIRAPUITA",3818,"0",29.8179659675505,6.172,71.2440032958984,25.7169990539551,0.561999976634979,13.1313131313131,-28.6247215270996,52.5113906860352
4310009,"RS","IBIRUBA",13518,"0",23.5785288270378,4.582,36.1920013427734,8.08399963378906,0.552999973297119,29.6108291032149,-28.6275005340576,53.0897216796875
4310108,"RS","IGREJINHA",15296,"0",19.3577163247101,9.908,18.5540008544922,9.19099998474121,0.446999996900558,19.9764901120177,-29.5744438171387,50.7902793884277
4310207,"RS","IJUI",52594,"1",5.1217497344715,8.249,42.3520011901855,9.50399971008301,0.572000026702881,28.4582608173798,-28.3877773284912,53.914722442627
4310306,"RS","ILOPOLIS",2523,"0",33.0062571103527,4.831,47.3390007019043,13.3360004425049,0.5,11.8509212730318,-28.9266662597656,52.1241683959961
4310330,"RS","IMBE",7356,"0",21.9278881530537,4.466,22.1580009460449,10.4379997253418,0.493000000715256,18.6569579288026,-29.9752769470215,50.1280555725098
4310363,"RS","IMIGRANTE",2845,"0",39.0878318189916,6.048,27.6240005493164,4.67899990081787,0.5,16.5109034267913,-29.3552780151367,51.7769432067871
4310405,"RS","INDEPENDENCIA",5434,"0",19.1858329046954,5.003,66.1009979248047,12.9350004196167,0.569999992847443,26.468910439247,-27.8333339691162,54.1883316040039
4310413,"RS","INHACORA",2006,"0",30.219111381619,6.307,79.0559997558594,27.2789993286133,0.6700000166893,13.5746606334842,-27.8830547332764,54.0169448852539
4310439,"RS","IPE",4385,"0",36.4705882352941,6.165,45.2630004882812,17.7569999694824,0.580999970436096,13.7031768610716,-28.8199996948242,51.279167175293
4310462,"RS","IPIRANGA DO SUL",1806,"0",22.0271348762969,2.762,38.1419982910156,10.0950002670288,0.52999997138977,22.3760092272203,-27.9366664886475,52.4263877868652
4310504,"RS","IRAI",7133,"0",25.0179985601152,6.098,62.2980003356934,16.125,0.611000001430511,20.7408416178674,-27.1936111450195,53.2505569458008
4310538,"RS","ITAARA",2401,"0",27.3748245203556,8.784,55.8320007324219,17.3050003051758,0.507000029087067,11.2751584372171,-29.6097221374512,53.764720916748
4310553,"RS","ITACURUBI",2790,"0",24.8646209386282,5.564,73.5429992675781,18.2140007019043,0.630999982357025,9.89053948397185,-28.7952785491943,55.235279083252
4310579,"RS","ITAPUCA",1863,"0",33.3954354913833,5.217,55.148998260498,19.6319999694824,0.474000006914139,11.3390313390313,-28.7797222137451,52.1722221374512
4310603,"RS","ITAQUI",24958,"0",24.3864433190495,8.502,58.140998840332,14.4440002441406,0.610000014305115,16.6892074655126,-29.1252784729004,56.5530548095703
4310702,"RS","ITATIBA DO SUL",4534,"0",26.8852145656122,10.039,76.6449966430664,17.6009998321533,0.555999994277954,35.9271899886234,-27.3866672515869,52.4527778625488
4310751,"RS","IVORA",2006,"0",20.4918032786885,4.55,57.2939987182617,10.1899995803833,0.541999995708466,32.7757449032933,-29.5202770233154,53.5805549621582
4310801,"RS","IVOTI",8901,"0",23.1108802908335,5.749,12.5749998092651,4.72399997711182,0.460999995470047,26.2528618672094,-29.5911102294922,51.1605567932129
4310850,"RS","JABOTICABA",4480,"0",21.8921536971263,6.703,77.4530029296875,20.6679992675781,0.587999999523163,23.7028945931185,-27.6308326721191,53.2772216796875
4310900,"RS","JACUTINGA",3172,"0",24.1071428571429,3.944,55.0970001220703,13.4809999465942,0.550999999046326,27.3028495692512,-27.728889465332,52.5349998474121
4311007,"RS","JAGUARAO",19551,"0",34.7922404502455,12.124,50.0830001831055,15.1009998321533,0.566999971866608,25.4166446219777,-32.5661125183105,53.3758316040039
4311106,"RS","JAGUARI",9574,"0",26.4129181084198,7.72,59.6629981994629,13.0550003051758,0.646000027656555,19.0017137960583,-29.4974994659424,54.689998626709
4311122,"RS","JAQUIRANA",3234,"0",31.3904761904762,8.056,68.3190002441406,18.5949993133545,0.524999976158142,8.08597748208802,-28.8847217559814,50.3577766418457
4311130,"RS","JARI",2551,"0",28.4705882352941,7.518,81.5279998779297,17.4769992828369,0.600000023841858,11.2751584372171,-29.291389465332,54.2238883972168
4311155,"RS","JOIA",5376,"0",18.2996245609786,6.033,65.8769989013672,15.7440004348755,0.587999999523163,18.047218887555,-28.6466674804688,54.1222229003906
4311205,"RS","JULIO DE CASTILHOS",14099,"0",27.8731280498065,8.957,60.2150001525879,14.8970003128052,0.675999999046326,24.92097331471,-29.2269439697266,53.6816673278809
4311254,"RS","LAGOAO",4531,"0",31.1224489795918,7.671,79.0989990234375,39.6640014648438,0.522000014781952,9.13401547292239,-29.2350006103516,52.7958335876465
4311270,"RS","LAGOA DOS TRES CANTOS",1316,"0",15.3641679957469,5.644,39.6529998779297,5.53700017929077,0.569000005722046,17.5424413904608,-28.5708332061768,52.8577766418457
4311304,"RS","LAGOA VERMELHA",20167,"0",32.6686266990498,7.646,54.0099983215332,18.0799999237061,0.564999997615814,18.6850499022533,-28.208610534668,51.5258331298828
4311403,"RS","LAJEADO",38820,"0",23.4377848447406,9.132,21.3040008544922,7.64200019836426,0.49099999666214,20.5581721615392,-29.4669437408447,51.9613876342773
4311429,"RS","LAJEADO DO BUGRE",2013,"0",23.8315060588575,7.222,91.8619995117188,34.0509986877441,0.535000026226044,26.7245784363822,-27.6894435882568,53.1816673278809
4311502,"RS","LAVRAS DO SUL",6478,"0",33.7015540161019,11.699,56.7360000610352,18.923999786377,0.629000008106232,13.6668797953964,-30.8130550384521,53.8950004577637
4311601,"RS","LIBERATO SALZANO",5763,"0",24.3516209476309,5.261,78.4339981079102,24.0790004730225,0.577000021934509,31.7864182046228,-27.6000003814697,53.0727767944336
4311627,"RS","LINDOLFO COLLOR",2695,"0",27.0142180094787,5.24,26.4249992370605,9.82800006866455,0.379000008106232,24.874715261959,-29.59694480896,51.2094459533691
4311643,"RS","LINHA NOVA",1119,"0",33.7175792507205,4.459,43.2249984741211,3.48000001907349,0.522000014781952,8.4396467124632,-29.4675006866455,51.2008323669434
4311700,"RS","MACHADINHO",4809,"0",22.0574865375201,5.923,66.5169982910156,24.386999130249,0.578000009059906,14.5161290322581,-27.5669441223145,51.6677780151367
4311718,"RS","MACAMBARA",2755,"0",28.7092328892972,7.748,71.6320037841797,22.5340003967285,0.606000006198883,11.2751584372171,-29.1427783966064,56.064998626709
4311734,"RS","MAMPITUBA",2583,"0",35.3713768115942,5.759,58.1189994812012,22.4580001831055,0.483999997377396,11.2751584372171,-29.211389541626,49.9347229003906
4311759,"RS","MANOEL VIANA",4336,"0",25.1252086811352,6.199,67.2089996337891,18.6000003814697,0.556999981403351,10.9275730622618,-29.5891666412354,55.4827766418457
4311775,"RS","MAQUINE",5405,"0",41.9135942094549,9.752,59.0250015258789,20.121000289917,0.550000011920929,11.8114933386359,-29.6749992370605,50.2072219848633
4311791,"RS","MARATA",1979,"0",17.8819444444444,3.765,39.3300018310547,7.30499982833862,0.448000013828278,9.79547900968784,-29.5488891601562,51.5538902282715
4311809,"RS","MARAU",16968,"0",27.5733233700729,6.007,31.2509994506836,13.4790000915527,0.560000002384186,28.7180444112708,-28.4491672515869,52.2000007629395
4311908,"RS","MARCELINO RAMOS",5115,"0",24.9317038102085,22.792,55.7179985046387,12.1040000915527,0.59500002861023,26.1743630573248,-27.4616661071777,51.9063873291016
4311981,"RS","MARIANA PIMENTEL",2681,"0",29.2134831460674,7.606,54.9749984741211,17.4820003509521,0.488999992609024,10.8945969884854,-30.3525009155273,51.5830574035645
4312005,"RS","MARIANO MORO",2227,"0",29.3543136190993,5.593,46.4930000305176,15.9860000610352,0.541000008583069,32.0261437908497,-27.353889465332,52.1472206115723
4312054,"RS","MARQUES DE SOUZA",3569,"0",28.368999421631,3.77,48.3730010986328,11.9709997177124,0.551999986171722,11.2751584372171,-29.3274993896484,52.0924987792969
4312104,"RS","MATA",4242,"0",31.5918869084204,8.408,64.5739974975586,18.6550006866455,0.609000027179718,14.7941888619855,-29.5655555725098,54.460277557373
4312138,"RS","MATO CASTELHANO",1929,"0",28.9719626168224,4.689,62.0190010070801,22.8120002746582,0.532000005245209,15.5261644623347,-28.2783336639404,52.1916656494141
4312153,"RS","MATO LEITAO",2504,"0",20.8847299021693,3.727,42.9379997253418,6.16599988937378,0.488000005483627,23.224043715847,-29.5244445800781,52.1286125183105
4312203,"RS","MAXIMILIANO DE ALMEIDA",4979,"0",24.854033970276,17.047,64.6600036621094,16.4810009002686,0.612999975681305,19.290780141844,-27.6322231292725,51.8033332824707
4312252,"RS","MINAS DO LEAO",5499,"0",35.9531416400426,7.574,51.2919998168945,24.048999786377,0.476999998092651,23.8414513902583,-30.1266670227051,52.0475006103516
4312302,"RS","MIRAGUAI",5037,"0",15.8338012352611,8.218,81.4150009155273,19.8969993591309,0.644999980926514,22.5020644095789,-27.4941673278809,53.6861114501953
4312351,"RS","MONTAURI",1497,"0",29.7836470918797,2.637,35.9609985351562,12.6540002822876,0.485000014305115,18.6764705882353,-28.6519451141357,52.0699996948242
4312377,"RS","MONTE ALEGRE DOS CAMPOS",2558,"0",38.4100747737111,4.986,71.7149963378906,23.6009998321533,0.503000020980835,11.2751584372171,-28.6830558776855,50.7827758789062
4312385,"RS","MONTE BELO DO SUL",2687,"0",26.3507896924356,4.153,19.9120006561279,7.8270001411438,0.397000014781952,13.00395256917,-29.1627769470215,51.6316680908203
4312401,"RS","MONTENEGRO",33336,"0",24.3001443001443,11.408,32.5999984741211,10.5179996490479,0.527999997138977,26.3941786654281,-29.6886119842529,51.4611129760742
4312427,"RS","MORMACO",2132,"0",26.4434484576852,3.678,71.9619979858398,23.7259998321533,0.560000002384186,14.3053016453382,-28.6922225952148,52.6922225952148
4312443,"RS","MORRINHOS DO SUL",2827,"0",34.4668345927792,4.25,49.1290016174316,23.1609992980957,0.485000014305115,16.1182994454713,-29.3649997711182,49.9347229003906
4312450,"RS","MORRO REDONDO",4781,"0",28.1312347594768,8.836,57.8380012512207,16.6030006408691,0.533999979496002,12.4249422632794,-31.5883331298828,52.6319427490234
4312476,"RS","MORRO REUTER",3266,"0",32.408236347359,3.865,21.1830005645752,4.85599994659424,0.38400000333786,19.4637537239325,-29.5380554199219,51.0808334350586
4312500,"RS","MOSTARDAS",6806,"0",39.3691333769919,7.578,50.9010009765625,23.257999420166,0.612999975681305,8.37188479331443,-31.1069450378418,50.9211120605469
4312609,"RS","MUCUM",4319,"0",30.7334109429569,10.928,20.4540004730225,11.5819997787476,0.453999996185303,15.4657578708212,-29.164722442627,51.8677787780762
4312617,"RS","MUITOS CAPOES",1934,"0",33.3519553072626,5.302,64.8050003051758,15.5939998626709,0.523999989032745,11.2751584372171,-28.3141670227051,51.1816673278809
4312625,"RS","MULITERNO",1279,"0",27.0386266094421,4.248,56.7190017700195,16.6340007781982,0.504999995231628,22.1044045676998,-28.3294448852539,51.7675018310547
4312658,"RS","NAO ME TOQUE",9795,"0",26.8231203824424,6.536,33.4010009765625,9.50500011444092,0.583000004291534,27.9924002533249,-28.4591674804688,52.8208351135254
4312674,"RS","NICOLAU VERGUEIRO",1558,"0",26.9654665686995,3.091,63.8199996948242,12.951000213623,0.560000002384186,14.0397350993377,-28.5358333587646,52.464168548584
4312708,"RS","NONOAI",9222,"0",28.7941139792992,8.667,64.0609970092773,23.132999420166,0.656000018119812,22.9810798338717,-27.361665725708,52.7713890075684
4312757,"RS","NOVA ALVORADA",1942,"0",25.0982594048287,3.64,52.7569999694824,18.3859996795654,0.586000025272369,13.8063806380638,-28.6774997711182,52.166389465332
4312807,"RS","NOVA ARACA",2465,"0",25.0757649819142,1.655,17.4990005493164,8.75699996948242,0.500999987125397,12.4401913875598,-28.65944480896,51.7449989318848
4312906,"RS","NOVA BASSANO",5270,"0",27.5269541778976,3.74,24.173999786377,10.2069997787476,0.474000006914139,18.5583121703458,-28.723611831665,51.7047233581543
4312955,"RS","NOVA BOA VISTA",1938,"0",11.0154905335628,1.633,49.6450004577637,5.93100023269653,0.490000009536743,26.1153427638738,-27.9941673278809,52.978889465332
4313003,"RS","NOVA BRESCIA",4134,"0",28.2306477093207,5.127,45.1839981079102,12.878999710083,0.532999992370605,7.2992700729927,-29.2144451141357,52.0275001525879
4313011,"RS","NOVA CANDELARIA",2329,"0",27.8195488721804,6.208,63.2330017089844,5.98600006103516,0.476000010967255,11.2751584372171,-27.6072216033936,54.1069450378418
4313037,"RS","NOVA ESPERANCA DO SUL",2758,"0",30.4489500362056,3.881,53.8540000915527,15.9329996109009,0.558000028133392,9.08731726590281,-29.4097213745117,54.8291664123535
4313060,"RS","NOVA HARTZ",7556,"0",32.0682709636383,9.7,19.2479991912842,9.84799957275391,0.386000007390976,24.8808522567984,-29.5825004577637,50.9022216796875
4313086,"RS","NOVA PADUA",1930,"0",28.3541553503531,2.605,17.507999420166,5.8270001411438,0.407000005245209,12.7456485120719,-29.0286102294922,51.3066673278809
4313102,"RS","NOVA PALMA",4663,"0",18.3656097041924,3.615,59.1049995422363,13.5050001144409,0.591000020503998,31.7602326101543,-29.4716663360596,53.4688873291016
4313201,"RS","NOVA PETROPOLIS",11035,"0",23.7363259147492,5.055,21.238000869751,5.26800012588501,0.5,12.0988565105127,-29.3763885498047,51.114444732666
4313300,"RS","NOVA PRATA",11567,"0",28.6867041753035,5.729,25.2390003204346,7.60599994659424,0.469999998807907,25.0764801151701,-28.7838897705078,51.6100006103516
4313334,"RS","NOVA RAMADA",2257,"0",17.2393878140341,4.257,66.5930023193359,13.173999786377,0.666999995708466,11.2751584372171,-28.0641670227051,53.6972236633301
4313359,"RS","NOVA ROMA DO SUL",2391,"0",23.3414379993053,4.274,23.7199993133545,13.1499996185303,0.439000010490417,16.6666666666667,-28.9902782440186,51.4080543518066
4313375,"RS","NOVA SANTA RITA",7516,"0",27.7055665442215,9.558,37.0330009460449,14.7320003509521,0.483999997377396,26.6369710467706,-29.8566665649414,51.2738876342773
4313391,"RS","NOVO CABRAIS",2316,"0",19.6236559139785,4.391,56.1500015258789,17.1189994812012,0.552999973297119,11.2751584372171,-29.7352771759033,52.9483337402344
4313409,"RS","NOVO HAMBURGO",132464,"1",7.14941645935251,14.511,22.0559997558594,8.66699981689453,0.523999989032745,26.8090278336741,-29.6783332824707,51.1305541992188
4313425,"RS","NOVO MACHADO",4293,"0",25.8232235701906,3.396,65.4189987182617,12.7690000534058,0.574000000953674,21.8522372528616,-27.5736103057861,54.5052795410156
4313441,"RS","NOVO TIRADENTES",2031,"0",22.5454545454545,4.704,76.0429992675781,23.0550003051758,0.545000016689301,35.5841371918542,-27.5625,53.1819458007812
4313490,"RS","NOVO BARREIRO",3003,"0",21.3021939136589,5.702,81.2210006713867,20.1350002288818,0.504000008106232,41.7520310844225,-27.9091663360596,53.1080551147461
4313508,"RS","OSORIO",23705,"0",29.232006433454,8.798,29.6469993591309,12.4289999008179,0.561999976634979,18.324256762789,-29.8866672515869,50.2697219848633
4313607,"RS","PAIM FILHO",3762,"0",25.8620689655172,6.793,65.2350006103516,15.1829996109009,0.574000000953674,24.3579345769127,-27.7105560302734,51.760555267334
4313656,"RS","PALMARES DO SUL",8044,"0",30.8312192210118,9.742,51.1430015563965,20.0149993896484,0.64300000667572,19.9081000213721,-30.2577781677246,50.5097236633301
4313706,"RS","PALMEIRA DAS MISSOES",24759,"0",25.0449427571199,9.846,59.3339996337891,20.9290008544922,0.649999976158142,23.8013404365011,-27.8994445800781,53.3136100769043
4313805,"RS","PALMITINHO",5490,"0",21.0315935121839,10.074,77.7249984741211,20.2810001373291,0.646000027656555,22.7564102564103,-27.3549995422363,53.5550003051758
4313904,"RS","PANAMBI",21035,"0",23.7986082685223,5.44,42.5950012207031,7.4670000076294,0.510999977588654,27.8646228562756,-28.2924995422363,53.5016670227051
4313953,"RS","PANTANO GRANDE",7258,"0",27.1442338580148,9.846,56.851001739502,24.0380001068115,0.591000020503998,17.5036927621861,-30.1913890838623,52.3736114501953
4314001,"RS","PARAI",4053,"0",27.5192173305381,2.62,30.6709995269775,7.96000003814697,0.515999972820282,13.9429485470541,-28.594165802002,51.7855567932129
4314027,"RS","PARAISO DO SUL",4548,"0",23.5623181919893,5.14,49.2400016784668,15.0260000228882,0.580999970436096,20.3467372983385,-29.6686115264893,53.1488876342773
4314035,"RS","PARECI NOVO",2004,"0",21.0961737331954,4.543,33.7760009765625,5.18300008773804,0.513999998569489,11.5282919090428,-29.638334274292,51.3974990844727
4314050,"RS","PAROBE",22424,"0",31.4300578786499,8.279,22.8279991149902,12.7530002593994,0.418999999761581,22.5844542560838,-29.6286106109619,50.8347206115723
4314068,"RS","PASSA SETE",3639,"0",28.9167974882261,5.721,63.0789985656738,26.7630004882812,0.47299998998642,11.2751584372171,-29.453332901001,52.9613876342773
4314076,"RS","PASSO DO SOBRADO",3970,"0",29.6981234702203,6.243,45.3520011901855,12.0030002593994,0.60699999332428,24.0224891387682,-29.7480564117432,52.2747230529785
4314100,"RS","PASSO FUNDO",98147,"1",5.43910412157088,7.511,30.7089996337891,10.1800003051758,0.560000002384186,29.0698798286027,-28.2627773284912,52.406665802002
4314159,"RS","PAVERAMA",5645,"0",31.8433463194587,9.895,48.9169998168945,12.3269996643066,0.46000000834465,16.2404330782154,-29.5516662597656,51.7302780151367
4314209,"RS","PEDRO OSORIO",6500,"0",27.070181953212,8.23,45.7159996032715,23.6350002288818,0.582000017166138,22.7245534569695,-31.8641662597656,52.8233337402344
4314308,"RS","PEJUCARA",3381,"0",24.4156445267299,5.426,53.6139984130859,10.8290004730225,0.705999970436096,32.3269289417505,-28.4233341217041,53.655834197998
4314407,"RS","PELOTAS",205375,"1",6.92676057851995,10.055,40.7480010986328,10.0740003585815,0.587000012397766,28.8045783168598,-31.7719440460205,52.3424987792969
4314423,"RS","PICADA CAFE",3004,"0",27.1596160682545,5.905,19.2870006561279,4.44600009918213,0.421999990940094,19.0335669494651,-29.4441661834717,51.1363906860352
4314456,"RS","PINHAL",2027,"0",13.6091954022989,3.314,73.2109985351562,19.6720008850098,0.52999997138977,26.7687434002112,-27.5108337402344,53.2150001525879
4314472,"RS","PINHAL GRANDE",3081,"0",32.8090709583029,4.429,62.7400016784668,14.6099996566772,0.561999976634979,25.3222137983321,-29.3461112976074,53.3066673278809
4314498,"RS","PINHEIRINHO DO VALE",3040,"0",20.6159564582504,5.887,78.5960006713867,20.9139995574951,0.626999974250793,18.1918819188192,-27.2097225189209,53.611946105957
4314506,"RS","PINHEIRO MACHADO",10687,"0",32.0034976500164,8.935,54.2319984436035,21.1070003509521,0.565999984741211,18.9922480620155,-31.578332901001,53.3811111450195
4314555,"RS","PIRAPO",3022,"0",21.3890857547838,4.738,79.8399963378906,21.8519992828369,0.566999971866608,20.2124015073655,-28.0447216033936,55.1988906860352
4314605,"RS","PIRATINI",14662,"0",38.0231596360629,11.019,67.2539978027344,28.2169990539551,0.578999996185303,10.4236145604201,-31.448055267334,53.1041679382324
4314704,"RS","PLANALTO",8636,"0",29.7181530026557,14.994,66.3489990234375,19.1760005950928,0.587999999523163,20.3060480932718,-27.3288879394531,53.0586128234863
4314753,"RS","POCO DAS ANTAS",1789,"0",26.9449715370019,2.348,41.9469985961914,6.07100009918213,0.472000002861023,18.4652278177458,-29.4494438171387,51.6708335876465
4314779,"RS","PONTAO",2625,"0",17.9245283018868,3.8,72.9499969482422,15.4820003509521,0.587000012397766,33.3189655172414,-28.0591659545898,52.6772232055664
4314787,"RS","PONTE PRETA",1786,"0",23.2589670898558,1.878,67.2570037841797,11.878999710083,0.508000016212463,32.9254079254079,-27.6538887023926,52.4880561828613
4314803,"RS","PORTAO",14397,"0",34.5978818467648,11.276,32.6990013122559,13.9870004653931,0.446999996900558,26.5773270554147,-29.7016658782959,51.241943359375
4315008,"RS","PORTO LUCENA",5321,"0",24.2134284787545,6.621,73.1959991455078,16.30299949646,0.568000018596649,29.0526745610453,-27.8561115264893,55.0163879394531
4315057,"RS","PORTO MAUA",2194,"0",23.3208417411358,2.701,66.0500030517578,12.3369998931885,0.546999990940094,35.2586639879458,-27.5752773284912,54.6680564880371
4315073,"RS","PORTO VERA CRUZ",2191,"0",20.4153605015674,3.016,77.6190032958984,12.3009996414185,0.541999995708466,27.9490944689183,-27.7361106872559,54.9005546569824
4315107,"RS","PORTO XAVIER",8368,"0",29.2618900555899,5.017,69.6149978637695,24.0949993133545,0.662999987602234,19.6603190941842,-27.9055557250977,55.1375007629395
4315131,"RS","POUSO NOVO",1828,"0",24.397299903568,6.188,62.4990005493164,21.6429996490479,0.561999976634979,10.3448275862069,-29.1708335876465,52.2075004577637
4315149,"RS","PRESIDENTE LUCENA",1587,"0",21.8905472636816,3.173,34.6920013427734,5.25299978256226,0.402999997138977,18.0564674983585,-29.5194435119629,51.1780548095703
4315156,"RS","PROGRESSO",4881,"0",24.7123184304848,5.764,48.939998626709,23.8409996032715,0.499000012874603,18.2730923694779,-29.2441673278809,52.3122215270996
4315172,"RS","PROTASIO ALVES",1804,"0",19.527736131934,2.662,45.8580017089844,17.0440006256104,0.486999988555908,13.3973996608253,-28.7572231292725,51.4727783203125
4315206,"RS","PUTINGA",4455,"0",37.175224726019,4.548,56.6549987792969,17.2469997406006,0.523999989032745,9.52498762988619,-29.0019435882568,52.154167175293
4315305,"RS","QUARAI",17055,"0",24.4602292706941,10.607,57.0919990539551,13.4840002059937,0.616999983787537,17.2153298120624,-30.3875007629395,56.4513893127441
4315321,"RS","QUEVEDOS",1967,"0",25.2095808383234,5.332,70.6579971313477,19.8229999542236,0.510999977588654,14.0616246498599,-29.3525009155273,54.0716667175293
4315354,"RS","QUINZE DE NOVEMBRO",2712,"0",22.020051986632,2.337,40.5810012817383,7.24300003051758,0.574999988079071,21.1941478845393,-28.7483329772949,53.0936126708984
4315404,"RS","REDENTORA",5518,"0",28.3527885862516,8.335,85.3450012207031,33.601001739502,0.671999990940094,24.0236686390533,-27.6644439697266,53.6377792358398
4315453,"RS","RELVADO",2346,"0",26.0766361478467,10.553,41.7849998474121,10.7639999389648,0.507000029087067,7.94849023090586,-29.1113891601562,52.0716667175293
4315503,"RS","RESTINGA SECA",11370,"0",26.9453768690876,9.039,53.2859992980957,19.2830009460449,0.598999977111816,22.9594619160153,-29.8133335113525,53.375
4315552,"RS","RIO DOS INDIOS",3925,"0",31.6828130606387,7.459,88.3209991455078,28.201000213623,0.573000013828278,23.3624454148472,-27.3002777099609,52.8408317565918
4315602,"RS","RIO GRANDE",117628,"1",10.0873204455005,15.493,35.6209983825684,11.5550003051758,0.53600001335144,27.7639008601734,-32.0349998474121,52.0986099243164
4315701,"RS","RIO PARDO",25234,"0",25.0307395046548,10.771,53.9609985351562,18.8929996490479,0.58899998664856,25.0560448358687,-29.9897212982178,52.3780555725098
4315750,"RS","RIOZINHO",2637,"0",28.2845188284519,7.343,53.226001739502,20.132999420166,0.472000002861023,14.9563772330702,-29.6411113739014,50.4524993896484
4315800,"RS","ROCA SALES",7377,"0",27.4126702190645,4.804,28.0470008850098,8.52200031280518,0.465999990701675,19.3163097199341,-29.2841663360596,51.8675003051758
4315909,"RS","RODEIO BONITO",4379,"0",16.9250798911114,4.527,59.6259994506836,19.4449996948242,0.569999992847443,33.2024977698483,-27.4705562591553,53.168888092041
4316006,"RS","ROLANTE",10597,"0",27.5486971920061,6.174,42.2430000305176,19.1490001678467,0.458999991416931,15.0914634146341,-29.6505546569824,50.5758323669434
4316105,"RS","RONDA ALTA",7480,"0",23.2172198488334,4.474,63.5540008544922,17.0650005340576,0.602999985218048,39.271954297861,-27.7666664123535,52.801944732666
4316204,"RS","RONDINHA",5176,"0",21.5527230590962,3.34,52.3569984436035,11.3299999237061,0.58899998664856,36.3761018609207,-27.8280563354492,52.9097213745117
4316303,"RS","ROQUE GONZALES",7010,"0",23.0084304253102,4.761,70.0559997558594,17.9650001525879,0.554000020027161,18.4400429909412,-28.1313896179199,55.0255546569824
4316402,"RS","ROSARIO DO SUL",30735,"0",30.8864034721643,9.649,58.8310012817383,16.8279991149902,0.587999999523163,17.3986486486486,-30.2583332061768,54.9141654968262
4316428,"RS","SAGRADA FAMILIA",2337,"0",18.6059584035975,7.57,85.7679977416992,23.2229995727539,0.531000018119812,27.7258566978193,-27.7069435119629,53.135555267334
4316436,"RS","SALDANHA MARINHO",2660,"0",19.7756543415039,3.79,38.8089981079102,11.2969999313354,0.638999998569489,16.6929755327545,-28.3933334350586,53.0947227478027
4316451,"RS","SALTO DO JACUI",8072,"0",23.6752204655597,8.097,59.2849998474121,23.2110004425049,0.615000009536743,24.367816091954,-29.0883331298828,53.2125015258789
4316477,"RS","SALVADOR DAS MISSOES",2157,"0",15.5729676787463,1.382,55.0040016174316,3.81299996376038,0.507000029087067,46.8830499742401,-28.1263885498047,54.835277557373
4316501,"RS","SALVADOR DO SUL",5203,"0",21.4231478468381,3.217,36.6220016479492,5.09200000762939,0.481000006198883,12.6187525815779,-29.4383335113525,51.5113906860352
4316600,"RS","SANANDUVA",10570,"0",23.9054184808902,5.497,42.3030014038086,13.0299997329712,0.521000027656555,27.388155936911,-27.9497222900391,51.8066673278809
4316709,"RS","SANTA BARBARA DO SUL",7040,"0",27.0674248578392,5.17,55.1640014648438,14.3170003890991,0.633000016212463,24.3003109729009,-28.3583335876465,53.2472229003906
4316758,"RS","SANTA CLARA DO SUL",3713,"0",18.5721544715447,2.324,40.0250015258789,6.9539999961853,0.462999999523163,14.8048853142687,-29.4688892364502,52.0875015258789
4316808,"RS","SANTA CRUZ DO SUL",67866,"1",8.35990420800547,7.96,24.6159992218018,9.44999980926514,0.53600001335144,28.5791421175499,-29.7175006866455,52.4258346557617
4316907,"RS","SANTA MARIA",151450,"1",7.62331162566329,11.958,28.2880001068115,8.74600028991699,0.546000003814697,27.6399499560785,-29.6841659545898,53.8069458007812
4316956,"RS","SANTA MARIA DO HERVAL",3920,"0",30.3101997896951,3.124,31.1280002593994,3.76900005340576,0.386999994516373,15.6165858912224,-29.4980564117432,50.9927787780762
4317004,"RS","SANTANA DA BOA VISTA",7408,"0",32.5741377707539,9.125,74.0830001831055,25.7569999694824,0.504000008106232,6.69291338582677,-30.8719444274902,53.1152763366699
4317103,"RS","SANTANA DO LIVRAMENTO",60544,"1",7.13402790040614,12.014,49.8390007019043,10.2030000686646,0.605000019073486,24.1944160058304,-30.890832901001,55.5327758789062
4317202,"RS","SANTA ROSA",40918,"1",5.34203854524242,4.997,42.2080001831055,8.82299995422363,0.570999979972839,29.9525413349663,-27.8708324432373,54.481388092041
4317251,"RS","SANTA TEREZA",1761,"0",31.0276679841897,5.316,27.1730003356934,9.09099960327148,0.416999995708466,22.5280898876404,-29.168888092041,51.735279083252
4317301,"RS","SANTA VITORIA DO PALMAR",21592,"0",37.1034784511048,12.013,44.9420013427734,14.5349998474121,0.607999980449677,23.4880630920235,-33.5188903808594,53.3680572509766
4317400,"RS","SANTIAGO",36378,"0",27.851012145749,9.527,43.2599983215332,11.2659997940063,0.532999992370605,15.0241854037102,-29.1916675567627,54.8672218322754
4317509,"RS","SANTO ANGELO",52670,"1",6.41887467807412,7.922,40.6209983825684,10.3990001678467,0.574999988079071,23.5773670191299,-28.299165725708,54.263053894043
4317558,"RS","SANTO ANTONIO DO PALMA",1797,"0",21.2417501833293,3.618,56.4179992675781,17.3059997558594,0.527999997138977,35.594237695078,-28.4969444274902,52.0247230529785
4317608,"RS","SANTO ANTONIO DA PATRULHA",23953,"0",30.6623830671832,10.855,41.6020011901855,21.7959995269775,0.560000002384186,12.5921683728255,-29.8174991607666,50.5197219848633
4317707,"RS","SANTO ANTONIO DAS MISSOES",9942,"0",25.9194864250368,8.952,71.6660003662109,18.3920001983643,0.628000020980835,16.5033361134279,-28.5113887786865,55.2277793884277
4317756,"RS","SANTO ANTONIO DO PLANALTO",1907,"0",16.0913705583756,3.123,60.8800010681152,13.4890003204346,0.614000022411346,16.6021029330382,-28.396110534668,52.6911125183105
4317806,"RS","SANTO AUGUSTO",11358,"0",18.7473447836378,7.664,58.2910003662109,17.673999786377,0.648999989032745,17.9939894815928,-27.8508338928223,53.7772216796875
4317905,"RS","SANTO CRISTO",11383,"0",13.9946517254552,3.824,52.2599983215332,5.91300010681152,0.50900000333786,36.8267565843434,-27.8238887786865,54.6627769470215
4317954,"RS","SANTO EXPEDITO DO SUL",2325,"0",30.8978032473734,6.558,71.5100021362305,20.6070003509521,0.533999979496002,29.4920037629351,-27.908332824707,51.6447219848633
4318002,"RS","SAO BORJA",44859,"1",4.04627492421925,10.186,54.1959991455078,15.6389999389648,0.640999972820282,15.688379583168,-28.6605548858643,56.0044441223145
4318051,"RS","SAO DOMINGOS DO SUL",2348,"0",26.3404172353285,3.562,27.7199993133545,11.8950004577637,0.49099999666214,30.8961212661614,-28.530834197998,51.8877792358398
4318101,"RS","SAO FRANCISCO DE ASSIS",15745,"0",33.2485291779297,7.179,64.6589965820312,20.375,0.560999989509583,12.0560809470273,-29.5502777099609,55.1311111450195
4318200,"RS","SAO FRANCISCO DE PAULA",14403,"0",32.605663695349,9.745,43.3460006713867,14.4250001907349,0.552999973297119,10.8119688638149,-29.448055267334,50.583610534668
4318309,"RS","SAO GABRIEL",44155,"1",5.51624628874275,8.106,58.617000579834,19.4440002441406,0.657999992370605,16.8350644150828,-30.336389541626,54.3199996948242
4318408,"RS","SAO JERONIMO",14287,"0",30.076210092688,9.639,39.8979988098145,17.2089996337891,0.547999978065491,20.5262013481192,-29.9591674804688,51.7222213745117
4318424,"RS","SAO JOAO DA URTIGA",3969,"0",22.7450980392157,3.609,68.036003112793,19.2789993286133,0.572000026702881,33.718689788054,-27.8202781677246,51.8274993896484
4318432,"RS","SAO JOAO DO POLESINE",2348,"0",19.034302759135,4.893,53.8860015869141,9.36699962615967,0.527999997138977,22.4627875507442,-29.6138896942139,53.445556640625
4318440,"RS","SAO JORGE",2217,"0",28.0412371134021,3.503,42.7459983825684,12.2889995574951,0.537000000476837,15.7116451016636,-28.5005550384521,51.7036094665527
4318457,"RS","SAO JOSE DAS MISSOES",2812,"0",21.2068965517241,5.251,81.1240005493164,22.7299995422363,0.582000017166138,29.1682936352987,-27.7800006866455,53.1216659545898
4318465,"RS","SAO JOSE DO HERVAL",1953,"0",26.2453874538745,11.212,75.8119964599609,33.1059989929199,0.609000027179718,12.2459893048128,-29.0441665649414,52.2952766418457
4318481,"RS","SAO JOSE DO HORTENCIO",2142,"0",30.1973382285452,3.315,42.1240005493164,4.47800016403198,0.428999990224838,15.2517275419546,-29.5305557250977,51.2480545043945
4318499,"RS","SAO JOSE DO INHACORA",1814,"0",23.4299516908213,1.142,62.814998626709,5.76900005340576,0.505999982357025,35.3304508956146,-27.7247219085693,54.1291656494141
4318507,"RS","SAO JOSE DO NORTE",16024,"0",28.9617486338798,11.266,66.2850036621094,30.1730003356934,0.505999982357025,12.5863642289141,-32.014720916748,52.0416679382324
4318606,"RS","SAO JOSE DO OURO",5611,"0",26.660711385415,4.814,55.6669998168945,14.6780004501343,0.574000000953674,26.9510150866083,-27.7694435119629,51.5944442749023
4318622,"RS","SAO JOSE DOS AUSENTES",2331,"0",18.2031708749266,4.225,69.4869995117188,17.4589996337891,0.555000007152557,8.93385982230997,-28.7483329772949,50.0658340454102
4318705,"RS","SAO LEOPOLDO",110559,"1",6.86905274111726,12.682,27.8929996490479,9.53800010681152,0.546999990940094,36.437364909313,-29.7602787017822,51.1472206115723
4318804,"RS","SAO LOURENCO DO SUL",30191,"0",18.2227262749689,9.726,43.5340003967285,12.0989999771118,0.564999997615814,12.3542801959026,-31.3652782440186,51.9783325195312
4318903,"RS","SAO LUIS GONZAGA",28293,"0",23.8097687697729,7.988,58.6940002441406,16.0349998474121,0.612999975681305,22.3092618232165,-28.408332824707,54.9608345031738
4319000,"RS","SAO MARCOS",12213,"0",35.3462015229325,7.072,17.4759998321533,9.49699974060059,0.504000008106232,11.8212522733177,-28.9711112976074,51.0680541992188
4319109,"RS","SAO MARTINHO",5657,"0",19.7940028241548,4.572,61.9029998779297,10.1140003204346,0.546999990940094,25.8913571028561,-27.7072219848633,53.9686126708984
4319125,"RS","SAO MARTINHO DA SERRA",2416,"0",37.8245957863792,6.034,67.9499969482422,22.2169990539551,0.512000024318695,13.4357957362419,-29.5377769470215,53.8547210693359
4319158,"RS","SAO MIGUEL DAS MISSOES",5476,"0",25.6586947709769,6.059,68.9830017089844,22.5979995727539,0.606000006198883,18.1984546563644,-28.5627784729004,54.5541648864746
4319208,"RS","SAO NICOLAU",5308,"0",30.7745345897495,8.231,76.9530029296875,29.6989994049072,0.647000014781952,15.6814449917898,-28.1825008392334,55.2672233581543
4319307,"RS","SAO PAULO DAS MISSOES",5787,"0",25.6010396361274,2.994,64.7620010375977,9.43900012969971,0.524999976158142,25.7268424611224,-28.0213890075684,54.9361114501953
4319356,"RS","SAO PEDRO DA SERRA",1888,"0",21.6623876765083,3.912,35.632999420166,5.91699981689453,0.481000006198883,12.9129129129129,-29.4211120605469,51.5133323669434
4319372,"RS","SAO PEDRO DO BUTIA",2340,"0",16.4758034724788,1.948,42.0950012207031,6.24499988555908,0.546999990940094,34.2005676442763,-28.1244449615479,54.8872222900391
4319406,"RS","SAO PEDRO DO SUL",13595,"0",32.9071212928432,9.523,56.6920013427734,13.1020002365112,0.556999981403351,14.797438661003,-29.6205558776855,54.1788902282715
4319505,"RS","SAO SEBASTIAO DO CAI",12853,"0",28.1485567199853,9.057,25.4619998931885,9.77999973297119,0.527999997138977,21.9928707618337,-29.5866661071777,51.3755569458008
4319604,"RS","SAO SEPE",18382,"0",26.2166737198476,7.801,50.556999206543,17.7759990692139,0.587000012397766,16.1591984414139,-30.1605548858643,53.5652770996094
4319703,"RS","SAO VALENTIM",3786,"0",27.712,5.878,60.8639984130859,16.6830005645752,0.632000029087067,25.3481894150418,-27.5583324432373,52.5236129760742
4319711,"RS","SAO VALENTIM DO SUL",1974,"0",28.1823939202027,4.139,46.9179992675781,13.1999998092651,0.479000002145767,19.1327913279133,-29.0469436645508,51.7649993896484
4319737,"RS","SAO VALERIO DO SUL",1852,"0",22.5859247135843,5.339,81.8809967041016,24.632999420166,0.583000004291534,19.2613636363636,-27.7872219085693,53.9369430541992
4319752,"RS","SAO VENDELINO",1279,"0",22.0168067226891,3.658,43.2719993591309,3.41300010681152,0.437000006437302,11.4740368509213,-29.3688888549805,51.3769454956055
4319802,"RS","SAO VICENTE DO SUL",5756,"0",28.5881938739585,7.83,61.9300003051758,19.9300003051758,0.658999979496002,10.6253359612973,-29.6916675567627,54.679443359375
4319901,"RS","SAPIRANGA",39307,"0",23.8829426906923,11.045,23.6650009155273,11.335000038147,0.428000003099442,29.9773871929284,-29.6380558013916,51.0069427490234
4320008,"RS","SAPUCAIA DO SUL",76836,"1",8.3805835983958,12.743,30.5459995269775,11.5500001907349,0.453000009059906,41.1212242586633,-29.8247222900391,51.1483345031738
4320107,"RS","SARANDI",12379,"0",29.2032024399543,6.182,47.5,15.4280004501343,0.537999987602234,22.488038277512,-27.9438896179199,52.9230537414551
4320206,"RS","SEBERI",9370,"0",23.9331138227129,5.561,69.3079986572266,15.875,0.591000020503998,25.0656581573695,-27.4780559539795,53.4025001525879
4320230,"RS","SEDE NOVA",2865,"0",21.95885509839,4.981,71.6370010375977,16.2709999084473,0.601999998092651,22.3765996343693,-27.6347217559814,53.945556640625
4320263,"RS","SEGREDO",5134,"0",27.6723070573669,5.662,68.7529983520508,24.5830001831055,0.51800000667572,14.4915254237288,-29.3413887023926,52.9791679382324
4320305,"RS","SELBACH",3626,"0",17.4468085106383,3.248,29.9740009307861,5.12900018692017,0.5,18.4633362547473,-28.6286106109619,52.9524993896484
4320321,"RS","SENADOR SALGADO FILHO",2299,"0",13.6867469879518,2.717,77.870002746582,11.7720003128052,0.561999976634979,11.2751584372171,-28.030834197998,54.5430564880371
4320354,"RS","SENTINELA DO SUL",3421,"0",33.6081794195251,13.582,62.9939994812012,21.5219993591309,0.541999995708466,12.9339477726575,-30.6113891601562,51.5788879394531
4320404,"RS","SERAFINA CORREA",7053,"0",39.4340339326412,3.882,21.5209999084473,12.2559995651245,0.479999989271164,24.2279184681902,-28.7116661071777,51.935001373291
4320453,"RS","SERIO",2502,"0",30.1279014684983,4.64,51.0029983520508,19.4209995269775,0.444999992847443,12.2699386503067,-29.3833332061768,52.268611907959
4320503,"RS","SERTAO",6084,"0",19.9424184261036,4.644,56.3950004577637,12.8380002975464,0.523000001907349,21.0472454374893,-27.9797229766846,52.2597236633301
4320552,"RS","SERTAO SANTANA",3607,"0",27.8284671532847,7.259,46.4280014038086,10.7209997177124,0.479000002145767,10.2436160845318,-30.460277557373,51.6033325195312
4320578,"RS","SETE DE SETEMBRO",1895,"0",23.405572755418,3.724,76.2190017700195,11.7559995651245,0.527999997138977,11.2751584372171,-28.1311111450195,54.4633331298828
4320602,"RS","SEVERIANO DE ALMEIDA",3298,"0",24.4337680164722,4.582,54.4700012207031,12.1309995651245,0.479999989271164,38.6435331230284,-27.4330558776855,52.1161117553711
4320651,"RS","SILVEIRA MARTINS",2225,"0",25.1881585549423,3.401,61.382999420166,14.1840000152588,0.60699999332428,19.7443181818182,-29.6424999237061,53.5855560302734
4320677,"RS","SINIMBU",7669,"0",30.9777478084963,9.351,55.7939987182617,14.0979995727539,0.490000009536743,17.8152886786367,-29.538610458374,52.5216674804688
4320701,"RS","SOBRADINHO",11177,"0",24.431256181998,7.323,50.4070014953613,21.8209991455078,0.592000007629395,17.7642857142857,-29.4213886260986,53.0286102294922
4320800,"RS","SOLEDADE",19656,"0",27.9707268667824,7.746,56.9480018615723,19.7189998626709,0.609000027179718,18.4771906793567,-28.8183326721191,52.5102767944336
4320859,"RS","TABAI",2187,"0",26.7140680548502,5.789,60.4869995117188,24.1730003356934,0.493000000715256,11.2751584372171,-29.6430549621582,51.6822204589844
4320909,"RS","TAPEJARA",9813,"0",23.7134986225895,3.827,47.7729988098145,13.8570003509521,0.555000007152557,31.2955138002337,-28.0680561065674,52.0138893127441
4321006,"RS","TAPERA",7291,"0",19.0055962117951,5.71,38.2029991149902,11.2729997634888,0.563000023365021,23.9938297573973,-28.6261119842529,52.8699989318848
4321105,"RS","TAPES",11327,"0",32.5496183206107,10.089,43.8419990539551,15.8339996337891,0.597000002861023,20.7064667463895,-30.6733341217041,51.3958320617676
4321204,"RS","TAQUARA",29158,"0",21.8410007742146,10.841,23.0900001525879,12.6529998779297,0.52700001001358,15.5776192695079,-29.6505546569824,50.7805557250977
4321303,"RS","TAQUARI",17483,"0",26.183736489964,7.133,39.1689987182617,16.7450008392334,0.497999995946884,21.9639649447499,-29.7997226715088,51.864444732666
4321329,"RS","TAQUARUCU DO SUL",2452,"0",19.5951644644363,3.527,59.1669998168945,15.1260004043579,0.564000010490417,32.662192393736,-27.3999996185303,53.4672241210938
4321352,"RS","TAVARES",4018,"0",30.018680844949,6.594,47.0130004882812,30.0060005187988,0.551999986171722,4.21131323199601,-31.2872219085693,51.0936126708984
4321402,"RS","TENENTE PORTELA",10235,"0",16.7414674877361,5.973,67.2639999389648,18.451000213623,0.584999978542328,27.3335360291882,-27.3711109161377,53.7583351135254
4321436,"RS","TERRA DE AREIA",7918,"0",32.3682766190999,8.104,47.234001159668,22.0960006713867,0.533999979496002,10.2676205617382,-29.585277557373,50.0708351135254
4321451,"RS","TEUTONIA",14305,"0",30.5947922503023,6.655,21.1200008392334,3.78800010681152,0.462999999523163,17.5075075075075,-29.448055267334,51.8063888549805
4321477,"RS","TIRADENTES DO SUL",6821,"0",33.096699923254,5.244,74.1330032348633,19.2700004577637,0.517000019550323,24.3614001892148,-27.3974990844727,54.0838890075684
4321493,"RS","TOROPI",2676,"0",26.1997405966278,5.439,76.2580032348633,13.9160003662109,0.574000000953674,11.2751584372171,-29.4783325195312,54.2280540466309
4321501,"RS","TORRES",17007,"0",27.3306721607005,7.788,36.1290016174316,14.0129995346069,0.601000010967255,21.5817190144819,-29.335277557373,49.7269439697266
4321600,"RS","TRAMANDAI",16275,"0",25.1130240911624,7.349,36.7970008850098,12.7159996032715,0.532000005245209,18.7694704049844,-29.9847221374512,50.1336097717285
4321626,"RS","TRAVESSEIRO",1984,"0",31.4651721377102,3.3,43.2980003356934,8.18599987030029,0.45100000500679,13.7637637637638,-29.2941665649414,52.0552787780762
4321634,"RS","TRES ARROIOS",2609,"0",14.2098273572377,2.909,38.8400001525879,9.48700046539307,0.555000007152557,38.9775051124744,-27.4980564117432,52.1488876342773
4321667,"RS","TRES CACHOEIRAS",6421,"0",26.6786355475763,5.129,33.3279991149902,16.3619995117188,0.623000025749207,13.5072360192961,-29.4555549621582,49.924446105957
4321709,"RS","TRES COROAS",11435,"0",32.3645769933049,12.373,24.242000579834,10.9200000762939,0.446999996900558,19.0665154950869,-29.5169448852539,50.7777786254883
4321808,"RS","TRES DE MAIO",18081,"0",24.9039666814929,4.834,45.5880012512207,11.7180004119873,0.542999982833862,30.9547561762807,-27.7733325958252,54.2400016784668
4321832,"RS","TRES FORQUILHAS",2556,"0",37.0158450704225,4.96,66.5510025024414,25.7749996185303,0.53600001335144,7.1204657411554,-29.5369453430176,50.0644454956055
4321857,"RS","TRES PALMEIRAS",3845,"0",27.1044992743106,4.885,70.9250030517578,23.4419994354248,0.666999995708466,30.6269864201098,-27.6147212982178,52.8436126708984
4321907,"RS","TRES PASSOS",18144,"0",23.0358653908742,5.334,50.492000579834,9.56799983978271,0.560000002384186,27.1835227824735,-27.4555549621582,53.9319458007812
4321956,"RS","TRINDADE",4905,"0",25.6749872643912,8.194,79.75,26.253999710083,0.592000007629395,27.4947368421053,-27.5202770233154,52.8833351135254
4322004,"RS","TRIUNFO",15563,"0",25.1255244514753,7.953,37.7649993896484,16.9580001831055,0.549000024795532,17.5219375219375,-29.9433326721191,51.7180557250977
4322103,"RS","TUCUNDUVA",5054,"0",20.2244617498855,3.539,48.0369987487793,10.6459999084473,0.58899998664856,28.1676022453889,-27.6569442749023,54.4402770996094
4322152,"RS","TUNAS",3558,"0",24.2522522522523,5.644,81.6589965820312,34.8230018615723,0.572000026702881,11.8802318094012,-29.1030559539795,52.956111907959
4322186,"RS","TUPANCI DO SUL",1679,"0",33.2204537758212,4.714,71.5830001831055,20.6000003814697,0.514999985694885,15.7092614302462,-27.9252777099609,51.5363883972168
4322202,"RS","TUPANCIRETA",13583,"0",29.027906584605,9.044,56.5069999694824,14.25,0.656000018119812,23.5664290759648,-29.0805549621582,53.8358345031738
4322251,"RS","TUPANDI",2040,"0",24.9110320284698,3.692,43.4379997253418,6.10699987411499,0.449999988079071,11.7219917012448,-29.4763889312744,51.4211120605469
4322301,"RS","TUPARENDI",7682,"0",24.7733900843383,3.535,58.6380004882812,12.0150003433228,0.5799999833107,30.2246426140231,-27.7563896179199,54.4816665649414
4322327,"RS","TURUCU",2329,"0",18.4607890891378,12.564,39.5890007019043,14.3450002670288,0.685000002384186,11.2751584372171,-31.421667098999,52.1783332824707
4322343,"RS","UBIRETAMA",2057,"0",17.8440607012036,2.352,63.3409996032715,7.91200017929077,0.492000013589859,11.2751584372171,-28.0461120605469,54.6805572509766
4322350,"RS","UNIAO DA SERRA",1773,"0",31.2544802867383,3.876,51.0419998168945,14.5380001068115,0.479000002145767,20.4903677758319,-28.7952785491943,52.0369453430176
4322376,"RS","UNISTALDA",2284,"0",27.0111880660629,5.441,76.4680023193359,21.318000793457,0.537000000476837,11.2751584372171,-29.0472221374512,55.150276184082
4322400,"RS","URUGUAIANA",74585,"1",6.9733878897453,11.967,39.8709983825684,9.95300006866455,0.578999996185303,17.4795193883124,-29.7547225952148,57.0883331298828
4322509,"RS","VACARIA",35963,"0",35.4330920539246,10.616,40.4900016784668,15.6780004501343,0.546000003814697,14.6450429977016,-28.5122222900391,50.9338874816895
4322525,"RS","VALE VERDE",2010,"0",30.6674338319908,5.606,66.5240020751953,21.1399993896484,0.540000021457672,11.2751584372171,-29.7869453430176,52.1841659545898
4322533,"RS","VALE DO SOL",6844,"0",27.9286474973376,7.049,51.515998840332,11.2309999465942,0.46399998664856,21.4450422751729,-29.6036109924316,52.6830558776855
4322541,"RS","VALE REAL",2540,"0",37.3258003766478,5.858,38.8530006408691,6.61999988555908,0.426999986171722,11.619283065513,-29.3983325958252,51.2536125183105
4322558,"RS","VANINI",1507,"0",28.3896990381632,2.351,39.1339988708496,16.3850002288818,0.456999987363815,27.3962804005722,-28.4783325195312,51.8450012207031
4322608,"RS","VENANCIO AIRES",40269,"0",27.3472963287409,10.767,44.6440010070801,10.076000213623,0.528999984264374,21.8969585396842,-29.606388092041,52.1919441223145
4322707,"RS","VERA CRUZ",13635,"0",22.5523603723404,8.103,44.2060012817383,12.9300003051758,0.535000026226044,20.9016072128577,-29.7147216796875,52.5055541992188
4322806,"RS","VERANOPOLIS",13124,"0",30.7246376811594,7.401,16.1140003204346,9.32199954986572,0.469999998807907,17.5217735550277,-28.9361114501953,51.549446105957
4322855,"RS","VESPASIANO CORREA",1948,"0",33.9607201309329,4,36.1119995117188,15.1549997329712,0.425000011920929,11.2751584372171,-29.0674991607666,51.8591651916504
4322905,"RS","VIADUTOS",4684,"0",26.1242793081358,3.838,48.5320014953613,11.9809999465942,0.52700001001358,26.2885437767274,-27.5694446563721,52.0202789306641
4323002,"RS","VIAMAO",108330,"1",9.01691605730339,18.328,30.8490009307861,12.7019996643066,0.462999999523163,29.9899183584715,-30.081111907959,51.0233345031738
4323101,"RS","VICENTE DUTRA",4674,"0",19.7179674203744,6.156,79.963996887207,25.6639995574951,0.58899998664856,17.0100732600733,-27.1619453430176,53.4052772521973
4323200,"RS","VICTOR GRAEFF",2913,"0",21.7313432835821,3.622,52.0670013427734,5.9520001411438,0.564999997615814,20.0638071605814,-28.5602779388428,52.7483329772949
4323309,"RS","VILA FLORES",2312,"0",29.0862759373862,2.694,23.5739994049072,7.53000020980835,0.46000000834465,20.0754005655042,-28.8627777099609,51.533332824707
4323358,"RS","VILA LANGARO",1799,"0",19.131455399061,2.135,55.6749992370605,13.4390001296997,0.521000027656555,11.2751584372171,-28.1072216033936,52.1441650390625
4323408,"RS","VILA MARIA",3158,"0",27.1355060034305,5.052,38.7299995422363,15.7259998321533,0.51800000667572,27.7049180327869,-28.5347213745117,52.1536102294922
4323457,"RS","VILA NOVA DO SUL",3428,"0",21.28,6.873,72.6500015258789,22.113000869751,0.514999985694885,11.9615742175395,-30.3438892364502,53.8827781677246
4323507,"RS","VISTA ALEGRE",2479,"0",17.5067506750675,3.468,55.0979995727539,14.6409997940063,0.624000012874603,33.3042339589699,-27.3669452667236,53.4902763366699
4323606,"RS","VISTA ALEGRE DO PRATA",1424,"0",30.3398058252427,3.512,38.5480003356934,9.92599964141846,0.495000004768372,20.0438917337235,-28.8086109161377,51.7902793884277
4323705,"RS","VISTA GAUCHA",2133,"0",15.095652173913,2.02,64.3320007324219,12.9720001220703,0.522000014781952,30.4392764857881,-27.4791660308838,53.5236129760742
4323754,"RS","VITORIA DAS MISSOES",3613,"0",21.9684245885119,5.658,72.4020004272461,19.6310005187988,0.587999999523163,21.6121495327103,-28.351110458374,54.4963874816895
4323804,"RS","XANGRI-LA",5521,"0",25.8456201214224,5.628,24.8339996337891,12.1219997406006,0.505999982357025,15.9892160929075,-29.8008327484131,50.0436096191406
5000252,"MS","ALCINOPOLIS",2330,"0",34.0107591153616,7.462,42.7360000610352,33.4010009765625,0.615000009536743,3.85867038586704,-18.3241672515869,53.706111907959
5000609,"MS","AMAMBAI",17064,"0",29.1622239146992,10.272,53.3160018920898,24.6569995880127,0.584999978542328,19.9683544303797,-23.1041660308838,55.2258338928223
5000708,"MS","ANASTACIO",12429,"0",28.5765061311534,12.89,60.4010009765625,28.0550003051758,0.485000014305115,16.0923965351299,-20.4836120605469,55.8069458007812
5000807,"MS","ANAURILANDIA",5086,"0",26.9908015768725,7.326,61.8279991149902,33.5320014953613,0.578999996185303,6.7650158061117,-22.1875,52.7177772521973
5000856,"MS","ANGELICA",4915,"0",38.4930571363533,6.729,63.3930015563965,30.1879997253418,0.507000029087067,17.8088726347591,-22.1533336639404,53.771110534668
5000906,"MS","ANTONIO JOAO",3803,"0",20.8275862068966,7.995,72.5479965209961,26.5340003967285,0.587000012397766,14.4932609837213,-22.1911106109619,55.9474983215332
5001003,"MS","APARECIDA DO TABUADO",11881,"0",44.7993186415416,8.494,44.0999984741211,26.863000869751,0.523000001907349,9.9737295044841,-20.0866661071777,51.0936126708984
5001102,"MS","AQUIDAUANA",27455,"0",27.3868891105268,12.707,61.9939994812012,22.0620002746582,0.609000027179718,16.5561372891216,-20.4711112976074,55.787223815918
5001243,"MS","ARAL MOREIRA",6082,"0",26.6129032258064,11.602,59.0699996948242,29.3579998016357,0.564999997615814,14.7260273972603,-22.9338893890381,55.6352767944336
5001508,"MS","BANDEIRANTES",4738,"0",26.9442912300055,10.597,45.4000015258789,21.8659992218018,0.575999975204468,10.004066693778,-19.9177780151367,54.3638877868652
5001904,"MS","BATAGUACU",7293,"0",41.602422907489,14.137,58.3769989013672,30.8490009307861,0.577000021934509,8.57658422672752,-21.7141666412354,52.4222221374512
5002001,"MS","BATAIPORA",5707,"0",36.4035087719298,12.219,69.2649993896484,30.7859992980957,0.574999988079071,13.8390804597701,-22.2952785491943,53.271110534668
5002100,"MS","BELA VISTA",13050,"0",17.3137161841481,10.177,64.3970031738281,17.8950004577637,0.672999978065491,11.3397868705768,-22.1088886260986,56.521110534668
5002159,"MS","BODOQUENA",5526,"0",21.5143347218819,8.425,67.1600036621094,30.306999206543,0.515999972820282,17.4623655913978,-20.538610458374,56.7150001525879
5002209,"MS","BONITO",10271,"0",25.2002542911634,9.038,60.3650016784668,25.9549999237061,0.574999988079071,12.2634527962787,-21.1211109161377,56.4819450378418
5002308,"MS","BRASILANDIA",7797,"0",37.2787226657411,9.874,54.2639999389648,30.1280002593994,0.52700001001358,8.53998532648569,-21.2558326721191,52.0369453430176
5002407,"MS","CAARAPO",14762,"0",30.0773520417341,9.334,60.7039985656738,30.6030006408691,0.625,17.719837830281,-22.6341667175293,54.8222236633301
5002605,"MS","CAMAPUA",11505,"0",26.376713868285,9.54,42.5419998168945,22.6119995117188,0.559000015258789,11.5037799435286,-19.5313892364502,54.043888092041
5002803,"MS","CARACOL",2450,"0",19.8249452954048,9.366,70.1179962158203,22.8680000305176,0.518999993801117,6.01709401709402,-22.0138893127441,57.0244445800781
5002902,"MS","CASSILANDIA",12767,"0",35.8249772105743,6.926,42.2389984130859,25.3780002593994,0.647000014781952,5.5783212161269,-19.1133327484131,51.7341651916504
5002951,"MS","CHAPADAO DO SUL",5349,"0",43.4878048780488,6.972,34.1969985961914,14.0450000762939,0.660000026226044,7.74807430901676,-18.7941665649414,52.6227760314941
5003108,"MS","CORGUINHO",2765,"0",28.5101822079314,9.779,63.2779998779297,27.931999206543,0.558000028133392,7.08819975835683,-19.8316669464111,54.8294448852539
5003157,"MS","CORONEL SAPUCAIA",8382,"0",28.9897992760777,12.367,54.0050010681152,32.1279983520508,0.5,8.3245382585752,-23.2716674804688,55.529167175293
5003207,"MS","CORUMBA",56671,"1",6.17204491988104,9.684,52.6469993591309,15.7589998245239,0.605000019073486,16.2294344713863,-19.0091667175293,57.6533317565918
5003256,"MS","COSTA RICA",9956,"0",31.9978844373926,8.052,53.3460006713867,23.1830005645752,0.535000026226044,5.86607047801554,-18.543888092041,53.1291656494141
5003306,"MS","COXIM",20420,"0",35.9032755040525,12.92,56.6920013427734,31.0669994354248,0.559000015258789,8.91824938067713,-18.5066661834717,54.7599983215332
5003454,"MS","DEODAPOLIS",7903,"0",29.8258781146803,7.324,64.6859970092773,36.0209999084473,0.547999978065491,13.6711010472686,-22.2755546569824,54.1650009155273
5003488,"MS","DOIS IRMAOS DO BURITI",6376,"0",30.4259634888438,12.56,72.2279968261719,34.9230003356934,0.541000008583069,11.4127522771924,-20.6797218322754,55.2961120605469
5003504,"MS","DOURADINA",4050,"0",25.3112033195021,9.239,58.8610000610352,31.4529991149902,0.59799998998642,15.551391862955,-22.0402774810791,54.6127777099609
5003702,"MS","DOURADOS",98867,"1",7.5562587074075,11.216,41.2109985351562,18.2639999389648,0.5799999833107,20.0207927800389,-22.2211112976074,54.8055572509766
5003751,"MS","ELDORADO",6140,"0",51.2104612122283,9.068,60.3629989624023,34.3139991760254,0.565999984741211,9.60920108830077,-23.7869453430176,54.2836112976074
5003801,"MS","FATIMA DO SUL",16670,"0",24.653277756726,7.961,52.4739990234375,28.2560005187988,0.598999977111816,13.6913373068688,-22.3741664886475,54.5138893127441
5004007,"MS","GLORIA DE DOURADOS",7041,"0",33.71836249363,13.036,59.2150001525879,27.9930000305176,0.523000001907349,16.5323217954797,-22.4174995422363,54.2324981689453
5004106,"MS","GUIA LOPES DA LAGUNA",5588,"0",27.5428171967843,13.876,67.5650024414062,29.1730003356934,0.550000011920929,13.5275900900901,-21.4577770233154,56.1141662597656
5004304,"MS","IGUATEMI",6931,"0",33.8998372807811,10.997,56.1910018920898,29.8010005950928,0.598999977111816,15.5722326454034,-23.6802768707275,54.5611114501953
5004403,"MS","INOCENCIA",4518,"0",29.4202204120747,9.029,44.2029991149902,32.2210006713867,0.649999976158142,5.33685064935065,-19.7255554199219,51.9300003051758
5004502,"MS","ITAPORA",10843,"0",27.1796641361859,9.773,60.9739990234375,30.2220001220703,0.570999979972839,14.5470299412727,-22.0788879394531,54.7894439697266
5004601,"MS","ITAQUIRAI",8279,"0",36.1600981444564,8.117,75.0070037841797,38.4290008544922,0.569999992847443,17.7199349267926,-23.4744453430176,54.185001373291
5004700,"MS","IVINHEMA",16863,"0",35.480165415837,9.35,59.0260009765625,27.6959991455078,0.515999972820282,12.3623161651591,-22.3047218322754,53.8152770996094
5004809,"MS","JAPORA",2109,"0",31.3153549807375,10.531,83.2799987792969,38.7480010986328,0.526000022888184,22.3396501457726,-23.8911113739014,54.404167175293
5004908,"MS","JARAGUARI",1984,"0",25.8992805755396,6.928,54.765998840332,28.8610000610352,0.517000019550323,8.19907940161105,-20.1416664123535,54.3994445800781
5005004,"MS","JARDIM",11022,"0",20.6178891869392,11.21,57.7190017700195,18.2749996185303,0.612999975681305,15.393180236604,-21.4802780151367,56.138053894043
5005103,"MS","JATEI",3281,"0",28.2565130260521,10.284,71.3990020751953,41.2949981689453,0.5,14.4528964306612,-22.4819450378418,54.3025016784668
5005152,"MS","JUTY",3029,"0",23.6343366778149,8.404,70.3109970092773,39.0919990539551,0.522000014781952,12.9292929292929,-22.8605556488037,54.6027793884277
5005202,"MS","LADARIO",7560,"0",26.6478029294274,10.445,55.9199981689453,16.0990009307861,0.544000029563904,16.3468580635711,-19.0047225952148,57.6016654968262
5005251,"MS","LAGUNA CARAPA",4403,"0",19.5068089804932,9.006,53.814998626709,28.3729991912842,0.527999997138977,16.1185281667209,-22.5463886260986,55.1497230529785
5005400,"MS","MARACAJU",15847,"0",26.7643035326306,6.505,45.2970008850098,19.2569999694824,0.630999982357025,15.3245485602733,-21.614444732666,55.1683349609375
5005608,"MS","MIRANDA",16382,"0",31.3984168865435,10.563,70.9860000610352,30.3339996337891,0.633000016212463,18.2580376940133,-20.2405548095703,56.3783340454102
5005681,"MS","MUNDO NOVO",8627,"0",32.7220704903108,9.115,47.4580001831055,20.6410007476807,0.563000023365021,12.0317602612538,-23.9380550384521,54.2708320617676
5005707,"MS","NAVIRAI",18165,"0",27.4225062047843,7.097,45.6829986572266,30.378999710083,0.542999982833862,12.7752153859542,-23.0650005340576,54.1905555725098
5005806,"MS","NIOAQUE",8621,"0",27.1575342465753,9.514,74.572998046875,31.4529991149902,0.616999983787537,16.1916932907348,-21.1352787017822,55.8300018310547
5006002,"MS","NOVA ALVORADA DO SUL",5778,"0",22.3961468994582,11.307,51.4630012512207,21.1450004577637,0.598999977111816,12.4069977880555,-21.4658336639404,54.3838882446289
5006200,"MS","NOVA ANDRADINA",20761,"0",37.8590533782998,11.378,46.7550010681152,23.7759990692139,0.537000000476837,11.9076357911309,-22.2333335876465,53.3430557250977
5006259,"MS","NOVO HORIZONTE DO SUL",4382,"0",41.147968691763,8.39,80.9160003662109,36.9370002746582,0.514999985694885,18.9344476364586,-22.6722221374512,53.8605537414551
5006309,"MS","PARANAIBA",26960,"0",29.8108473267709,10.61,47.1220016479492,28.42799949646,0.603999972343445,8.72742577288032,-19.6772212982178,51.1908340454102
5006358,"MS","PARANHOS",4828,"0",23.2860862019092,11.556,64.1419982910156,32.7229995727539,0.623000025749207,11.3810316139767,-23.8927783966064,55.4311103820801
5006408,"MS","PEDRO GOMES",5178,"0",37.9216043755697,6.867,59.9539985656738,36.0940017700195,0.587999999523163,12.406216505895,-18.1005554199219,54.551944732666
5006606,"MS","PONTA PORA",33836,"0",30.7941070786921,16.689,42.632999420166,17.6009998321533,0.624000012874603,12.8054511278195,-22.536111831665,55.7255554199219
5006903,"MS","PORTO MURTINHO",5575,"0",23.2819074333801,12.662,69.4059982299805,27.7670001983643,0.569000005722046,15.263644773358,-21.6988887786865,57.8824996948242
5007109,"MS","RIBAS DO RIO PARDO",7842,"0",33.5287412473538,9.712,41.5149993896484,27.3810005187988,0.507000029087067,9.36381709741551,-20.4430561065674,53.7591667175293
5007208,"MS","RIO BRILHANTE",13294,"0",26.8259540255917,8.59,49.3940010070801,23.1049995422363,0.632000029087067,22.0854814568435,-21.801944732666,54.5463905334473
5007307,"MS","RIO NEGRO",3402,"0",25.5387584432293,8.457,60.3139991760254,32.7019996643066,0.476000010967255,8.28717511717086,-19.4494438171387,54.986946105957
5007406,"MS","RIO VERDE DE MATO GROSSO",8907,"0",28.0318091451292,9.909,56.8489990234375,28.6919994354248,0.541999995708466,7.78602180086104,-18.9180564880371,54.844165802002
5007505,"MS","ROCHEDO",1856,"0",26.8232990699951,8.333,65.8710021972656,33.5900001525879,0.544000029563904,9.12236552374961,-19.9530563354492,54.8925018310547
5007554,"MS","SANTA RITA DO PARDO",3653,"0",31.0924369747899,8.262,66.2809982299805,36.2770004272461,0.554000020027161,8.89334670678703,-21.3027782440186,52.8305549621582
5007695,"MS","SAO GABRIEL DO OESTE",9112,"0",32.5128205128205,10.462,37.7599983215332,15.5710000991821,0.644999980926514,13.212524372061,-19.3952770233154,54.5663871765137
5007703,"MS","SETE QUEDAS",7693,"0",32.9333754341648,5.702,55.9189987182617,21.3390007019043,0.542999982833862,8.59769286229272,-23.9702777862549,55.0355567932129
5007802,"MS","SELVIRIA",3861,"0",37.7757352941176,9.677,55.314998626709,34.8619995117188,0.570999979972839,14.7685185185185,-20.3672218322754,51.418888092041
5007901,"MS","SIDROLANDIA",9647,"0",30.9745160231871,7.764,49.4249992370605,23.753999710083,0.601000010967255,15.2075812274368,-20.9319438934326,54.9613876342773
5007935,"MS","SONORA",4641,"0",39.8691283010049,9.648,32.8899993896484,27.4459991455078,0.500999987125397,6.04821351700387,-17.5769443511963,54.7577781677246
5007950,"MS","TACURU",4181,"0",35.95068137573,9.216,65.1750030517578,38.4959983825684,0.540000021457672,18.5726569217541,-23.6324996948242,55.0158348083496
5007976,"MS","TAQUARUSSU",2999,"0",41.7934347477982,6.397,66.556999206543,34.6370010375977,0.569000005722046,22.8124126362874,-22.4877777099609,53.3513870239258
5008008,"MS","TERENOS",4847,"0",29.5113505194306,10.92,52.6160011291504,23.6439990997314,0.50900000333786,11.8471525523753,-20.4422225952148,54.860279083252
5008305,"MS","TRES LAGOAS",46575,"1",10.3831635555096,11.498,38.6220016479492,19.826000213623,0.537000000476837,19.2973662626447,-20.7511119842529,51.6783332824707
5008404,"MS","VICENTINA",5408,"0",35.5799755799756,10.993,63.6759986877441,34.8050003051758,0.476000010967255,12.3140495867769,-22.4091663360596,54.4355545043945
5100102,"MT","ACORIZAL",4892,"0",27.058481233634,11.016,75.681999206543,40.5,0.541000008583069,15.3439153439153,-15.20472240448,56.3658332824707
5100201,"MT","AGUA BOA",8538,"0",27.6611151339609,9.376,61.3740005493164,24.5690002441406,0.603999972343445,8.69839666708749,-14.0500001907349,52.1586112976074
5100250,"MT","ALTA FLORESTA",30405,"0",27.3496196191466,10.307,52.2789993286133,25.6580009460449,0.550000011920929,6.56100981767181,-9.87555599212646,56.0861129760742
5100300,"MT","ALTO ARAGUAIA",8257,"0",32.6718296224589,8.866,52.3730010986328,25.1720008850098,0.612999975681305,8.57543323139653,-17.3147220611572,53.2152786254883
5100359,"MT","ALTO DA BOA VISTA",4167,"0",36.0824742268041,9.286,72.3899993896484,39.4609985351562,0.566999971866608,11.9426255067041,-11.6744441986084,51.3877792358398
5100409,"MT","ALTO GARCAS",6406,"0",28.5398718798321,0,50.8959999084473,24.0639991760254,0.50900000333786,6.19250985545335,-16.9438896179199,53.5280570983887
5100508,"MT","ALTO PARAGUAI",7552,"0",33.9887640449438,11.215,71.1019973754883,34,0.528999984264374,7.11426726920594,-14.5136108398438,56.4824981689453
5100607,"MT","ALTO TAQUARI",2697,"0",32.8,9.773,43.7270011901855,19.1310005187988,0.540000021457672,4.58532695374801,-17.8261108398438,53.2822227478027
5100805,"MT","APIACAS",5424,"0",30.7450980392157,8.116,25.2299995422363,22.9009990692139,0.620000004768372,3.66524129505192,-9.54361152648926,57.4491653442383
5101001,"MT","ARAGUAIANA",2601,"0",36.9423286180631,8.537,59.5330009460449,32.9230003356934,0.577000021934509,10.4083665338645,-15.7338886260986,51.8313903808594
5101209,"MT","ARAGUAINHA",1366,"0",17.3831775700935,6.781,56.1269989013672,36.8959999084473,0.547999978065491,6.50980392156863,-16.8561115264893,53.0325012207031
5101258,"MT","ARAPUTANGA",9581,"0",33.3720255368543,7.135,48.632999420166,29.2220001220703,0.587000012397766,6.90099589923843,-15.4711112976074,58.3530540466309
5101308,"MT","ARENAPOLIS",9520,"0",35.5047854276011,11.054,53.0390014648438,27.7409992218018,0.526000022888184,5.69339831634914,-14.4502773284912,56.8461112976074
5101407,"MT","ARIPUANA",8497,"0",30.9426627793975,10.909,56.7410011291504,29.7360000610352,0.628000020980835,14.1113982199254,-10.1666669845581,59.4594459533691
5101605,"MT","BARAO DE MELGACO",6069,"0",23.9540004893565,10.075,81.2080001831055,50.1279983520508,0.504000008106232,6.01213458356315,-16.1944446563721,55.9674987792969
5101704,"MT","BARRA DO BUGRES",15962,"0",30.4516129032258,11.484,57.560001373291,35.0670013427734,0.606000006198883,11.0485037691312,-15.0725002288818,57.1811103820801
5101803,"MT","BARRA DO GARCAS",36263,"0",29.75495915986,9.129,44.2050018310547,19.2709999084473,0.593999981880188,12.6288659793814,-15.8900003433228,52.2566680908203
5101902,"MT","BRASNORTE",5248,"0",35.8159249167424,4.916,33.8709983825684,26.0820007324219,0.518999993801117,5.02547475683187,-12.1549997329712,57.978889465332
5102504,"MT","CACERES",46588,"1",5.36279522766009,13.822,62.2439994812012,30.7029991149902,0.552999973297119,11.7630438877378,-16.0705547332764,57.6788902282715
5102603,"MT","CAMPINAPOLIS",7857,"0",32.0400767426988,9.41,66.5859985351562,40.0120010375977,0.573000013828278,8.24797843665768,-14.5155553817749,52.8947219848633
5102637,"MT","CAMPO NOVO DO PARECIS",5700,"0",33.1047992164545,6.76,28.2870006561279,12.4860000610352,0.565999984741211,8.45299777942265,-13.6752777099609,57.8919448852539
5102678,"MT","CAMPO VERDE",5620,"0",32.0215915026989,6.359,39.6640014648438,16.2870006561279,0.619000017642975,10.7152145643693,-15.546667098999,55.168888092041
5102686,"MT","CAMPOS DE JULIO",1455,"0",25.0521920668058,3.048,32.5810012817383,10.0200004577637,0.545000016689301,11.2751584372171,-13.8994445800781,59.1474990844727
5102694,"MT","CANABRAVA DO NORTE",3433,"0",37.612323491656,9.608,56.1689987182617,46.6699981689453,0.614000022411346,7.9746835443038,-11.0544443130493,51.8313903808594
5102702,"MT","CANARANA",8295,"0",38.19900656946,10.078,45.5060005187988,14.4799995422363,0.619000017642975,8.29538986909505,-13.5522222518921,52.2683334350586
5102793,"MT","CARLINDA",7706,"0",30.2857142857143,12.658,78.6439971923828,37.3089981079102,0.515999972820282,11.2751584372171,-9.95805549621582,55.8322219848633
5102850,"MT","CASTANHEIRA",5506,"0",36.7554213560253,7.377,54.6940002441406,23.6060009002686,0.544000029563904,14.7892720306513,-11.1324996948242,58.6025009155273
5103007,"MT","CHAPADA DOS GUIMARAES",9878,"0",25.7703468287965,13.051,61.4640007019043,32.476001739502,0.578999996185303,10.1878201479795,-15.4605560302734,55.7497215270996
5103056,"MT","CLAUDIA",5028,"0",29.6738631143776,7.374,16.826000213623,17.8090000152588,0.497999995946884,6.78635547576302,-11.5152778625488,54.8913879394531
5103106,"MT","COCALINHO",4420,"0",32.2107081174439,7.526,56.7290000915527,38.548999786377,0.507000029087067,5.99250936329588,-14.3972225189209,50.9958343505859
5103205,"MT","COLIDER",18466,"0",25.9607612609303,9.179,60.9269981384277,27.4050006866455,0.580999970436096,4.55089820359281,-10.817777633667,55.4508323669434
5103304,"MT","COMODORO",7862,"0",42.0767982693348,10.787,49.4589996337891,26.9769992828369,0.570999979972839,8.97305541433655,-13.6630554199219,59.785831451416
5103353,"MT","CONFRESA",7984,"0",33.1238779174147,10.756,75.6669998168945,41.9700012207031,0.563000023365021,12.9114510894761,-10.6438884735107,51.5688896179199
5103379,"MT","COTRIGUACU",2946,"0",31.1175737432489,7.372,41.4389991760254,13.4099998474121,0.451999992132187,20.4457364341085,-9.95750045776367,58.4136123657227
5103452,"MT","DENISE",4763,"0",44.2520579051944,11.68,60.0699996948242,40.4119987487793,0.479999989271164,6.78371907422187,-14.7399997711182,57.0538902282715
5103502,"MT","DIAMANTINO",11673,"0",33.8760250844187,8.183,37.7669982910156,16.3880004882812,0.657999992370605,13.0516431924883,-14.4086112976074,56.4461097717285
5103601,"MT","DOM AQUINO",6729,"0",32.9625051503914,9.896,54.2350006103516,30.0319995880127,0.497999995946884,8.34496665115558,-15.8105554580688,54.9177780151367
5103700,"MT","FELIZ NATAL",1904,"0",26.1245674740484,11.722,29.5429992675781,27.2560005187988,0.609000027179718,11.2751584372171,-12.3861112594604,54.9197235107422
5103809,"MT","FIGUEIROPOLES D'OESTE",3770,"0",36.2076011442583,8.208,64.3880004882812,37.9650001525879,0.559000015258789,2.02336848104873,-15.4449996948242,58.7402763366699
5103858,"MT","GAUCHA DO NORTE",1533,"0",24.0101095197978,5.22,77.2679977416992,40.0180015563965,0.458000004291534,11.2751584372171,-13.2422218322754,53.0797233581543
5103908,"MT","GENERAL CARNEIRO",3642,"0",32.8282828282828,8.829,69.5039978027344,31.1200008392334,0.519999980926514,12.434554973822,-15.7108335494995,52.7552795410156
5103957,"MT","GLORIA D'OESTE",3180,"0",39.9103139013453,8.664,42.2270011901855,30.5900001525879,0.439000010490417,3.42245989304813,-15.7683334350586,58.2177772521973
5104104,"MT","GUARANTA DO NORTE",13188,"0",32.4793388429752,7.279,56.5449981689453,23.7269992828369,0.658999979496002,7.5150524046681,-9.78750038146973,54.9099998474121
5104203,"MT","GUIRATINGA",10014,"0",26.2197489323153,10.811,46.25,27.4939994812012,0.50900000333786,6.97900887253841,-16.3494453430176,53.7583351135254
5104500,"MT","INDIAVAI",1365,"0",22.7674190382728,7.618,55.1199989318848,28.5109996795654,0.602999985218048,4.33467741935484,-15.4944448471069,58.5727767944336
5104559,"MT","ITAUBA",4925,"0",18.8102893890675,10.996,43.3769989013672,24.1319999694824,0.555000007152557,6.7671029883922,-11.0616664886475,55.2763900756836
5104609,"MT","ITIQUIRA",5974,"0",37.4363327674024,7.923,57.6829986572266,30.9400005340576,0.508000016212463,7.10756366400608,-17.2088890075684,54.150276184082
5104807,"MT","JACIARA",13341,"0",25.3487297921478,10.636,40.601001739502,23.7070007324219,0.532000005245209,12.0179228676588,-15.965277671814,54.968334197998
5104906,"MT","JANGADA",4593,"0",28.4572105419011,11.99,72.3949966430664,52.7900009155273,0.578000009059906,8.59412614347617,-15.2355556488037,56.4891662597656
5105002,"MT","JAURU",9803,"0",31.3110620863536,12.054,75.7799987792969,44.6440010070801,0.492000013589859,3.88587245821356,-15.341944694519,58.8663902282715
5105101,"MT","JUARA",16762,"0",31.9924575738529,0.573,56.5730018615723,25.5699996948242,0.541000008583069,6.78334184977006,-11.2550001144409,57.5197219848633
5105150,"MT","JUINA",21222,"0",42.1912215039129,7.455,37.5229988098145,22.6019992828369,0.578000009059906,10.559507592957,-11.3783330917358,58.7411117553711
5105176,"MT","JURUENA",2645,"0",35.8900973096737,5.411,24.9309997558594,16.4570007324219,0.583000004291534,13.3223684210526,-10.3180551528931,58.3588905334473
5105200,"MT","JUSCIMEIRA",9544,"0",31.4521049420378,11.236,52.7799987792969,35.5270004272461,0.59799998998642,6.83655141445891,-16.0505561828613,54.8844451904297
5105234,"MT","LAMBARI D'OESTE",4464,"0",30.0349825087456,7.438,72.0149993896484,41.701000213623,0.518999993801117,10.9942399198598,-15.3233337402344,58.0036125183105
5105259,"MT","LUCAS DO RIO VERDE",7163,"0",47.7014181081502,6.362,32.8489990234375,8.20800018310547,0.60699999332428,10.7650964274423,-13.0502777099609,55.9111099243164
5105309,"MT","LUCIARA",2313,"0",30.8724832214765,6.942,65.879997253418,30.3859996795654,0.593999981880188,7.54458161865569,-11.222222328186,50.6691665649414
5105507,"MT","VILA BELA STSSMA TRINDADE",6506,"0",36.2545018007203,0,64.0910034179688,29.4300003051758,0.625999987125397,7.43826692925314,-15.0080556869507,59.950553894043
5105580,"MT","MARCELANDIA",6570,"0",34.4565217391304,9.569,23.3969993591309,25.4349994659424,0.474999994039536,6.21839295748268,-11.0894441604614,54.450553894043
5105606,"MT","MATUPA",7507,"0",24.7528747226145,7.845,38.0149993896484,18.1399993896484,0.630999982357025,7.05882352941176,-10.0574998855591,54.9327774047852
5105622,"MT","MIRASSOL D'OESTE",16626,"0",40.0233477011494,11.244,42.9700012207031,28.3959999084473,0.560999989509583,4.53172205438066,-15.6750001907349,58.095832824707
5105903,"MT","NOBRES",10292,"0",31.0854379365932,11.492,59.1459999084473,32.0499992370605,0.614000022411346,7.11075256425032,-14.7202777862549,56.3274993896484
5106000,"MT","NORTELANDIA",7192,"0",25.6485973423328,9.167,55.8219985961914,28.9610004425049,0.456999987363815,8.03165762860912,-14.45472240448,56.8027763366699
5106109,"MT","NOSSA SENHORA DO LIVRAMENTO",9189,"0",28.4357541899441,13.122,83.2269973754883,55.3040008544922,0.546999990940094,6.6711140760507,-15.7749996185303,56.3455543518066
5106158,"MT","NOVA BANDEIRANTE",3002,"0",34.792027729636,7.276,52.6189994812012,23.0359992980957,0.644999980926514,6.4376130198915,-9.84972190856934,57.8105545043945
5106182,"MT","NOVA LACERDA",2140,"0",29.9919159256265,11.503,72.6529998779297,37.1860008239746,0.523999989032745,11.2751584372171,-14.4761114120483,59.6086120605469
5106208,"MT","NOVA BRASILANDIA",4702,"0",28.7281453548166,9.102,71.7190017700195,38.7369995117188,0.533999979496002,5.3206002728513,-14.9569444656372,54.9655570983887
5106216,"MT","NOVA CANAA DO NORTE",7756,"0",28.7492348500306,10.46,61.3540000915527,30.3740005493164,0.561999976634979,3.66934367211299,-10.5580558776855,55.9530563354492
5106224,"MT","NOVA MUTUM",5283,"0",40.9995936611134,5.009,37.398998260498,14.2360000610352,0.546999990940094,10.7719401232756,-13.8288888931274,56.0822219848633
5106232,"MT","NOVA OLIMPIA",7763,"0",47.3578491965389,13.1,42.9440002441406,35.3019981384277,0.505999982357025,11.1443381180223,-14.7972221374512,57.2880554199219
5106240,"MT","NOVA UBIRATA",2086,"0",31.2875250166778,8.488,34.4449996948242,19.068000793457,0.637000024318695,11.2751584372171,-12.9905557632446,55.2547225952148
5106257,"MT","NOVA XAVANTINA",12126,"0",41.4356615421862,9.812,49.8120002746582,24.5540008544922,0.569999992847443,12.5718390804598,-14.6733331680298,52.3530540466309
5106265,"MT","NOVO MUNDO",2504,"0",23.1019522776573,5.546,46.8950004577637,37.2099990844727,0.59500002861023,11.2751584372171,-9.95027732849121,55.1983337402344
5106273,"MT","NOVO HORIZONTE DO NORTE",2885,"0",23.3317557974444,6.898,64.2229995727539,32.8139991760254,0.507000029087067,13.5835913312693,-11.413332939148,57.3519439697266
5106281,"MT","NOVO SAO JOAQUIM",5850,"0",36.673839532739,6.867,55.007999420166,27.3610000610352,0.515999972820282,5.53044975252851,-14.9058332443237,53.0183334350586
5106299,"MT","PARANAITA",7297,"0",28.808864265928,10.835,46.693000793457,25.636999130249,0.649999976158142,4.65772759350741,-9.66472244262695,56.4766654968262
5106307,"MT","PARANATINGA",9509,"0",37.223884851076,11.738,61.1790008544922,25.7770004272461,0.569999992847443,4.83460559796438,-14.4316663742065,54.0511093139648
5106372,"MT","PEDRA PRETA",9978,"0",42.3227021935137,10.849,50.9669990539551,39.1269989013672,0.572000026702881,11.6774689662749,-16.6230564117432,54.4738883972168
5106422,"MT","PEIXOTO DE AZEVEDO",22738,"0",21.3424840977569,11.418,62.5629997253418,32.9080009460449,0.624000012874603,6.07287449392713,-10.2230558395386,54.9797210693359
5106455,"MT","PLANALTO DA SERRA",2168,"0",27.2660280029477,7.716,82.3740005493164,37.6419982910156,0.523999989032745,7.2737686139748,-10.4391670227051,55.276668548584
5106505,"MT","POCONE",19782,"0",30.2719513002051,10.232,57.6300010681152,40.1920013427734,0.611999988555908,13.2406321550232,-16.2566661834717,56.6227760314941
5106653,"MT","PONTAL DO ARAGUAIA",2606,"0",25.5518763796909,7.349,53.3899993896484,30.75,0.493999987840652,10.9351806036616,-15.8452777862549,52.0091667175293
5106703,"MT","PONTE BRANCA",2324,"0",30.5129913391073,6.12,53.6699981689453,30.1550006866455,0.528999984264374,10.2934102934103,-16.7641658782959,52.8333320617676
5106752,"MT","PONTES E LACERDA",25861,"0",44.1900777047221,14.778,47.7120018005371,32.7179985046387,0.560999989509583,7.08222475611301,-15.2261114120483,59.335277557373
5106778,"MT","PORTO ALEGRE DO NORTE",6270,"0",28.0510502525924,9.203,72.984001159668,32.3470001220703,0.50900000333786,12.2316727420008,-10.8769445419312,51.6324996948242
5106802,"MT","PORTO DOS GAUCHOS",3122,"0",39.6797922977066,8.855,45.2239990234375,23.8479995727539,0.50900000333786,7.416607523066,-11.5352773666382,57.4144439697266
5106828,"MT","PORTO ESPEREDIAO",6958,"0",31.9532391622017,6.924,65.7360000610352,32.8549995422363,0.570999979972839,4.35504705665252,-15.8527774810791,58.460277557373
5106851,"MT","PORTO ESTRELA",3334,"0",30.0176834659593,11.583,88.8669967651367,56.8390007019043,0.497000008821487,10.5791764312019,-15.324444770813,57.2275009155273
5107008,"MT","POXOREO",15625,"0",35.8148505303761,11.303,59.9780006408691,33.6310005187988,0.541000008583069,7.26600985221675,-15.8372220993042,54.3891677856445
5107040,"MT","PRIMAVERA DO LESTE",10919,"0",33.2941389290883,20.343,34.2379989624023,12.7930002212524,0.610000014305115,7.5,-15.5588884353638,54.2961120605469
5107065,"MT","QUERENCIA",1721,"0",32.6977005047672,5.482,45.9959983825684,28.4850006103516,0.583000004291534,14.1529664045747,-12.59694480896,52.1997222900391
5107107,"MT","QUATRO MARCOS",15281,"0",48.6645791121754,9.27,57.4459991455078,28.8770008087158,0.544000029563904,5.72474276638354,-15.6213884353638,58.1763877868652
5107156,"MT","RESERVA DO CABACAL",2611,"0",31.3366960907945,5.663,70.6859970092773,42.3240013122559,0.550000011920929,6.61918726434855,-15.07972240448,58.4663887023926
5107180,"MT","RIBEIRAO CASCALHEIRA",5183,"0",35.5724299065421,11.088,61.9300003051758,34.992000579834,0.587999999523163,8.42198581560284,-12.9416666030884,51.8241653442383
5107198,"MT","RIBEIRAOZINHO",1368,"0",19.8148148148148,4.129,66.3769989013672,34.6940002441406,0.574999988079071,10,-16.4852771759033,52.6922225952148
5107206,"MT","RIO BRANCO",5238,"0",32.4081020255064,6.637,62.5629997253418,36.3959999084473,0.600000023841858,10.2213945789365,-15.2408332824707,58.1155548095703
5107248,"MT","SANTA CARMEM",2192,"0",26.2786596119929,6.152,17.1730003356934,16.2369995117188,0.50900000333786,4.56760048721072,-11.9127779006958,55.2261123657227
5107263,"MT","SANTO AFONSO",2316,"0",31.304347826087,5.769,57.742000579834,36.1319999694824,0.481000006198883,9.06007751937984,-14.4975004196167,57.0019454956055
5107297,"MT","SAO JOSE DO POVO",3235,"0",29.37576499388,9.368,70.3079986572266,34.2910003662109,0.545000016689301,8.70859694826945,-16.4650001525879,54.2547225952148
5107305,"MT","SAO JOSE DO RIO CLARO",7498,"0",38.6857445680975,12.453,28.1989994049072,28.1550006866455,0.560000002384186,4.20253903399971,-13.4466667175293,56.7213897705078
5107354,"MT","SAO JOSE DO XINGU",3144,"0",23.1794871794872,8.743,46.1769981384277,33.7150001525879,0.570999979972839,6.41083521444695,-10.8044443130493,52.7441673278809
5107404,"MT","SAO PEDRO DA CIPA",2882,"0",30.4906006419074,11.259,49.1549987792969,38.75,0.509999990463257,14.2341619887731,-16.0005550384521,54.9213905334473
5107602,"MT","RONDONOPOLIS",86838,"1",9.10262229315217,12.519,40.2360000610352,21.2070007324219,0.5799999833107,11.4547250740931,-16.470832824707,54.635555267334
5107701,"MT","ROSARIO OESTE",11872,"0",36.5231633130557,12.873,65.0770034790039,38.2970008850098,0.537000000476837,10.2953277864131,-14.8361110687256,56.4275016784668
5107750,"MT","SALTO DO CEU",4592,"0",30.2955665024631,7.58,69.2839965820312,50.3759994506836,0.474999994039536,8.48947490168864,-15.1297225952148,58.1266670227051
5107776,"MT","SANTA TEREZINHA",4072,"0",34.7842688048874,11.052,75.4769973754883,41.5260009765625,0.550999999046326,16.0664040517727,-10.4697217941284,50.5030555725098
5107800,"MT","SANTO ANTONIO DO LEVERGER",12423,"0",22.4908098473878,9.981,74.6849975585938,40.3120002746582,0.49099999666214,12.8611277146842,-15.8655557632446,56.0766677856445
5107859,"MT","SAO FELIX DO ARAGUAIA",7307,"0",31.7605163587803,7.55,61.0950012207031,31.8239994049072,0.628000020980835,15.0752225974823,-11.6172218322754,50.6694450378418
5107875,"MT","SAPEZAL",1754,"0",35.5209187858901,7.005,22.8570003509521,10.414999961853,0.483999997377396,11.2751584372171,-12.989444732666,58.7641677856445
5107909,"MT","SINOP",34090,"0",33.2138345453925,9.43,19.0429992675781,12.668999671936,0.552999973297119,6.85078524666404,-11.8641662597656,55.502498626709
5107925,"MT","SORRISO",14081,"0",38.9402532825732,7.062,25.4519996643066,8.58600044250488,0.566999971866608,10.630436456008,-12.54527759552,55.7113876342773
5107941,"MT","TABAPORA",2266,"0",36.4442370508633,7.53,49.5369987487793,23.738000869751,0.469999998807907,12.5311720698254,-11.2277774810791,56.8138885498047
5107958,"MT","TANGARA DA SERRA",29470,"0",33.2272215536317,12.748,44.7750015258789,27.2740001678467,0.580999970436096,8.66010758776897,-14.6194448471069,57.4858322143555
5108006,"MT","TAPURA",3827,"0",37.6727740276438,4.179,49.4210014343262,13.9910001754761,0.566999971866608,6.99545295557887,-12.7849998474121,56.5416679382324
5108055,"MT","TERRA NOVA DO NORTE",10774,"0",27.7844491143801,7.094,57.1679992675781,21.6159992218018,0.568000018596649,4.9309462915601,-10.5169448852539,55.2308349609375
5108105,"MT","TESOURO",3017,"0",27.82340862423,8.886,60.7639999389648,33.5460014343262,0.504999995231628,2.76766205389658,-16.0791664123535,53.5525016784668
5108204,"MT","TORIXOREU",4329,"0",22.4430907342097,6.65,47.4480018615723,24.6359996795654,0.550999999046326,6.9727047146402,-16.1994438171387,52.5555572509766
5108303,"MT","UNIAO DO SUL",1385,"0",28.4403669724771,4.223,20.3540000915527,14.5419998168945,0.560999989509583,11.2751584372171,-11.533055305481,54.3533325195312
5108402,"MT","VARZEA GRANDE",105532,"1",8.14159501086648,16.009,40.8759994506836,18.4090003967285,0.485000014305115,14.855897363963,-15.6466665267944,56.1324996948242
5108501,"MT","VERA",3548,"0",33.9447029838489,9.408,19.4740009307861,18.7929992675781,0.591000020503998,7.5,-12.305832862854,55.3169441223145
5108600,"MT","VILA RICA",7744,"0",44.3123658576853,7.892,56.806999206543,23.5550003051758,0.688000023365021,15.8278038517559,-10.0116662979126,51.1163902282715
5108808,"MT","NOVA GUARITA",3754,"0",33.7933606863111,6.993,58.2470016479492,25.6529998779297,0.550999999046326,8.47718865598027,-10.3130559921265,55.408332824707
5108857,"MT","NOVA MARILANDIA",1461,"0",28.0667320902846,6.988,47.2900009155273,34.6539993286133,0.537000000476837,4.9455155071249,-14.364444732666,56.9688873291016
5108907,"MT","NOVA MARINGA",1790,"0",24.0497076023392,7.583,37.2089996337891,25.7940006256104,0.522000014781952,2.54777070063694,-13.0258331298828,57.0738906860352
5108956,"MT","NOVA MONTE VERDE",3527,"0",31.7835365853659,6.701,54.4140014648438,22.818000793457,0.448000013828278,3.28528327187395,-9.98222255706787,57.5347213745117
5200050,"GO","ABADIA DE GOIAS",1949,"0",25.9517426273458,11.016,47.4379997253418,21.5580005645752,0.453999996185303,11.2751584372171,-16.7572231292725,49.4375
5200100,"GO","ABADIANIA",8972,"0",36.4472608340147,16.043,54.9080009460449,30.8969993591309,0.517000019550323,10.9716354858177,-16.2041664123535,48.7069435119629
5200134,"GO","ACREUNA",10412,"0",21.1027004909984,8.675,41.6069984436035,29.6550006866455,0.52700001001358,10.1984053402559,-17.3955554962158,50.3769454956055
5200159,"GO","ADELANDIA",2075,"0",18.8529244747303,4.91,57.1160011291504,35.0480003356934,0.510999977588654,4.18091980235652,-16.4150009155273,50.1655540466309
5200175,"GO","AGUA FRIA DE GOIAS",2612,"0",21.6691068814056,9.884,65.1910018920898,40.3160018920898,0.503000020980835,6.02526724975705,-14.9855556488037,47.7841682434082
5200209,"GO","AGUA LIMPA",2117,"0",18.2918628110289,5.832,51.6640014648438,27.8560009002686,0.519999980926514,4.9616368286445,-18.0736103057861,48.7622222900391
5200258,"GO","AGUAS LINDAS",6127,"0",38.3028767866836,19.514,49.2669982910156,33.0620002746582,0.5,11.2751584372171,-15.761944770813,48.281665802002
5200308,"GO","ALEXANIA",13874,"0",39.1551430195113,15.202,66.1890029907227,35.8549995422363,0.512000024318695,10.252854812398,-16.0822219848633,48.5072212219238
5200506,"GO","ALOANDIA",1834,"0",24.868073878628,7.068,60.0890007019043,27.2569999694824,0.510999977588654,6.51302605210421,-17.727222442627,49.4802780151367
5200555,"GO","ALTO HORIZONTE",2040,"0",19.4928684627575,7.264,68.8990020751953,36.0839996337891,0.550000011920929,4.56769983686786,-14.1955556869507,49.3386116027832
5200605,"GO","ALTO PARAISO",3794,"0",22.7183705444575,7.112,76.3000030517578,30.7059993743896,0.592000007629395,9.92292870905588,-14.1324996948242,47.5099983215332
5200803,"GO","ALVORADA DO NORTE",5416,"0",28.772019402604,8.154,66.2509994506836,44.3610000610352,0.538999974727631,7.49258160237389,-14.4808330535889,46.4922218322754
5200829,"GO","AMARALINA",2048,"0",20.5951448707909,9.405,79.879997253418,48,0.640999972820282,11.2751584372171,-13.9263887405396,49.2972221374512
5200852,"GO","AMERICANO DO BRASIL",5003,"0",19.4278283485046,6.67,62.2830009460449,36.1720008850098,0.574999988079071,11.1499611499612,-16.2547225952148,49.9827766418457
5200902,"GO","AMORINOPOLIS",3470,"0",20.8795013850416,6.354,56.6500015258789,28.4020004272461,0.550000011920929,6.97173620457604,-16.6191673278809,51.0936126708984
5201108,"GO","ANAPOLIS",156857,"1",11.3022547602202,13.144,37.140998840332,16.6959991455078,0.560000002384186,11.1801984933636,-16.3266658782959,48.9527778625488
5201207,"GO","ANHANGUERA",796,"0",19.5364238410596,3.989,53.7859992980957,21.5069999694824,0.493999987840652,8.47457627118644,-18.3372230529785,48.219165802002
5201306,"GO","ANICUNS",14260,"0",25.329005088612,8.708,53.5419998168945,29.4349994659424,0.476000010967255,10.6734338307704,-16.4611110687256,49.9616661071777
5201405,"GO","APARECIDA DE GOIANIA",109431,"1",8.81277567128376,19.294,40.7070007324219,19.3290004730225,0.437000006437302,14.9120119813472,-16.8233337402344,49.2438888549805
5201454,"GO","APARECIDA DO RIO DOCE",1789,"0",16.8940870695257,4.113,51.984001159668,40.5429992675781,0.409999996423721,8.41584158415842,-18.2988891601562,51.1452789306641
5201504,"GO","APORE",3284,"0",26.7246061922868,8.095,54.9010009765625,27.3050003051758,0.51800000667572,7.7025675225075,-18.9652786254883,51.9263877868652
5201603,"GO","ARACU",3677,"0",25.36599940245,8.035,59.2649993896484,32.7890014648438,0.493000000715256,9.30287889602665,-16.3575000762939,49.6811103820801
5201702,"GO","ARAGARCAS",11225,"0",37.531620290241,11.464,53.1339988708496,23.7199993133545,0.479999989271164,11.8421052631579,-15.897500038147,52.2508316040039
5201801,"GO","ARAGOIANIA",5971,"0",26.072157930565,13.01,53.7140007019043,29.871000289917,0.45100000500679,9.97589467828667,-16.9119453430176,49.4513893127441
5202155,"GO","ARAGUAPAZ",4364,"0",25.1404909790003,7.049,74.3330001831055,45.515998840332,0.531000018119812,7.43574051407589,-15.0908336639404,50.6322212219238
5202353,"GO","ARENOPOLIS",3019,"0",18.946098149638,7.421,55.625,28.8719997406006,0.513999998569489,11.2696148359486,-16.3861103057861,51.5602760314941
5202502,"GO","ARUANA",2903,"0",26.2370062370062,11.735,48.8919982910156,37.1510009765625,0.503000020980835,11.7771883289125,-14.92027759552,51.0830574035645
5202601,"GO","AURILANDIA",3382,"0",21.0044112656939,9.219,43.8860015869141,28.8290004730225,0.5,9.89122185681761,-16.6816673278809,50.4647216796875
5202809,"GO","AVELINOPOLIS",2992,"0",22.4286361576801,10.403,53.6599998474121,39.7509994506836,0.488000005483627,5.89503953989935,-16.4658336639404,49.7577781677246
5203104,"GO","BALIZA",1641,"0",26.6175266175266,10.444,74.7519989013672,38.1559982299805,0.483999997377396,4.83383685800604,-16.1961116790771,52.5449981689453
5203203,"GO","BARRO ALTO",6650,"0",26.0830324909747,11.911,67.3369979858398,40.1629981994629,0.47299998998642,5.74601641718976,-14.9708337783813,48.9158325195312
5203302,"GO","BELA VISTA DE GOIAS",12202,"0",27.2917424518007,11.115,48.5340003967285,26.1229991912842,0.551999986171722,15.8820902188477,-16.9727783203125,48.9533348083496
5203401,"GO","BOM JARDIM DE GOIAS",6300,"0",26.6620338197823,9.484,55.1769981384277,27.2369995117188,0.515999972820282,8.7126600284495,-16.2097225189209,52.1722221374512
5203500,"GO","BOM JESUS",9196,"0",28.6561485957256,8.395,45.814998626709,29.6809997558594,0.52999997138977,8.3651880167126,-18.213888168335,49.7408332824707
5203559,"GO","BONFINOPOLIS",3293,"0",21.2178877259753,10.117,51.9179992675781,32.8409996032715,0.462999999523163,10.1320321469575,-16.6177768707275,48.9633331298828
5203575,"GO","BONOPOLIS",1978,"0",15.0252525252525,5.9,79.7969970703125,44.3730010986328,0.541999995708466,11.2751584372171,-13.6363887786865,49.8102760314941
5203609,"GO","BRAZABRANTES",2723,"0",24.7609461499748,9.155,61.6559982299805,27.8430004119873,0.513999998569489,8.83856829802776,-16.4305553436279,49.3891677856445
5203807,"GO","BRITANIA",4692,"0",33.1552482715273,11.105,59.8870010375977,38.7970008850098,0.513000011444092,13.4642688121155,-15.2411108016968,51.1605567932129
5203906,"GO","BURITI ALEGRE",7804,"0",27.4201723264065,34.16,46.2410011291504,26.0809993743896,0.559000015258789,8.99463806970509,-18.1399993896484,49.0402793884277
5203939,"GO","BURITI DE GOIAS",1981,"0",16.775956284153,5.674,72.7249984741211,31.7210006713867,0.476999998092651,13.0868544600939,-16.1808338165283,50.4311103820801
5203962,"GO","BURITINOPOLIS",2116,"0",30.8426966292135,6.483,90.8639984130859,59.8769989013672,0.554000020027161,4.296875,-14.4572219848633,46.4372215270996
5204003,"GO","CABECEIRAS",4278,"0",33.7785197551475,13.378,73.7330017089844,33.5830001831055,0.555999994277954,13.818584888232,-15.800555229187,46.9266662597656
5204102,"GO","CACHOEIRA ALTA",6475,"0",24.702443098768,8.263,53.0040016174316,27.2709999084473,0.611999988555908,6.25097916340279,-18.763334274292,50.9416656494141
5204201,"GO","CACHOEIRA DE GOIAS",1161,"0",22.6577437858509,7.241,45.3680000305176,32.5040016174316,0.486999988555908,3.38983050847458,-16.6677780151367,50.6469459533691
5204250,"GO","CACHOEIRA DOURADA",6131,"0",30.0663803201874,9.65,39.5400009155273,34.7960014343262,0.488000005483627,7.35012520253351,-18.4916667938232,49.4749984741211
5204300,"GO","CACU",7378,"0",23.4032018484899,6.359,43.4970016479492,22.6539993286133,0.623000025749207,7.99045077938492,-18.5566673278809,51.1308326721191
5204409,"GO","CAIAPONIA",7469,"0",29.0922087205147,8.496,52.8209991455078,31.0559997558594,0.566999971866608,9.37018277912354,-16.9566669464111,51.8102760314941
5204508,"GO","CALDAS NOVAS",22442,"0",29.3478260869565,11.72,30.6509990692139,15.2040004730225,0.550000011920929,11.4024091132065,-17.7416667938232,48.625
5204557,"GO","CALDAZINHA",1866,"0",26.6207687894435,7.894,57.1160011291504,26.3369998931885,0.470999985933304,14.6451612903226,-16.7141666412354,49.0019454956055
5204607,"GO","CAMPESTRE DE GOIAS",2408,"0",23.2397833579517,9.731,65.0220031738281,35.7369995117188,0.507000029087067,9.87531172069825,-16.7622222900391,49.6944427490234
5204656,"GO","CAMPINACU",2701,"0",20.0534759358289,10.652,71.6900024414062,35.4710006713867,0.533999979496002,7.11645101663586,-13.789999961853,48.5711097717285
5204706,"GO","CAMPINORTE",7218,"0",26.3157894736842,11.77,70.5270004272461,28.3540000915527,0.589999973773956,3.18262938726948,-14.3113889694214,49.1511116027832
5204805,"GO","CAMPO ALEGRE DE GOIAS",3542,"0",24.5581737849779,7.505,53.8549995422363,23.9409999847412,0.648000001907349,7.50373692077728,-17.6330547332764,47.7783317565918
5204904,"GO","CAMPOS BELOS",11355,"0",30.5348037471837,9.359,61.939998626709,36.9850006103516,0.578999996185303,11.7302625158583,-13.0366668701172,46.7716674804688
5204953,"GO","CAMPOS VERDES",9781,"0",24.3705035971223,10.464,58.9300003051758,37.0929985046387,0.541000008583069,2.77183098591549,-14.2577781677246,49.6575012207031
5205000,"GO","CARMO DO RIO VERDE",5440,"0",26.1842105263158,8.314,65.0609970092773,28.5170001983643,0.483999997377396,16.0153662736786,-15.3536109924316,49.7075004577637
5205059,"GO","CASTELANDIA",2759,"0",22.1927497789567,8.126,60.7980003356934,44.2890014648438,0.519999980926514,5.24680704176735,-18.088888168335,50.2227783203125
5205109,"GO","CATALAO",35948,"0",26.2120709916534,11.348,42.5810012817383,18.8500003814697,0.561999976634979,20.8822315268031,-18.1658325195312,47.9463882446289
5205208,"GO","CATURAI",3033,"0",32.3001056710109,9.793,60.7029991149902,31.7639999389648,0.467999994754791,9.02777777777778,-16.4469451904297,49.4938888549805
5205307,"GO","CAVALCANTE",6076,"0",35.0432632880099,15.264,84.0879974365234,58.2050018310547,0.547999978065491,6.508078994614,-13.7974996566772,47.4583320617676
5205406,"GO","CERES",17143,"0",23.4153025167664,6.704,41.9790000915527,20.3460006713867,0.605000019073486,16.3922014007193,-15.3083333969116,49.598331451416
5205455,"GO","CESARINA",5396,"0",28.8486698648059,6.201,50.5950012207031,30.2549991607666,0.52700001001358,12.4955436720143,-16.97194480896,49.7758331298828
5205471,"GO","CHAPADAO DO CEU",1717,"0",30.3761533002129,9.195,35.7109985351562,16.1310005187988,0.499000012874603,10.6722106722107,-18.4074993133545,52.5488891601562
5205497,"GO","CIDADE OCIDENTAL",17602,"0",37.5326785840458,16.502,23.6480007171631,9.30799961090088,0.467999994754791,26.9732326698696,-16.0772228240967,47.9263877868652
5205513,"GO","COCALZINHO DE GOIAS",8582,"0",50.750120987256,18.414,62.3769989013672,38.1959991455078,0.574000000953674,8.65762454049943,-15.7944440841675,48.7758331298828
5205521,"GO","COLINAS DO SUL",2872,"0",25.5330213208528,9.174,76.6650009155273,34.3520011901855,0.587000012397766,6.29301868239921,-14.1513891220093,48.0783348083496
5205703,"GO","CORREGO DO OURO",2797,"0",19.9002719854941,7.829,55.6529998779297,25.3229999542236,0.479999989271164,5.75514475061039,-16.293888092041,50.5480537414551
5205802,"GO","CORUMBA DE GOIAS",7255,"0",36.9971771347918,14.236,66.2959976196289,37.185001373291,0.560000002384186,5.58102223240889,-15.9236106872559,48.8086128234863
5205901,"GO","CORUMBAIBA",4276,"0",32.4954176485991,7.013,50.3730010986328,24.3929996490479,0.5,10.5162523900574,-18.1424999237061,48.5613899230957
5206206,"GO","CRISTALINA",14619,"0",32.2728830990744,15.197,49.7439994812012,20.9549999237061,0.513999998569489,7.10603397773872,-16.768611907959,47.6136093139648
5206305,"GO","CRISTIANOPOLIS",2177,"0",24.5043213014743,5.809,52.8930015563965,22.7830009460449,0.555000007152557,10.4191616766467,-17.1991672515869,48.7058334350586
5206404,"GO","CRIXAS",11033,"0",24.0869853917663,12.167,51.5439987182617,32.2159996032715,0.574999988079071,9.2187939604239,-14.5488891601562,49.969165802002
5206503,"GO","CROMINIA",3647,"0",24.9130132219903,5.878,58.0639991760254,26.6009998321533,0.541999995708466,10.457334076966,-17.2866668701172,49.3813896179199
5206602,"GO","CUMARI",2536,"0",20.6830206830207,6.642,58.4500007629395,21.8549995422363,0.523000001907349,15.7746478873239,-18.2630558013916,48.1511116027832
5206701,"GO","DAMIANOPOLIS",2495,"0",18.4555609519184,4.94,80.3150024414062,48.3339996337891,0.51800000667572,4.16985462892119,-14.5638885498047,46.1772232055664
5206800,"GO","DAMOLANDIA",2273,"0",26.8919562113279,6.682,62.640998840332,27.1159992218018,0.526000022888184,5.38213132400431,-16.2525005340576,49.3699989318848
5206909,"GO","DAVINOPOLIS",1986,"0",17.0886075949367,6.396,55.0800018310547,30.423999786377,0.497000008821487,5.71696344892221,-18.15305519104,47.5616683959961
5207105,"GO","DIORAMA",2124,"0",18.3763027975864,4.769,59.0299987792969,30.2269992828369,0.46900001168251,8.51581508515815,-16.234167098999,51.2555541992188
5207253,"GO","DOVERLANDIA",4664,"0",26.345539444581,11.76,64.9970016479492,34.2459983825684,0.541000008583069,8.15746753246753,-16.7202777862549,52.3194427490234
5207352,"GO","EDEALINA",2738,"0",25.9794598706733,7.255,55.0989990234375,31.5200004577637,0.531000018119812,8.75081327260898,-17.4238891601562,49.6633338928223
5207402,"GO","EDEIA",5994,"0",24.6403541128735,7.514,51.382999420166,25.7140007019043,0.601999998092651,10.9246009906439,-17.3383331298828,49.9313888549805
5207501,"GO","ESTRELA DO NORTE",2796,"0",18.6078252957234,4.237,68.4020004272461,30.0319995880127,0.524999976158142,6.74791914387634,-13.868332862854,49.0724983215332
5207535,"GO","FAINA",5846,"0",18.9212701174424,5.469,69.6989974975586,39.7290000915527,0.547999978065491,5.29100529100529,-15.4461107254028,50.3605537414551
5207600,"GO","FAZENDA NOVA",5108,"0",25.0176512120499,7.812,54.8800010681152,30.1100006103516,0.5,9.4293210888816,-16.1830558776855,50.7797241210938
5207808,"GO","FIRMINOPOLIS",8436,"0",28.6813518406759,7.472,59.5579986572266,25.5240001678467,0.578999996185303,9.01356350184957,-16.5819435119629,50.3050003051758
5207907,"GO","FLORES DE GOIAS",2990,"0",30.6771073238139,9.254,83.0699996948242,56.5359992980957,0.544000029563904,6.37254901960784,-14.4486112594604,47.0502777099609
5208004,"GO","FORMOSA",40501,"1",8.89006404606616,15.672,54.3040008544922,23.0690002441406,0.680000007152557,14.0209529887258,-15.5372219085693,47.3344459533691
5208103,"GO","FORMOSO",4554,"0",19.5450463932954,3.655,59.7060012817383,27.5949993133545,0.559000015258789,5.52034348803926,-13.6536111831665,48.8819427490234
5208301,"GO","DIVINOPOLIS DE GOIAS",3421,"0",32.2662786467806,8.479,76.7040023803711,47.8330001831055,0.587999999523163,12.596843615495,-13.2950000762939,46.3930549621582
5208400,"GO","GOIANAPOLIS",7500,"0",28.271186440678,11.727,57.7639999389648,38.7890014648438,0.537999987602234,3.9572192513369,-16.510555267334,49.0238876342773
5208509,"GO","GOIANDIRA",3821,"0",24.5806983777839,8.479,50.7879981994629,23.4200000762939,0.544000029563904,20.4602991944764,-18.1316661834717,48.0849990844727
5208608,"GO","GOIANESIA",31987,"0",26.2171575679564,9.746,46.0299987792969,27.753999710083,0.515999972820282,9.37415790891943,-15.3175001144409,49.1175003051758
5208806,"GO","GOIANIRA",7850,"0",36.1111111111111,12.409,52.7910003662109,29.2789993286133,0.44200000166893,12.5156132900325,-16.4961109161377,49.4263877868652
5208905,"GO","GOIAS",17788,"0",24.6755893742781,8.999,58.1539993286133,29.1200008392334,0.565999984741211,14.3561087122174,-15.9344444274902,50.1402778625488
5209101,"GO","GOIATUBA",23008,"0",27.1134402625589,9.655,39.3600006103516,27.0499992370605,0.563000023365021,9.14877034984413,-18.0125007629395,49.3547210693359
5209150,"GO","GOUVELANDIA",3136,"0",27.3500967117988,7.286,64.8330001831055,39.2150001525879,0.570999979972839,7.3433512900482,-18.6424999237061,50.0661125183105
5209200,"GO","GUAPO",7756,"0",32.2624028690974,12.813,42.064998626709,25.0949993133545,0.467999994754791,11.4764079147641,-16.8305549621582,49.5319442749023
5209291,"GO","GUARAITA",2267,"0",28.7172011661808,5.003,78.4069976806641,33.8860015869141,0.558000028133392,18.7296416938111,-15.6141662597656,50.0238876342773
5209408,"GO","GUARANI DE GOIAS",2873,"0",29.6186440677966,8.11,88.0510025024414,58.3650016784668,0.518999993801117,4.67625899280576,-13.9358329772949,46.4802780151367
5209457,"GO","GUARINOS",2206,"0",21.8733368813199,6.499,80.8259963989258,32.6699981689453,0.528999984264374,4.60606060606061,-14.7316665649414,49.7016677856445
5209606,"GO","HEITORAI",2229,"0",34.3013698630137,7.725,64.9400024414062,27.7439994812012,0.533999979496002,12.4031007751938,-15.7188892364502,49.8291664123535
5209705,"GO","HIDROLANDIA",7752,"0",28.2131217231118,9.808,62.2080001831055,26.9169998168945,0.483000010251999,12.695288473367,-16.9622230529785,49.2280540466309
5209804,"GO","HIDROLINA",3467,"0",25.676664228237,5.822,63.2299995422363,30.7830009460449,0.523999989032745,9.4824016563147,-14.7244443893433,49.4650001525879
5209903,"GO","IACIARA",5606,"0",30.2490382668556,10.556,79.3410034179688,44.7039985656738,0.623000025749207,5.28738839285714,-14.0958337783813,46.6316680908203
5209937,"GO","INACIOLANDIA",4415,"0",23.7386569872958,8.878,53.0830001831055,39.6469993591309,0.505999982357025,7.33514448011855,-18.4880561828613,49.9872207641602
5209952,"GO","INDIARA",6109,"0",30.519257221458,11.355,49.125,30.443000793457,0.531000018119812,8.32550860719875,-17.1380558013916,49.9880561828613
5210000,"GO","INHUMAS",24344,"0",23.8354170234629,9.68,39.1479988098145,25.6580009460449,0.523000001907349,9.32788786366157,-16.3577785491943,49.4961128234863
5210109,"GO","IPAMERI",16846,"0",29.9949234897382,11.237,53.6679992675781,24.2269992828369,0.517000019550323,13.1159050293592,-17.72194480896,48.1597213745117
5210208,"GO","IPORA",19874,"0",26.234735005715,8.641,36.8979988098145,23.548999786377,0.492000013589859,13.2943054816392,-16.4419441223145,51.1177787780762
5210307,"GO","ISRAELANDIA",3348,"0",20.6050228310502,5.854,58.3370018005371,28.8640003204346,0.456999987363815,6.64985817838008,-16.317777633667,50.9080543518066
5210406,"GO","ITABERAI",17403,"0",26.2452608184076,10.206,54.1510009765625,27.7660007476807,0.587000012397766,13.3086379986042,-16.0202770233154,49.8102760314941
5210562,"GO","ITAGUARI",3585,"0",22.8895562228896,11.177,65.8239974975586,30.7970008850098,0.479999989271164,8.60172820109976,-15.9186115264893,49.6044425964355
5210604,"GO","ITAGUARU",4430,"0",28.0644349358168,9.06,60.9189987182617,31.6119995117188,0.526000022888184,11.6391312418786,-15.7583332061768,49.6341667175293
5210802,"GO","ITAJA",4703,"0",22.7223131478451,8.048,45.6049995422363,32.9900016784668,0.51800000667572,5.66443594646272,-19.0674991607666,51.5444450378418
5210901,"GO","ITAPACI",8631,"0",27.36009044658,7.041,62.4930000305176,27.753999710083,0.609000027179718,8.68829933410845,-14.9508333206177,49.549446105957
5211008,"GO","ITAPIRAPUA",6145,"0",24.8978797899241,10.344,61.2999992370605,38.0530014038086,0.555000007152557,9.32605259376347,-15.8233337402344,50.6133346557617
5211206,"GO","ITAPURANGA",19713,"0",32.1971525096525,8.967,60.4889984130859,32.2239990234375,0.550999999046326,22.0210753850311,-15.5622224807739,49.9486122131348
5211305,"GO","ITARUMA",4104,"0",25.2908966461328,9.229,44.3819999694824,31.3889999389648,0.547999978065491,7.69843376692328,-18.7691669464111,51.3480567932129
5211404,"GO","ITAUCU",6713,"0",26.9283984780353,9.108,58.5789985656738,27.5699996948242,0.507000029087067,13.3928571428571,-16.2005558013916,49.6080551147461
5211503,"GO","ITUMBIARA",57747,"1",9.35554581323981,10.924,38.3779983520508,23.2970008850098,0.558000028133392,10.4668854141844,-18.4191665649414,49.2152786254883
5211602,"GO","IVOLANDIA",2933,"0",19.4930875576037,5.815,57.3969993591309,23.67799949646,0.479000002145767,8.4072249589491,-16.6019439697266,50.793888092041
5211701,"GO","JANDAIA",4925,"0",22.7604512276045,8.546,53.4809989929199,30.3659992218018,0.546999990940094,8.28897338403042,-17.0486106872559,50.146110534668
5211800,"GO","JARAGUA",19411,"0",27.0130805232209,9.245,68.8140029907227,29.6989994049072,0.559000015258789,6.90558942510398,-15.7569446563721,49.3344459533691
5211909,"GO","JATAI",43929,"1",7.41790883560164,10.338,42.242000579834,22.0209999084473,0.598999977111816,11.6692882422336,-17.8813896179199,51.7144432067871
5212006,"GO","JAUPACI",3038,"0",27.8167367928939,9.465,49.8219985961914,35.8930015563965,0.514999985694885,8.21731748726655,-16.1780548095703,50.9530563354492
5212055,"GO","JESUPOLIS",1996,"0",27.9345372460497,7.528,64.8809967041016,38.9550018310547,0.508000016212463,4.08388520971302,-15.9513893127441,49.3738899230957
5212105,"GO","JOVIANIA",4523,"0",23.9440019309679,8.44,48.1150016784668,25.0499992370605,0.605000019073486,8.25652841781874,-17.8058338165283,49.6127777099609
5212204,"GO","JUSSARA",13827,"0",28.3729433272395,10.136,50.3959999084473,25.8700008392334,0.555000007152557,10.2484236116387,-15.8649997711182,50.8680572509766
5212303,"GO","LEOPOLDO DE BULHOES",5655,"0",26.3527467988435,10.122,55.4850006103516,31.7210006713867,0.5,8.06045340050378,-16.6191673278809,48.7436103820801
5212501,"GO","LUZIANIA",49695,"1",11.9491320322985,16.811,43.5060005187988,25.246000289917,0.527999997138977,18.0736045078359,-16.2525005340576,47.9502792358398
5212600,"GO","MAIRIPOTABA",2506,"0",26.8073878627968,6.831,51.8709983825684,25.8460006713867,0.537000000476837,8.73215785054576,-17.299165725708,49.4913902282715
5212709,"GO","MAMBAI",3160,"0",20.8858187728566,7.04,84.911003112793,53.6920013427734,0.541000008583069,3.31577316392935,-14.4877777099609,46.1130561828613
5212808,"GO","MARA ROSA",10192,"0",24.1764823318028,6.302,60.1720008850098,31.8640003204346,0.617999970912933,3.93903222844551,-14.0163888931274,49.1772232055664
5212907,"GO","MARZAGAO",1468,"0",23.8249594813614,6.11,57.757999420166,28.2220001220703,0.542999982833862,12.5319693094629,-17.981388092041,48.6402778625488
5212956,"GO","MATRINCHA",3098,"0",20.3660436137072,7.425,67.8330001831055,35.4309997558594,0.561999976634979,3.68057837660204,-15.4436111450195,50.7461128234863
5213004,"GO","MAURILANDIA",5605,"0",31.5224534501643,10.777,41.3549995422363,34.818000793457,0.513000011444092,6.25110992718878,-17.970832824707,50.3386116027832
5213053,"GO","MIMOSO DE GOIAS",3871,"0",35.1908731899956,12.522,75.8099975585938,49.5169982910156,0.507000029087067,7.48898678414097,-15.0561113357544,48.1613883972168
5213087,"GO","MINACU",19955,"0",23.8626713575155,7.415,56.7509994506836,26.8819999694824,0.551999986171722,12.3410491831544,-13.533055305481,48.2200012207031
5213103,"GO","MINEIROS",22434,"0",23.174444721737,11.658,37.5449981689453,22.3299999237061,0.632000029087067,10.3466718529683,-17.5694446563721,52.5511093139648
5213400,"GO","MOIPORA",2218,"0",20.4841713221602,4.707,58.1619987487793,26.0580005645752,0.522000014781952,8.51538118591173,-16.5461120605469,50.7391662597656
5213509,"GO","MONTE ALEGRE DE GOIAS",4825,"0",24.596533173939,10.871,82.6809997558594,55.2470016479492,0.606000006198883,6.9871938890137,-13.2563886642456,46.9005546569824
5213707,"GO","MONTES CLAROS DE GOIAS",4307,"0",24.164661855119,7.38,60.6609992980957,31.7450008392334,0.5799999833107,4.94749955508098,-16.0077781677246,51.3966674804688
5213756,"GO","MONTIVIDIU",3901,"0",30.3685897435897,7.554,47.132999420166,28.3610000610352,0.53600001335144,8.62433862433863,-17.4441661834717,51.1747207641602
5213772,"GO","MONTIVIDIU DO NORTE",2329,"0",27.7070063694268,6.138,78.4860000610352,36.9490013122559,0.559000015258789,3.49740932642487,-13.1125001907349,48.6072235107422
5213806,"GO","MORRINHOS",23973,"0",32.0846600486983,10.574,40.5400009155273,20.3649997711182,0.510999977588654,13.3785748909355,-17.7311115264893,49.0994453430176
5213855,"GO","MORRO AGUDO DE GOIAS",1950,"0",24.620253164557,6.463,67.8259963989258,37.1209983825684,0.509999990463257,3.92875851231011,-15.3208332061768,50.0566673278809
5213905,"GO","MOSSAMEDES",4746,"0",19.940876108573,7.475,71.9489974975586,30.431999206543,0.560000002384186,18.8155594405594,-16.1266670227051,50.2150001525879
5214002,"GO","MOZARLANDIA",6276,"0",32.459597950335,14.127,56.6720008850098,32.6020011901855,0.517000019550323,5.28358582696882,-14.744722366333,50.570556640625
5214051,"GO","MUNDO NOVO DE GOIAS",4477,"0",30.7486631016043,9.746,63.1959991455078,41.3110008239746,0.560999989509583,4.60351892022174,-13.7761106491089,50.2811126708984
5214101,"GO","MUTUNOPOLIS",3197,"0",19.3536121673004,5.998,73.4189987182617,33.0400009155273,0.555999994277954,4.22301959701904,-13.7325000762939,49.2750015258789
5214408,"GO","NAZARIO",5647,"0",24.8203534666926,8.015,61.3479995727539,27.8500003814697,0.508000016212463,9.9358447113012,-16.5816669464111,49.8816680908203
5214507,"GO","NEROPOLIS",9724,"0",32.5437169581131,10.749,53.2760009765625,24.4169998168945,0.483000010251999,7.76629853936587,-16.4063892364502,49.2186126708984
5214606,"GO","NIQUELANDIA",26716,"0",30.8963617582922,10.27,61.939998626709,34.3400001525879,0.541999995708466,7.07907390197584,-14.4738893508911,48.4597206115723
5214705,"GO","NOVA AMERICA",2345,"0",31.2769895126465,7.376,63.8639984130859,24.2639999389648,0.509999990463257,5.11111111111111,-15.0216665267944,49.8958320617676
5214804,"GO","NOVA AURORA",2068,"0",23.6093143596378,7.857,60.326000213623,21.6749992370605,0.518999993801117,13.7553545930509,-18.0575008392334,48.2536125183105
5214838,"GO","NOVA CRIXAS",6743,"0",29.5504789977892,14.397,52.1910018920898,40.1860008239746,0.526000022888184,5.7724115117433,-14.0986108779907,50.3266677856445
5214861,"GO","NOVA GLORIA",6203,"0",26.9543464665416,7.542,64.3470001220703,29.9810009002686,0.477999985218048,13.6679770184457,-15.1430559158325,49.5711097717285
5214879,"GO","NOVA IGUACU DE GOIAS",2542,"0",24.7947454844007,6.832,70.4739990234375,42.0509986877441,0.592999994754791,2.55779636005903,-14.2877779006958,49.3875007629395
5214903,"GO","NOVA ROMA",2950,"0",21.7607973421927,7.096,83.1900024414062,42.5040016174316,0.555999994277954,6.93253820350354,-13.7419443130493,46.8802795410156
5215009,"GO","NOVA VENEZA",4382,"0",29.3785310734463,8.981,65.9530029296875,28.867000579834,0.535000026226044,9.4020048392672,-16.3708324432373,49.323055267334
5215207,"GO","NOVO BRASIL",3772,"0",22.569198012775,6.847,60.0999984741211,29.0559997558594,0.561999976634979,9.22861150070126,-16.0341663360596,50.7111129760742
5215231,"GO","NOVO GAMA",13609,"0",42.3542872526585,22.174,40.3450012207031,23.9669990539551,0.467999994754791,11.2751584372171,-16.0591659545898,48.0394439697266
5215256,"GO","NOVO PLANALTO",2680,"0",14.3315018315018,4.062,53.1419982910156,31.2290000915527,0.504000008106232,8.26313678299238,-13.2444448471069,49.5038871765137
5215306,"GO","ORIZONA",8679,"0",32.3674553966848,7.705,64.4940032958984,22.4440002441406,0.555999994277954,13.9186059336054,-17.0313892364502,48.2958335876465
5215405,"GO","OURO VERDE DE GOIAS",3204,"0",33.0610795454545,12.108,48.6829986572266,33.7099990844727,0.52999997138977,10.2478551000953,-16.2202777862549,49.1933326721191
5215504,"GO","OUVIDOR",4193,"0",23.3412635474491,6.29,59.8730010986328,20.2259998321533,0.591000020503998,18.7248861505492,-18.2336120605469,47.8388900756836
5215603,"GO","PADRE BERNARDO",12083,"0",38.8157053331628,16.523,67.2630004882812,35.4109992980957,0.522000014781952,9.86028299368159,-15.1602773666382,48.2838897705078
5215652,"GO","PALESTINA DE GOIAS",2874,"0",26.1669024045262,7.932,63.1689987182617,34.5460014343262,0.472000002861023,6.17501764290755,-16.7333335876465,51.5325012207031
5215702,"GO","PALMEIRAS DE GOIAS",11594,"0",27.3248911753067,8.133,51.0480003356934,28.9270000457764,0.546000003814697,9.38560760353021,-16.8050003051758,49.9258346557617
5215801,"GO","PALMELO",1514,"0",21.0386151797603,6.785,57.4039993286133,24.121000289917,0.512000024318695,6.92821368948247,-17.3244438171387,48.4233322143555
5215900,"GO","PALMINOPOLIS",3163,"0",21.8996267109083,7.075,62.351001739502,29.3390007019043,0.545000016689301,6.20645978467384,-16.7961120605469,50.164722442627
5216007,"GO","PANAMA",2413,"0",25.0980392156863,6.417,45.8540000915527,29.2600002288818,0.492000013589859,4.8574114697587,-18.1766662597656,49.3541679382324
5216304,"GO","PARANAIGUARA",6807,"0",25.2690238278247,8.485,52.632999420166,28.3490009307861,0.563000023365021,10.2668402212821,-18.9158325195312,50.6538887023926
5216403,"GO","PARAUNA",7197,"0",31.0918421518315,7.248,52.1730003356934,31.7830009460449,0.569999992847443,9.26635238656453,-16.9477787017822,50.4486122131348
5216452,"GO","PEROLANDIA",1423,"0",21.3102409638554,6.549,66.0029983520508,37.9020004272461,0.554000020027161,8.46153846153846,-17.5286102294922,52.0641670227051
5216809,"GO","PETROLINA DE GOIAS",8644,"0",30.1503759398496,9.706,60.8219985961914,32.1879997253418,0.49099999666214,5.75818136397702,-16.0949993133545,49.3380546569824
5216908,"GO","PILAR DE GOIAS",2494,"0",24.2745278673422,6.092,72.8560028076172,34.515998840332,0.552999973297119,5.42901716068643,-14.7638893127441,49.5783348083496
5217104,"GO","PIRACANJUBA",15721,"0",30.5139106436936,12.511,50.4210014343262,22.0130004882812,0.635999977588654,14.1066859129978,-17.3027782440186,49.0166664123535
5217203,"GO","PIRANHAS",9877,"0",24.0713813615334,8.354,69.1309967041016,32.693000793457,0.642000019550323,10.5437807749946,-16.426944732666,51.8222236633301
5217302,"GO","PIRENOPOLIS",16163,"0",35.018398458034,12.014,69.3300018310547,31.7150001525879,0.540000021457672,7.97105643994211,-15.852499961853,48.9591674804688
5217401,"GO","PIRES DO RIO",17343,"0",32.1130892845236,12.073,45.6370010375977,19.2689990997314,0.560999989509583,9.6197948098974,-17.2997226715088,48.2794456481934
5217609,"GO","PLANALTINA",23603,"0",48.9458785753517,19.56,48.7589988708496,33.3540000915527,0.46000000834465,20.7776522382826,-15.4527778625488,47.6141662597656
5217708,"GO","PONTALINA",12417,"0",31.2240868706811,8.733,51.3050003051758,27.1560001373291,0.574999988079071,12.6909215719924,-17.5249996185303,49.4472236633301
5218003,"GO","PORANGATU",26139,"0",22.7569629513508,8.659,59.7750015258789,25.6499996185303,0.556999981403351,9.1440072615336,-13.4408330917358,49.1486129760742
5218052,"GO","PORTEIRAO",1977,"0",23.8861386138614,7.024,60.6570014953613,46.4819984436035,0.426999986171722,11.2751584372171,-17.8152770996094,50.1636123657227
5218102,"GO","PORTELANDIA",2323,"0",25.5663430420712,8.797,55.617000579834,31.2350006103516,0.504000008106232,8.1059707394227,-17.3536109924316,52.6786117553711
5218300,"GO","POSSE",16849,"0",29.7216619604679,11.023,69.1139984130859,45.8619995117188,0.589999973773956,7.4420468969203,-14.0930557250977,46.3694458007812
5218391,"GO","PROFESSOR JAMIL",2167,"0",23.0412371134021,7.673,65.7639999389648,34.0009994506836,0.556999981403351,14.4900784494693,-17.2486114501953,49.2416648864746
5218508,"GO","QUIRINOPOLIS",23354,"0",25.8767729283532,7.584,51.6629981994629,23.2250003814697,0.578000009059906,8.95373774509804,-18.4483337402344,50.4516677856445
5218607,"GO","RIALMA",6020,"0",27.115987460815,8.264,49.6349983215332,22.1889991760254,0.492000013589859,9.93140471219803,-15.3149995803833,49.5844459533691
5218706,"GO","RIANAPOLIS",3679,"0",30.9490579204466,10.783,62.2039985656738,30.4899997711182,0.546999990940094,5.34292319547906,-15.4469442367554,49.5099983215332
5218789,"GO","RIO QUENTE",1449,"0",18.8191881918819,7.248,59.060001373291,20.7150001525879,0.535000026226044,11.4369501466276,-17.7741661071777,48.7724990844727
5218805,"GO","RIO VERDE",61073,"1",11.9139333099879,11.097,40.6829986572266,23.5289993286133,0.559000015258789,9.26379950284333,-17.7980556488037,50.9280548095703
5218904,"GO","RUBIATABA",12541,"0",23.7340876944837,7.613,56.6080017089844,27.0139999389648,0.518999993801117,8.02230802230802,-15.1644439697266,49.8033332824707
5219001,"GO","SANCLERLANDIA",5734,"0",23.5175473981444,5.864,61.9329986572266,32.9770011901855,0.535000026226044,20.3929646648709,-16.1975002288818,50.3144454956055
5219100,"GO","SANTA BARBARA DE GOIAS",4159,"0",24.061433447099,9.396,61.8870010375977,32.7750015258789,0.479000002145767,8.90161374284227,-16.5738887786865,49.6944427490234
5219209,"GO","SANTA CRUZ DE GOIAS",2584,"0",23.4526112185687,6.037,62.1809997558594,24.3859996795654,0.554000020027161,7.99808429118774,-17.3158340454102,48.4816665649414
5219258,"GO","SANTA FE DE GOIAS",2872,"0",22.2776392352452,6.945,57.4879989624023,41.1959991455078,0.508000016212463,18.3516483516484,-15.7691669464111,51.1055564880371
5219308,"GO","SANTA HELENA DE GOIAS",24412,"0",26.0528330781011,13.179,39.7700004577637,27.3770008087158,0.535000026226044,7.55061179087875,-17.8136119842529,50.5969429016113
5219357,"GO","SANTA ISABEL",3278,"0",19.4523906824683,6.604,55.7649993896484,25.7830009460449,0.483000010251999,7.96290374160537,-15.2980556488037,49.4266662597656
5219407,"GO","SANTA RITA DO ARAGUAIA",3102,"0",25.7878554957725,9.308,46.7849998474121,29.4389991760254,0.596000015735626,6.73273098222093,-17.3255558013916,53.2052764892578
5219456,"GO","SANTA RITA DO NOVO DESTINO",2650,"0",21.6981132075472,6.973,75.5289993286133,42.8019981384277,0.504999995231628,11.2751584372171,-15.1352777481079,49.1202774047852
5219506,"GO","SANTA ROSA DE GOIAS",3414,"0",23.9049740163326,8.654,60.7070007324219,30.9349994659424,0.570999979972839,5.84572812175718,-16.0849990844727,49.4936103820801
5219605,"GO","SANTA TEREZA DE GOIAS",3904,"0",27.6573053679346,6.748,65.5670013427734,32.0200004577637,0.544000029563904,6.27332089552239,-13.7144441604614,49.0149993896484
5219704,"GO","SANTA TEREZINHA DE GOIAS",11474,"0",24.2062598513848,11.072,50.939998626709,25.326000213623,0.549000024795532,3.29873328641801,-14.4380559921265,49.706111907959
5219712,"GO","SANTO ANTONIO DA BARRA",3032,"0",29.1532258064516,6.56,60.5629997253418,46.201000213623,0.486000001430511,5.58159352364721,-17.5613880157471,50.6341667175293
5219738,"GO","SANTO ANTONIO DE GOIAS",1925,"0",29.2615213770128,8.671,58.7700004577637,27.1770000457764,0.426999986171722,14.8319814600232,-16.4836120605469,49.3111114501953
5219753,"GO","SANTO ANTONIO DO DESCOBERTO",17451,"0",42.9520874871609,24.693,46.0379981994629,29.9559993743896,0.444999992847443,19.4867786895923,-15.9397220611572,48.2550010681152
5219803,"GO","SAO DOMINGOS",6951,"0",26.5345268542199,12.861,75.6169967651367,52.068000793457,0.518999993801117,5.31914893617021,-13.3983335494995,46.3183326721191
5219902,"GO","SAO FRANCISCO DE GOIAS",5012,"0",27.6151761517615,10.883,63.0970001220703,35.9790000915527,0.501999974250793,5.2801724137931,-15.9305553436279,49.2611122131348
5220009,"GO","SAO JOAO D ALIANCA",4435,"0",27.4360746371804,14.436,68.984001159668,33.6839981079102,0.53600001335144,8.83731833098922,-14.7055559158325,47.5247230529785
5220058,"GO","SAO JOAO DA PARAUNA",1675,"0",20.7534699272968,3.197,48.1269989013672,31.8889999389648,0.467000007629395,6.38297872340426,-16.8147220611572,50.4099998474121
5220108,"GO","SAO LUIS DOS MONTES BELOS",17204,"0",26.9800848841006,8.612,44.6640014648438,26.5849990844727,0.483000010251999,8.35214446952596,-16.5249996185303,50.3722229003906
5220157,"GO","SAO LUIZ DO NORTE",2820,"0",24.1577649958915,7.476,77.2350006103516,42.2190017700195,0.564999997615814,5.66461020751542,-14.8625001907349,49.3294448852539
5220207,"GO","SAO MIGUEL DO ARAGUAIA",12682,"0",35.4845174867221,10.298,58.4879989624023,30.55299949646,0.60699999332428,8.91053649452045,-13.2749996185303,50.1627769470215
5220264,"GO","SAO MIGUEL DO PASSA QUATRO",2202,"0",21.505376344086,3.051,58.7970008850098,24.4680004119873,0.514999985694885,15.7439446366782,-17.0586109161377,48.6627769470215
5220280,"GO","SAO PATRICIO",1078,"0",21.8870843000773,4.98,57.9290008544922,34.867000579834,0.519999980926514,11.2751584372171,-15.3502779006958,49.8177795410156
5220405,"GO","SAO SIMAO",10858,"0",26.1544011544012,9.556,53.7700004577637,29.7029991149902,0.495000004768372,9.74124809741248,-18.9911117553711,50.5436096191406
5220454,"GO","SENADOR CANEDO",18569,"0",34.0920968584867,16.111,55.1539993286133,30.2129993438721,0.409000009298325,13.3673706196333,-16.7080554962158,49.0930557250977
5220504,"GO","SERRANOPOLIS",4405,"0",24.7630693977377,9.507,41.7820014953613,26.5149993896484,0.51800000667572,12.1287602989078,-18.3061103820801,51.9622230529785
5220603,"GO","SILVANIA",10952,"0",24.4724066184484,9.403,59.4449996948242,21.7830009460449,0.60699999332428,12.6165501165501,-16.6588897705078,48.6080551147461
5220686,"GO","SIMOLANDIA",4135,"0",24.6388232203835,12.784,84.6829986572266,56.101001739502,0.497999995946884,5.46800835390165,-14.4736108779907,46.4833335876465
5220702,"GO","SITIO D ABADIA",2043,"0",20.4996796925048,7.676,87.8860015869141,58.8650016784668,0.587000012397766,4.94938132733408,-14.8052778244019,46.2530555725098
5221007,"GO","TAQUARAL DE GOIAS",2863,"0",26.7691063485645,8.149,65.4739990234375,33.8349990844727,0.507000029087067,7.67148014440433,-16.0541667938232,49.6058349609375
5221080,"GO","TEREZINHA DE GOIAS",1607,"0",29.6268088347296,10.522,58.1940002441406,37.117000579834,0.574000000953674,19.9588477366255,-13.7763891220093,47.264720916748
5221197,"GO","TEREZOPOLIS DE GOIAS",4096,"0",27.7654516640254,9.487,62.0789985656738,41.7709999084473,0.407000005245209,5.26315789473684,-16.3947219848633,49.0797233581543
5221304,"GO","TRES RANCHOS",2314,"0",22.1476510067114,5.546,54.3059997558594,23.4029998779297,0.476000010967255,14.4093686354379,-18.353889465332,47.7825012207031
5221403,"GO","TRINDADE",36872,"0",28.8952245188881,15.158,43.5279998779297,24.1469993591309,0.486000001430511,12.6001298982464,-16.6494445800781,49.4888877868652
5221452,"GO","TROMBAS",3089,"0",26.5666372462489,6.008,76.0419998168945,35.1459999084473,0.517000019550323,8.89391979301423,-13.5086107254028,48.7400016784668
5221502,"GO","TURVANIA",4633,"0",24.4331821819152,6.745,53.7620010375977,32.7169990539551,0.524999976158142,9.19032597266036,-16.614444732666,50.1341667175293
5221551,"GO","TURVELANDIA",2283,"0",32.1116928446771,10.488,57.2029991149902,36.5009994506836,0.493000000715256,5.05721668512366,-17.8527774810791,50.3022232055664
5221577,"GO","UIRAPURU",2385,"0",21.0990502035278,8.834,73.375,43.2089996337891,0.523999989032745,5.85734529995276,-14.2849998474121,49.9216651916504
5221601,"GO","URUACU",0,"0",25.284269470316,11.193,56.798999786377,28.1609992980957,0.575999975204468,6.00408044301953,-14.5247220993042,49.1408348083496
5221700,"GO","URUANA",9343,"0",29.5029527559055,9.866,54.4280014038086,29.1019992828369,0.583000004291534,9.83827493261455,-15.4980554580688,49.6875
5221809,"GO","URUTAI",2839,"0",32.4663677130045,10.515,48.5940017700195,26.6909999847412,0.505999982357025,6.50650650650651,-17.4636116027832,48.2016677856445
5221858,"GO","VALPARAIZO",15453,"0",39.7535602464398,19.568,26.5879993438721,14.3240003585815,0.503000020980835,11.2751584372171,-16.0658340454102,47.9786109924316
5221908,"GO","VARJAO",3695,"0",23.6120630568883,8.992,63.4630012512207,36.3089981079102,0.535000026226044,8.01930147058824,-17.0452785491943,49.6311111450195
5222005,"GO","VIANOPOLIS",6283,"0",33.0730522297415,11.305,57.7179985046387,25.4230003356934,0.566999971866608,9.38864628820961,-16.7419452667236,48.5163879394531
5222054,"GO","VICENTINOPOLIS",3766,"0",31.5197568389058,6.04,50.351001739502,27.7399997711182,0.592000007629395,7.03971119133574,-17.7350006103516,49.8050003051758
5222203,"GO","VILA BOA",2192,"0",23.7980769230769,10.978,71.3929977416992,49.4669990539551,0.509999990463257,9.53800298062593,-15.038332939148,47.0594444274902
5222302,"GO","VILA PROPICIO",2573,"0",35.0343473994112,10.54,85.072998046875,57.9910011291504,0.483999997377396,11.2751584372171,-15.4569444656372,48.8886108398438
