"","yearel","difdemshare","mdemsharenext","mdemshareprev"
"2",1948,0.104869484901428,0.589743673801422,0.506685197353363
"5",1948,0.0329447984695435,0.544944763183594,0.501775443553925
"8",1948,0.00670066475868225,0.539007782936096,0.497000336647034
"11",1948,-0.117628067731857,0.421190738677979,0.445347845554352
"14",1948,-0.0366211533546448,0.463498711585999,0.4673912525177
"17",1948,-0.00450673699378967,0.452087700366974,0.453472971916199
"20",1948,-0.143570423126221,0.380722761154175,0.420196175575256
"23",1948,0.0973416864871979,0.56675124168396,0.535502552986145
"29",1948,0.183480381965637,0.636393308639526,0.61733740568161
"41",1948,-0.0207050740718842,0.478721141815186,0.520916044712067
"44",1948,-0.133367568254471,0.396961212158203,0.383705943822861
"56",1948,-0.131244391202927,0.396961212158203,0.383705943822861
"59",1948,-0.227456003427505,0.373815447092056,0.373321533203125
"62",1948,-0.115902781486511,0.421190738677979,0.445347845554352
"65",1948,-0.15650999546051,0.422813564538956,0.382385939359665
"68",1948,0.240359157323837,0.641158401966095,0.630519151687622
"71",1948,0.193116217851639,0.678367853164673,0.604167699813843
"74",1948,-0.215925425291061,0.371206998825073,0.412021726369858
"77",1948,-0.0157825350761414,0.447776228189468,0.481011390686035
"80",1948,-0.0724698603153229,0.448143571615219,0.441522657871246
"83",1948,-0.241838812828064,0.383287221193314,0.350013911724091
"86",1948,-0.185423195362091,0.35799053311348,0.392098784446716
"89",1948,0.230103343725204,0.624011635780334,0.607193648815155
"92",1948,-0.161006361246109,0.371515184640884,0.403639167547226
"95",1948,-0.144874602556229,0.380722761154175,0.420196175575256
"98",1948,-0.129317194223404,0.391132682561874,0.40867230296135
"101",1948,-0.00118827819824219,0.452087700366974,0.453472971916199
"104",1948,-0.244906276464462,0.383287221193314,0.350013911724091
"107",1948,0.0498677790164948,0.567738711833954,0.525334537029266
"110",1948,0.0156278312206268,0.520029544830322,0.465887308120728
"113",1948,-0.0363967418670654,0.463498711585999,0.4673912525177
"128",1948,-0.212245941162109,0.393436163663864,0.408660441637039
"131",1948,0.0301212966442108,0.544944763183594,0.501775443553925
"134",1948,0.0669840276241302,0.577433168888092,0.543012738227844
"137",1948,0.148020654916763,0.592054784297943,0.569956600666046
"140",1948,0.19953978061676,0.62489664554596,0.606481790542603
"152",1948,0.246590495109558,0.658842325210571,0.661363184452057
"158",1948,0.17077648639679,0.592474937438965,0.59848541021347
"167",1948,0.0535843372344971,0.56830370426178,0.540523052215576
"170",1948,-0.160476297140121,0.371515184640884,0.403639167547226
"173",1948,-0.0515002012252808,0.422599375247955,0.431375712156296
"182",1948,-0.0142779648303986,0.455277919769287,0.490103662014008
"197",1948,0.206086426973343,0.591750741004944,0.580021023750305
"200",1948,-0.0873139798641205,0.407004415988922,0.466141819953918
"206",1948,-0.236561268568039,0.384374409914017,0.385249346494675
"212",1948,-0.138748615980148,0.360695838928223,0.395641356706619
"215",1948,0.145346850156784,0.592054784297943,0.569956600666046
"221",1948,-0.231078684329987,0.338507264852524,0.338756203651428
"224",1948,0.00107362866401672,0.524780869483948,0.523117542266846
"227",1948,-0.0422975420951843,0.4126837849617,0.447118937969208
"233",1948,-0.160750776529312,0.371515184640884,0.403639167547226
"239",1948,-0.0273021757602692,0.438607752323151,0.462698698043823
"242",1948,-0.197779148817062,0.396428644657135,0.410424441099167
"245",1948,-0.0441037118434906,0.4126837849617,0.447118937969208
"248",1948,0.0397292971611023,0.55524605512619,0.509494304656982
"251",1948,0.0552773177623749,0.571296095848083,0.510195434093475
"254",1948,-0.236420810222626,0.384374409914017,0.385249346494675
"257",1948,0.0685296356678009,0.577433168888092,0.543012738227844
"260",1948,0.0869630575180054,0.581187844276428,0.512545168399811
"263",1948,-0.0406204462051392,0.4126837849617,0.447118937969208
"266",1948,0.15788722038269,0.606199741363525,0.617055058479309
"269",1948,0.0145439803600311,0.518354594707489,0.472539275884628
"272",1948,-0.139339447021484,0.360695838928223,0.395641356706619
"275",1948,-0.235784858465195,0.384374409914017,0.385249346494675
"278",1948,-0.184107631444931,0.394276797771454,0.414450019598007
"284",1948,0.170210033655167,0.592474937438965,0.59848541021347
"287",1948,0.0364810228347778,0.55524605512619,0.509494304656982
"290",1948,-0.211181670427322,0.393436163663864,0.408660441637039
"293",1948,0.0392454266548157,0.55524605512619,0.509494304656982
"299",1948,-0.231048911809921,0.338507264852524,0.338756203651428
"314",1948,0.175507068634033,0.610752761363983,0.631223201751709
"317",1948,0.0738798081874847,0.597879230976105,0.526721119880676
"320",1948,-0.208009868860245,0.381492048501968,0.414540827274323
"323",1948,0.0864873230457306,0.581187844276428,0.512545168399811
"329",1948,-0.0514502823352814,0.422599375247955,0.431375712156296
"332",1948,0.107579469680786,0.608147740364075,0.578928768634796
"335",1948,0.243404150009155,0.641158401966095,0.630519151687622
"338",1948,-0.0908604860305786,0.392090976238251,0.414985239505768
"341",1948,0.0841000080108643,0.555431842803955,0.529476523399353
"344",1948,-0.00617682933807373,0.442523181438446,0.464892327785492
"347",1948,-0.127825289964676,0.391132682561874,0.40867230296135
"359",1948,0.0360055863857269,0.55524605512619,0.509494304656982
"362",1948,0.0581799447536469,0.571296095848083,0.510195434093475
"365",1948,0.0421663522720337,0.569284200668335,0.489214479923248
"380",1948,0.107343792915344,0.608147740364075,0.578928768634796
"383",1948,-0.162600517272949,0.371515184640884,0.403639167547226
"386",1948,0.0156019032001495,0.520029544830322,0.465887308120728
"389",1948,-0.0527241230010986,0.422599375247955,0.431375712156296
"398",1948,-0.128637582063675,0.391132682561874,0.40867230296135
"401",1948,-0.170262187719345,0.368037611246109,0.408233940601349
"407",1948,-0.0419469177722931,0.4126837849617,0.447118937969208
"410",1948,-0.0800433456897736,0.393856048583984,0.466867417097092
"413",1948,-0.061382532119751,0.425354391336441,0.442281723022461
"416",1948,0.062309741973877,0.538226783275604,0.495486587285995
"419",1948,-0.0636284351348877,0.425354391336441,0.442281723022461
"422",1948,-0.0350539684295654,0.463498711585999,0.4673912525177
"425",1948,-0.0128954350948334,0.455277919769287,0.490103662014008
"431",1948,-0.0373982489109039,0.463498711585999,0.4673912525177
"434",1948,0.033906627446413,0.544944763183594,0.501775443553925
"437",1948,0.220655709505081,0.645943760871887,0.60882979631424
"440",1948,-0.112625181674957,0.423870593309402,0.438292682170868
"443",1948,0.0447646081447601,0.569284200668335,0.489214479923248
"446",1948,0.0250398516654968,0.535835683345795,0.515917360782623
"449",1948,0.0516249239444733,0.56830370426178,0.540523052215576
"452",1948,-0.00362634658813477,0.452087700366974,0.453472971916199
"455",1948,0.0832683742046356,0.555431842803955,0.529476523399353
"458",1948,0.112936407327652,0.621084570884705,0.577381432056427
"461",1948,-0.0384061336517334,0.463498711585999,0.4673912525177
"464",1948,-0.0618208646774292,0.425354391336441,0.442281723022461
"467",1948,0.0225777328014374,0.526719570159912,0.52318012714386
"473",1948,-0.127487242221832,0.391132682561874,0.40867230296135
"476",1948,-0.206707358360291,0.381492048501968,0.414540827274323
"482",1948,-0.221991121768951,0.352606773376465,0.351172238588333
"485",1948,-0.00531330704689026,0.442523181438446,0.464892327785492
"488",1948,-0.187178373336792,0.35799053311348,0.392098784446716
"491",1948,-0.242379784584045,0.383287221193314,0.350013911724091
"494",1948,-0.180366039276123,0.394276797771454,0.414450019598007
"503",1948,-0.137922883033752,0.360695838928223,0.395641356706619
"509",1948,0.142061054706573,0.584069490432739,0.583165347576141
"518",1948,-0.0590566992759705,0.416869193315506,0.459104090929031
"521",1948,-0.0329068899154663,0.427786231040955,0.445796489715576
"524",1948,0.0569879710674286,0.571296095848083,0.510195434093475
"527",1948,0.163925915956497,0.610120296478271,0.53767466545105
"530",1948,-0.114598244428635,0.423870593309402,0.438292682170868
"533",1948,-0.0428788661956787,0.4126837849617,0.447118937969208
"536",1948,0.0616490840911865,0.538226783275604,0.495486587285995
"542",1948,-0.0898603200912476,0.407004415988922,0.466141819953918
"545",1948,0.0756597518920898,0.573001980781555,0.525536715984344
"548",1948,-0.157254338264465,0.422813564538956,0.382385939359665
"551",1948,-0.0169868767261505,0.447776228189468,0.481011390686035
"554",1948,-0.0425699949264526,0.4126837849617,0.447118937969208
"557",1948,-0.183021634817123,0.394276797771454,0.414450019598007
"560",1948,0.14971661567688,0.592054784297943,0.569956600666046
"563",1948,0.127131551504135,0.573815405368805,0.548367142677307
"566",1948,0.0526461601257324,0.56830370426178,0.540523052215576
"569",1948,-0.0578038990497589,0.416869193315506,0.459104090929031
"572",1948,0.0828578472137451,0.555431842803955,0.529476523399353
"584",1948,-0.0934320688247681,0.392090976238251,0.414985239505768
"587",1948,0.0405817031860352,0.569284200668335,0.489214479923248
"590",1948,-0.0431184768676758,0.4126837849617,0.447118937969208
"593",1948,-0.0823045074939728,0.393856048583984,0.466867417097092
"599",1948,0.164010286331177,0.610120296478271,0.53767466545105
"602",1948,0.0833211839199066,0.555431842803955,0.529476523399353
"605",1948,-0.117379635572433,0.421190738677979,0.445347845554352
"611",1948,-0.140914678573608,0.380722761154175,0.420196175575256
"617",1948,-0.132513761520386,0.396961212158203,0.383705943822861
"620",1948,-0.0762102603912354,0.41492372751236,0.448921769857407
"623",1948,-0.0774785578250885,0.41492372751236,0.448921769857407
"626",1948,-0.168800473213196,0.381468206644058,0.418078482151031
"629",1948,-0.0336966812610626,0.427786231040955,0.445796489715576
"632",1948,-0.0230937302112579,0.478721141815186,0.520916044712067
"635",1948,-0.116863042116165,0.421190738677979,0.445347845554352
"638",1948,-0.137614130973816,0.360695838928223,0.395641356706619
"641",1948,-0.1082783639431,0.412696540355682,0.454258769750595
"644",1948,-0.209396481513977,0.381492048501968,0.414540827274323
"647",1948,-0.0371371209621429,0.463498711585999,0.4673912525177
"650",1948,-0.100133627653122,0.422554552555084,0.429781138896942
"653",1948,-0.111850053071976,0.423870593309402,0.438292682170868
"659",1948,-0.151309013366699,0.417075216770172,0.407009094953537
"689",1948,0.152278393507004,0.56660395860672,0.538523316383362
"692",1948,0.134646892547607,0.567602336406708,0.574006497859955
"695",1948,0.142006278038025,0.584069490432739,0.583165347576141
"701",1948,0.1172995865345,0.599108695983887,0.557944357395172
"704",1948,0.0278153717517853,0.535835683345795,0.515917360782623
"707",1948,-0.0791827142238617,0.41492372751236,0.448921769857407
"710",1948,0.144730925559998,0.584069490432739,0.583165347576141
"713",1948,0.233261853456497,0.624011635780334,0.607193648815155
"722",1948,0.103662699460983,0.589743673801422,0.506685197353363
"728",1948,-0.144898414611816,0.380722761154175,0.420196175575256
"731",1948,0.0285457670688629,0.535835683345795,0.515917360782623
"740",1948,-0.0708305835723877,0.448143571615219,0.441522657871246
"764",1948,0.208695441484451,0.591750741004944,0.580021023750305
"767",1948,0.132890552282333,0.567602336406708,0.574006497859955
"770",1948,0.0481754541397095,0.567738711833954,0.525334537029266
"938",1948,0.191445112228394,0.678367853164673,0.604167699813843
"941",1948,0.195083856582642,0.62489664554596,0.606481790542603
"1037",1948,-0.0663424730300903,0.44115549325943,0.44494640827179
"1040",1948,0.188981741666794,0.635246455669403,0.613830387592316
"1046",1948,0.214272856712341,0.677564263343811,0.655063629150391
"1049",1948,0.209453582763672,0.591750741004944,0.580021023750305
"1052",1948,0.203873366117477,0.613519787788391,0.573727965354919
"1058",1948,-0.047175794839859,0.405659049749374,0.488230556249619
"1061",1948,0.127653658390045,0.573815405368805,0.548367142677307
"1070",1948,0.1938256919384,0.678367853164673,0.604167699813843
"1073",1948,-0.106804728507996,0.412696540355682,0.454258769750595
"1076",1948,0.0650807619094849,0.577433168888092,0.543012738227844
"1097",1948,0.160456329584122,0.610120296478271,0.53767466545105
"1130",1948,0.145146012306213,0.592054784297943,0.569956600666046
"1133",1948,0.0934413969516754,0.614796221256256,0.584919214248657
"1136",1948,0.142073184251785,0.584069490432739,0.583165347576141
"1139",1948,0.0614244043827057,0.538226783275604,0.495486587285995
"1145",1948,0.250040680170059,0.638899028301239,0.621499121189117
"1148",1948,0.174201041460037,0.592474937438965,0.59848541021347
"1157",1948,-0.038202315568924,0.463498711585999,0.4673912525177
"1160",1948,0.0140314102172852,0.518354594707489,0.472539275884628
"1163",1948,0.03720423579216,0.55524605512619,0.509494304656982
"1166",1948,0.0601199567317963,0.538226783275604,0.495486587285995
"1169",1948,-0.0220632553100586,0.478721141815186,0.520916044712067
"1175",1948,-0.0201359987258911,0.478721141815186,0.520916044712067
"1178",1948,0.0129631459712982,0.518354594707489,0.472539275884628
"1181",1948,0.180845230817795,0.636393308639526,0.61733740568161
"1184",1948,0.149117738008499,0.592054784297943,0.569956600666046
"1187",1948,-0.030493289232254,0.427786231040955,0.445796489715576
"1199",1948,0.0334121882915497,0.544944763183594,0.501775443553925
"1214",1948,0.0441174507141113,0.569284200668335,0.489214479923248
"1241",1948,0.0627467930316925,0.538226783275604,0.495486587285995
"1250",1948,0.125629395246506,0.573815405368805,0.548367142677307
"1256",1948,0.125916659832001,0.573815405368805,0.548367142677307
"1262",1948,-0.163148373365402,0.371515184640884,0.403639167547226
"1265",1948,-0.184440791606903,0.394276797771454,0.414450019598007
"1271",1948,0.0396867692470551,0.55524605512619,0.509494304656982
"1277",1948,-0.0413205325603485,0.4126837849617,0.447118937969208
"1280",1948,-0.0632205009460449,0.425354391336441,0.442281723022461
"1283",1948,-0.0919742286205292,0.392090976238251,0.414985239505768
"1286",1948,-0.142087131738663,0.380722761154175,0.420196175575256
"1289",1954,0.139252096414566,0.563722848892212,0.560968160629272
"1290",1956,-0.0736019313335419,0.448143571615219,0.441522657871246
"1291",1958,0.0868215262889862,0.581187844276428,0.512545168399811
"1294",1954,-0.0137800276279449,0.455277919769287,0.490103662014008
"1295",1956,-0.180982738733292,0.394276797771454,0.414450019598007
"1296",1958,0.065781980752945,0.577433168888092,0.543012738227844
"1299",1954,-0.0532753467559814,0.422599375247955,0.431375712156296
"1300",1956,-0.199992418289185,0.396428644657135,0.410424441099167
"1301",1958,0.124451160430908,0.561517000198364,0.576838791370392
"1304",1954,-0.148335248231888,0.428617924451828,0.456191748380661
"1306",1958,0.0181110203266144,0.520029544830322,0.465887308120728
"1309",1954,-0.0550075769424438,0.416869193315506,0.459104090929031
"1310",1956,-0.238510131835938,0.384374409914017,0.385249346494675
"1311",1958,0.0759575366973877,0.573001980781555,0.525536715984344
"1314",1954,-0.0200951993465424,0.478721141815186,0.520916044712067
"1315",1956,-0.229007214307785,0.373815447092056,0.373321533203125
"1316",1958,0.120755314826965,0.561517000198364,0.576838791370392
"1319",1954,-0.111661702394485,0.423870593309402,0.438292682170868
"1321",1958,-0.110606104135513,0.423870593309402,0.438292682170868
"1324",1954,0.192721098661423,0.678367853164673,0.604167699813843
"1325",1956,0.224431157112122,0.645943760871887,0.60882979631424
"1334",1954,0.142635077238083,0.584069490432739,0.583165347576141
"1335",1956,0.188630819320679,0.635246455669403,0.613830387592316
"1354",1954,0.0638741254806519,0.538226783275604,0.495486587285995
"1355",1956,0.0956954658031464,0.56675124168396,0.535502552986145
"1359",1954,-0.131641000509262,0.396961212158203,0.383705943822861
"1360",1956,-0.221812605857849,0.352606773376465,0.351172238588333
"1361",1958,-0.0937708616256714,0.392090976238251,0.414985239505768
"1364",1954,-0.0132345855236053,0.455277919769287,0.490103662014008
"1365",1956,-0.0592762231826782,0.416869193315506,0.459104090929031
"1366",1958,-0.0436007976531982,0.4126837849617,0.447118937969208
"1379",1954,-0.159907668828964,0.422813564538956,0.382385939359665
"1380",1956,-0.112465769052505,0.423870593309402,0.438292682170868
"1381",1958,0.0701195001602173,0.597879230976105,0.526721119880676
"1384",1954,-0.240170001983643,0.383287221193314,0.350013911724091
"1385",1956,-0.24768340587616,0.377537816762924,0.442024797201157
"1386",1958,-0.220829874277115,0.352606773376465,0.351172238588333
"1389",1954,-0.00434800982475281,0.452087700366974,0.453472971916199
"1390",1956,-0.148035168647766,0.428617924451828,0.456191748380661
"1391",1958,-0.174068987369537,0.368037611246109,0.408233940601349
"1394",1954,-0.208409816026688,0.381492048501968,0.414540827274323
"1396",1958,-0.171054691076279,0.368037611246109,0.408233940601349
"1399",1954,0.182556629180908,0.636393308639526,0.61733740568161
"1400",1956,0.115413427352905,0.599108695983887,0.557944357395172
"1404",1954,0.210177153348923,0.677564263343811,0.655063629150391
"1405",1956,0.044183999300003,0.569284200668335,0.489214479923248
"1409",1954,-0.227520912885666,0.373815447092056,0.373321533203125
"1411",1958,0.0293070077896118,0.535835683345795,0.515917360782623
"1414",1954,0.0982140302658081,0.56675124168396,0.535502552986145
"1415",1956,-0.0391299724578857,0.463498711585999,0.4673912525177
"1416",1958,0.00456520915031433,0.524780869483948,0.523117542266846
"1419",1954,-0.0883634090423584,0.407004415988922,0.466141819953918
"1420",1956,-0.168131440877914,0.381468206644058,0.418078482151031
"1421",1958,-0.00951376557350159,0.442523181438446,0.464892327785492
"1426",1958,-0.0734830498695374,0.448143571615219,0.441522657871246
"1429",1954,-0.15119206905365,0.417075216770172,0.407009094953537
"1431",1958,-0.121436148881912,0.393183499574661,0.366201162338257
"1434",1954,0.167245864868164,0.595217883586884,0.616234004497528
"1435",1956,0.0906967222690582,0.614796221256256,0.584919214248657
"1439",1954,-0.185261607170105,0.35799053311348,0.392098784446716
"1441",1958,-0.116529524326324,0.421190738677979,0.445347845554352
"1444",1954,0.14126193523407,0.584069490432739,0.583165347576141
"1445",1956,-0.020912766456604,0.478721141815186,0.520916044712067
"1446",1958,-0.0423699021339417,0.4126837849617,0.447118937969208
"1451",1958,-0.196056753396988,0.396428644657135,0.410424441099167
"1454",1954,-0.0964591205120087,0.40701898932457,0.410518795251846
"1455",1956,-0.220751821994781,0.352606773376465,0.351172238588333
"1456",1958,-0.169103562831879,0.381468206644058,0.418078482151031
"1459",1954,-0.204654812812805,0.347458600997925,0.404969841241837
"1461",1958,-0.154339522123337,0.417075216770172,0.407009094953537
"1465",1956,0.122371554374695,0.561517000198364,0.576838791370392
"1469",1954,0.150120437145233,0.56660395860672,0.538523316383362
"1470",1956,0.0491341352462769,0.567738711833954,0.525334537029266
"1471",1958,0.186824202537537,0.635246455669403,0.613830387592316
"1474",1954,-0.0613376200199127,0.425354391336441,0.442281723022461
"1475",1956,-0.209906727075577,0.381492048501968,0.414540827274323
"1476",1958,-0.0737046599388123,0.448143571615219,0.441522657871246
"1480",1956,0.000467360019683838,0.524780869483948,0.523117542266846
"1485",1956,-0.0669683814048767,0.44115549325943,0.44494640827179
"1491",1958,-0.14928662776947,0.428617924451828,0.456191748380661
"1496",1958,-0.210760921239853,0.393436163663864,0.408660441637039
"1499",1954,-0.166728109121323,0.381468206644058,0.418078482151031
"1500",1956,-0.238624006509781,0.384374409914017,0.385249346494675
"1501",1958,-0.0883198082447052,0.407004415988922,0.466141819953918
"1504",1954,-0.139087110757828,0.360695838928223,0.395641356706619
"1505",1956,-0.116217136383057,0.421190738677979,0.445347845554352
"1506",1958,-0.0512960255146027,0.422599375247955,0.431375712156296
"1509",1954,-0.0782844722270966,0.41492372751236,0.448921769857407
"1510",1956,-0.171172857284546,0.368037611246109,0.408233940601349
"1511",1958,-0.0841554999351501,0.393856048583984,0.466867417097092
"1514",1954,0.0897830724716187,0.581187844276428,0.512545168399811
"1515",1956,0.137048155069351,0.563722848892212,0.560968160629272
"1519",1954,0.179284572601318,0.610752761363983,0.631223201751709
"1520",1956,0.000654011964797974,0.524780869483948,0.523117542266846
"1521",1958,0.222761780023575,0.645943760871887,0.60882979631424
"1544",1954,-0.0261789858341217,0.438607752323151,0.462698698043823
"1545",1956,-0.152089715003967,0.417075216770172,0.407009094953537
"1546",1958,-0.127831161022186,0.391132682561874,0.40867230296135
"1559",1954,-0.0343249440193176,0.427786231040955,0.445796489715576
"1560",1956,-0.236893445253372,0.384374409914017,0.385249346494675
"1561",1958,-0.056335836648941,0.416869193315506,0.459104090929031
"1569",1954,-0.00321444869041443,0.452087700366974,0.453472971916199
"1570",1956,-0.0183188915252686,0.447776228189468,0.481011390686035
"1571",1958,-0.0780864953994751,0.41492372751236,0.448921769857407
"1575",1956,0.159671574831009,0.606199741363525,0.617055058479309
"1605",1956,0.224078893661499,0.645943760871887,0.60882979631424
"1609",1954,-0.0728971362113953,0.448143571615219,0.441522657871246
"1610",1956,-0.238213121891022,0.384374409914017,0.385249346494675
"1611",1958,-0.155229926109314,0.422813564538956,0.382385939359665
"1619",1954,-0.143655866384506,0.380722761154175,0.420196175575256
"1620",1956,-0.161314606666565,0.371515184640884,0.403639167547226
"1621",1958,-0.163892984390259,0.371515184640884,0.403639167547226
"1625",1956,-0.243206113576889,0.383287221193314,0.350013911724091
"1626",1958,-0.215718388557434,0.371206998825073,0.412021726369858
"1634",1954,0.223903506994247,0.645943760871887,0.60882979631424
"1635",1956,0.115810602903366,0.599108695983887,0.557944357395172
"1644",1954,-0.229544043540955,0.373815447092056,0.373321533203125
"1646",1958,0.0805509984493256,0.555431842803955,0.529476523399353
"1654",1954,-0.187460392713547,0.35799053311348,0.392098784446716
"1655",1956,-0.149197101593018,0.428617924451828,0.456191748380661
"1656",1958,-0.0159347951412201,0.447776228189468,0.481011390686035
"1661",1958,-0.0765259265899658,0.41492372751236,0.448921769857407
"1676",1958,-0.163618177175522,0.371515184640884,0.403639167547226
"1684",1954,-0.23776564002037,0.384374409914017,0.385249346494675
"1686",1958,-0.238531738519669,0.384374409914017,0.385249346494675
"1691",1958,0.00605031847953796,0.539007782936096,0.497000336647034
"1694",1954,-0.152012348175049,0.417075216770172,0.407009094953537
"1695",1956,-0.183257967233658,0.394276797771454,0.414450019598007
"1696",1958,-0.177249819040298,0.391896307468414,0.425834864377975
"1704",1954,0.230094075202942,0.624011635780334,0.607193648815155
"1709",1954,0.224941730499268,0.645943760871887,0.60882979631424
"1710",1956,0.246471881866455,0.658842325210571,0.661363184452057
"1714",1954,0.107211202383041,0.608147740364075,0.578928768634796
"1715",1956,0.198894768953323,0.62489664554596,0.606481790542603
"1724",1954,0.100524216890335,0.589743673801422,0.506685197353363
"1725",1956,0.06683349609375,0.577433168888092,0.543012738227844
"1726",1958,0.105098485946655,0.608147740364075,0.578928768634796
"1729",1954,-0.0118503868579865,0.455277919769287,0.490103662014008
"1730",1956,-0.0307353436946869,0.427786231040955,0.445796489715576
"1731",1958,0.108071893453598,0.608147740364075,0.578928768634796
"1734",1954,-0.217565894126892,0.371206998825073,0.412021726369858
"1735",1956,-0.238172292709351,0.384374409914017,0.385249346494675
"1736",1958,-0.184061914682388,0.394276797771454,0.414450019598007
"1739",1954,-0.0248401165008545,0.478721141815186,0.520916044712067
"1740",1956,-0.118651986122131,0.421190738677979,0.445347845554352
"1741",1958,-0.0857445895671844,0.407004415988922,0.466141819953918
"1746",1958,-0.238552689552307,0.384374409914017,0.385249346494675
"1749",1954,-0.00995519757270813,0.442523181438446,0.464892327785492
"1750",1956,-0.115904480218887,0.421190738677979,0.445347845554352
"1751",1958,0.00868067145347595,0.539007782936096,0.497000336647034
"1754",1954,0.0186463296413422,0.520029544830322,0.465887308120728
"1755",1956,0.0610521733760834,0.538226783275604,0.495486587285995
"1756",1958,0.23400866985321,0.624011635780334,0.607193648815155
"1759",1954,-0.109640121459961,0.412696540355682,0.454258769750595
"1760",1956,-0.129008293151855,0.391132682561874,0.40867230296135
"1761",1958,-0.0976495742797852,0.40701898932457,0.410518795251846
"1769",1954,0.239667415618896,0.650245904922485,0.628190994262695
"1770",1956,0.0297369062900543,0.535835683345795,0.515917360782623
"1771",1958,0.171737372875214,0.592474937438965,0.59848541021347
"1774",1954,0.231840580701828,0.624011635780334,0.607193648815155
"1775",1956,0.111816674470901,0.621084570884705,0.577381432056427
"1776",1958,0.221337527036667,0.645943760871887,0.60882979631424
"1779",1954,-0.195245951414108,0.396428644657135,0.410424441099167
"1780",1956,-0.209877252578735,0.381492048501968,0.414540827274323
"1781",1958,-0.132461696863174,0.396961212158203,0.383705943822861
"1784",1954,-0.130622297525406,0.396961212158203,0.383705943822861
"1785",1956,-0.171158194541931,0.368037611246109,0.408233940601349
"1786",1958,-0.120715767145157,0.393183499574661,0.366201162338257
"1789",1954,-0.118533134460449,0.421190738677979,0.445347845554352
"1790",1956,-0.197311043739319,0.396428644657135,0.410424441099167
"1791",1958,-0.126462787389755,0.391132682561874,0.40867230296135
"1794",1954,0.0206570327281952,0.526719570159912,0.52318012714386
"1795",1956,-0.0763926208019257,0.41492372751236,0.448921769857407
"1796",1958,0.0293409824371338,0.535835683345795,0.515917360782623
"1799",1954,-0.125582337379456,0.391132682561874,0.40867230296135
"1804",1954,0.221148937940598,0.645943760871887,0.60882979631424
"1805",1956,0.136851221323013,0.563722848892212,0.560968160629272
"1806",1958,0.182901501655579,0.636393308639526,0.61733740568161
"1809",1954,-0.0375438630580902,0.463498711585999,0.4673912525177
"1810",1956,-0.138794779777527,0.360695838928223,0.395641356706619
"1811",1958,-0.139670640230179,0.360695838928223,0.395641356706619
"1814",1954,-0.237387508153915,0.384374409914017,0.385249346494675
"1816",1958,-0.222890496253967,0.352606773376465,0.351172238588333
"1819",1954,-0.0407025814056396,0.4126837849617,0.447118937969208
"1820",1956,-0.155119448900223,0.422813564538956,0.382385939359665
"1821",1958,-0.0765578746795654,0.41492372751236,0.448921769857407
"1824",1954,0.0691475868225098,0.577433168888092,0.543012738227844
"1825",1956,0.0264308452606201,0.535835683345795,0.515917360782623
"1826",1958,0.17748162150383,0.610752761363983,0.631223201751709
"1830",1956,0.237367540597916,0.650245904922485,0.628190994262695
"1840",1956,0.155047863721848,0.606199741363525,0.617055058479309
"1844",1954,-0.212023973464966,0.393436163663864,0.408660441637039
"1850",1956,0.196050524711609,0.62489664554596,0.606481790542603
"1859",1954,0.231147974729538,0.624011635780334,0.607193648815155
"1860",1956,0.105542659759521,0.608147740364075,0.578928768634796
"1864",1954,0.0755182206630707,0.573001980781555,0.525536715984344
"1865",1956,-0.028961569070816,0.438607752323151,0.462698698043823
"1866",1958,0.172225415706635,0.592474937438965,0.59848541021347
"1869",1954,-0.042953610420227,0.4126837849617,0.447118937969208
"1870",1956,-0.20063641667366,0.347458600997925,0.404969841241837
"1871",1958,-0.0391238033771515,0.463498711585999,0.4673912525177
"1875",1956,0.235829144716263,0.650245904922485,0.628190994262695
"1880",1956,0.240286499261856,0.641158401966095,0.630519151687622
"1890",1956,0.190592050552368,0.678367853164673,0.604167699813843
"1894",1954,0.206541538238525,0.591750741004944,0.580021023750305
"1895",1956,0.0806738138198853,0.555431842803955,0.529476523399353
"1899",1954,-0.145143032073975,0.428617924451828,0.456191748380661
"1901",1958,-0.086793452501297,0.407004415988922,0.466141819953918
"1904",1954,-0.0178353786468506,0.447776228189468,0.481011390686035
"1905",1956,-0.109245657920837,0.412696540355682,0.454258769750595
"1906",1958,0.134896874427795,0.567602336406708,0.574006497859955
"1909",1954,0.0820826292037964,0.555431842803955,0.529476523399353
"1910",1956,0.0634080469608307,0.538226783275604,0.495486587285995
"1911",1958,0.215295225381851,0.60321968793869,0.63100653886795
"1926",1958,-0.0502834320068359,0.422599375247955,0.431375712156296
"1931",1958,-0.227395206689835,0.373815447092056,0.373321533203125
"1936",1958,-0.220138162374496,0.352606773376465,0.351172238588333
"1939",1954,-0.149035662412643,0.428617924451828,0.456191748380661
"1940",1956,-0.175930291414261,0.391896307468414,0.425834864377975
"1941",1958,-0.189592689275742,0.35799053311348,0.392098784446716
"1944",1954,-0.129928112030029,0.391132682561874,0.40867230296135
"1945",1956,-0.116236239671707,0.421190738677979,0.445347845554352
"1946",1958,-0.00916114449501038,0.442523181438446,0.464892327785492
"1950",1956,-0.192918062210083,0.391616851091385,0.389421999454498
"1951",1958,-0.109539270401001,0.412696540355682,0.454258769750595
"1954",1954,0.0956338942050934,0.56675124168396,0.535502552986145
"1955",1956,0.0696430206298828,0.577433168888092,0.543012738227844
"1956",1958,0.175334334373474,0.610752761363983,0.631223201751709
"1959",1954,-0.240772724151611,0.383287221193314,0.350013911724091
"1960",1956,-0.245228677988052,0.377537816762924,0.442024797201157
"1961",1958,-0.209519267082214,0.381492048501968,0.414540827274323
"1964",1954,-0.058819055557251,0.416869193315506,0.459104090929031
"1965",1956,-0.0512861013412476,0.422599375247955,0.431375712156296
"1966",1958,0.00143802165985107,0.524780869483948,0.523117542266846
"1974",1954,0.0522080659866333,0.56830370426178,0.540523052215576
"1975",1956,0.0766571760177612,0.573001980781555,0.525536715984344
"1976",1958,0.164346933364868,0.610120296478271,0.53767466545105
"1979",1954,0.232762843370438,0.624011635780334,0.607193648815155
"1980",1956,0.0534939467906952,0.56830370426178,0.540523052215576
"1984",1954,-0.191742181777954,0.391616851091385,0.389421999454498
"1985",1956,-0.248008847236633,0.377537816762924,0.442024797201157
"1986",1958,-0.0445888340473175,0.4126837849617,0.447118937969208
"1989",1954,-0.0119238197803497,0.455277919769287,0.490103662014008
"1990",1956,-0.0613752603530884,0.425354391336441,0.442281723022461
"1991",1958,0.138622969388962,0.563722848892212,0.560968160629272
"1994",1954,-0.201251745223999,0.347458600997925,0.404969841241837
"1996",1958,-0.00191780924797058,0.452087700366974,0.453472971916199
"1999",1954,-0.0688155591487885,0.44115549325943,0.44494640827179
"2000",1956,-0.133083313703537,0.396961212158203,0.383705943822861
"2001",1958,0.0736428201198578,0.597879230976105,0.526721119880676
"2004",1954,-0.0504806339740753,0.422599375247955,0.431375712156296
"2005",1956,-0.102222234010696,0.422554552555084,0.429781138896942
"2006",1958,0.0295938551425934,0.535835683345795,0.515917360782623
"2009",1954,-0.109919428825378,0.412696540355682,0.454258769750595
"2010",1956,-0.144680231809616,0.380722761154175,0.420196175575256
"2011",1958,-0.0755817890167236,0.41492372751236,0.448921769857407
"2014",1954,0.046284407377243,0.567738711833954,0.525334537029266
"2015",1956,0.00364002585411072,0.524780869483948,0.523117542266846
"2016",1958,0.229843020439148,0.601154208183289,0.63194078207016
"2019",1954,-0.0331689417362213,0.427786231040955,0.445796489715576
"2020",1956,-0.0712483823299408,0.448143571615219,0.441522657871246
"2021",1958,0.00597402453422546,0.539007782936096,0.497000336647034
"2024",1954,-0.125124901533127,0.391132682561874,0.40867230296135
"2025",1956,-0.129610747098923,0.391132682561874,0.40867230296135
"2026",1958,0.014921635389328,0.518354594707489,0.472539275884628
"2029",1954,-0.100966393947601,0.422554552555084,0.429781138896942
"2030",1956,-0.188956439495087,0.35799053311348,0.392098784446716
"2031",1958,0.041786402463913,0.569284200668335,0.489214479923248
"2039",1954,-0.197158485651016,0.396428644657135,0.410424441099167
"2041",1958,-0.180054068565369,0.394276797771454,0.414450019598007
"2044",1954,-0.192485451698303,0.391616851091385,0.389421999454498
"2046",1958,-0.212446093559265,0.393436163663864,0.408660441637039
"2049",1954,-0.246363550424576,0.377537816762924,0.442024797201157
"2050",1956,-0.239238500595093,0.384374409914017,0.385249346494675
"2051",1958,-0.200368404388428,0.347458600997925,0.404969841241837
"2059",1954,0.0253956019878387,0.535835683345795,0.515917360782623
"2060",1956,-0.017274796962738,0.447776228189468,0.481011390686035
"2061",1958,-0.0445775985717773,0.4126837849617,0.447118937969208
"2064",1954,-0.0578559339046478,0.416869193315506,0.459104090929031
"2065",1956,-0.0737165212631226,0.448143571615219,0.441522657871246
"2066",1958,0.0160665810108185,0.520029544830322,0.465887308120728
"2071",1958,-0.243854880332947,0.383287221193314,0.350013911724091
"2074",1954,-0.117625713348389,0.421190738677979,0.445347845554352
"2075",1956,-0.119540125131607,0.421190738677979,0.445347845554352
"2076",1958,-0.135666310787201,0.360695838928223,0.395641356706619
"2079",1954,-0.22796368598938,0.373815447092056,0.373321533203125
"2081",1958,-0.224225223064423,0.352606773376465,0.351172238588333
"2084",1954,-0.0983405411243439,0.40701898932457,0.410518795251846
"2085",1956,-0.121593803167343,0.393183499574661,0.366201162338257
"2086",1958,-0.0462948083877563,0.405659049749374,0.488230556249619
"2089",1954,-0.117989778518677,0.421190738677979,0.445347845554352
"2090",1956,-0.12675741314888,0.391132682561874,0.40867230296135
"2091",1958,-0.141470074653625,0.380722761154175,0.420196175575256
"2099",1954,0.166256904602051,0.595217883586884,0.616234004497528
"2100",1956,0.135555237531662,0.563722848892212,0.560968160629272
"2114",1954,0.0460684299468994,0.567738711833954,0.525334537029266
"2115",1956,0.0679379403591156,0.577433168888092,0.543012738227844
"2116",1958,0.207854777574539,0.591750741004944,0.580021023750305
"2119",1954,-0.0776124000549316,0.41492372751236,0.448921769857407
"2120",1956,-0.134513229131699,0.396961212158203,0.383705943822861
"2121",1958,-0.0550373792648315,0.416869193315506,0.459104090929031
"2126",1958,-0.132743090391159,0.396961212158203,0.383705943822861
"2129",1954,-0.167567133903503,0.381468206644058,0.418078482151031
"2131",1958,-0.0946251451969147,0.392090976238251,0.414985239505768
"2134",1954,-0.0516002476215363,0.422599375247955,0.431375712156296
"2135",1956,-0.180707097053528,0.394276797771454,0.414450019598007
"2136",1958,-0.0479340553283691,0.405659049749374,0.488230556249619
"2141",1958,-0.220259040594101,0.352606773376465,0.351172238588333
"2144",1954,-0.190723657608032,0.391616851091385,0.389421999454498
"2145",1956,-0.246465086936951,0.377537816762924,0.442024797201157
"2146",1958,-0.0783025920391083,0.41492372751236,0.448921769857407
"2149",1954,0.0435723066329956,0.569284200668335,0.489214479923248
"2150",1956,0.0900104939937592,0.614796221256256,0.584919214248657
"2151",1958,0.240035653114319,0.641158401966095,0.630519151687622
"2156",1958,-0.210277318954468,0.393436163663864,0.408660441637039
"2161",1958,-0.225340873003006,0.373815447092056,0.373321533203125
"2164",1954,0.0286712646484375,0.535835683345795,0.515917360782623
"2165",1956,0.104983061552048,0.589743673801422,0.506685197353363
"2166",1958,0.231971025466919,0.624011635780334,0.607193648815155
"2169",1954,-0.233252048492432,0.338507264852524,0.338756203651428
"2171",1958,0.0588872134685516,0.571296095848083,0.510195434093475
"2175",1956,-0.168396353721619,0.381468206644058,0.418078482151031
"2176",1958,0.006121426820755,0.539007782936096,0.497000336647034
"2179",1954,-0.230013966560364,0.338507264852524,0.338756203651428
"2180",1956,-0.23566946387291,0.384374409914017,0.385249346494675
"2181",1958,-0.0875703394412994,0.407004415988922,0.466141819953918
"2184",1954,-0.182297557592392,0.394276797771454,0.414450019598007
"2186",1958,-0.178899973630905,0.391896307468414,0.425834864377975
"2189",1954,-0.092368096113205,0.392090976238251,0.414985239505768
"2190",1956,-0.17775085568428,0.391896307468414,0.425834864377975
"2191",1958,-0.202597349882126,0.347458600997925,0.404969841241837
"2194",1954,-0.0803292095661163,0.393856048583984,0.466867417097092
"2195",1956,-0.21049627661705,0.393436163663864,0.408660441637039
"2196",1958,-0.145227432250977,0.428617924451828,0.456191748380661
"2199",1954,-0.165866136550903,0.381468206644058,0.418078482151031
"2200",1956,-0.104168266057968,0.422554552555084,0.429781138896942
"2201",1958,-0.148387670516968,0.428617924451828,0.456191748380661
"2206",1958,0.0337826907634735,0.544944763183594,0.501775443553925
"2209",1954,0.145409822463989,0.592054784297943,0.569956600666046
"2210",1956,0.19107922911644,0.678367853164673,0.604167699813843
"2229",1954,-0.166959643363953,0.381468206644058,0.418078482151031
"2231",1958,-0.105956584215164,0.412696540355682,0.454258769750595
"2239",1954,-0.0888346433639526,0.407004415988922,0.466141819953918
"2240",1956,-0.141362071037292,0.380722761154175,0.420196175575256
"2241",1958,0.0116297900676727,0.518354594707489,0.472539275884628
"2244",1954,-0.0798424780368805,0.41492372751236,0.448921769857407
"2245",1956,-0.10646465420723,0.412696540355682,0.454258769750595
"2246",1958,0.0418077409267426,0.569284200668335,0.489214479923248
"2249",1954,-0.24119508266449,0.383287221193314,0.350013911724091
"2250",1956,-0.22404083609581,0.352606773376465,0.351172238588333
"2251",1958,-0.0240729153156281,0.478721141815186,0.520916044712067
"2259",1954,0.0449540615081787,0.569284200668335,0.489214479923248
"2260",1956,0.15503466129303,0.606199741363525,0.617055058479309
"2264",1954,-0.250009089708328,0.379428595304489,0.385526180267334
"2266",1958,-0.0554320812225342,0.416869193315506,0.459104090929031
"2269",1954,-0.182252168655396,0.394276797771454,0.414450019598007
"2270",1956,-0.236917853355408,0.384374409914017,0.385249346494675
"2271",1958,-0.209259539842606,0.381492048501968,0.414540827274323
"2274",1954,-0.24068284034729,0.383287221193314,0.350013911724091
"2276",1958,-0.146377801895142,0.428617924451828,0.456191748380661
"2279",1954,0.108225375413895,0.608147740364075,0.578928768634796
"2280",1956,0.0284115076065063,0.535835683345795,0.515917360782623
"2284",1954,-0.195120185613632,0.396428644657135,0.410424441099167
"2289",1954,-0.14061427116394,0.380722761154175,0.420196175575256
"2290",1956,-0.15959632396698,0.422813564538956,0.382385939359665
"2291",1958,-0.0679465532302856,0.44115549325943,0.44494640827179
"2294",1954,-0.108491986989975,0.412696540355682,0.454258769750595
"2295",1956,-0.0275955200195312,0.438607752323151,0.462698698043823
"2296",1958,0.0224951505661011,0.526719570159912,0.52318012714386
"2299",1954,-0.242747575044632,0.383287221193314,0.350013911724091
"2300",1956,-0.171084672212601,0.368037611246109,0.408233940601349
"2301",1958,-0.0732578039169312,0.448143571615219,0.441522657871246
"2304",1954,-0.111539334058762,0.423870593309402,0.438292682170868
"2305",1956,-0.0141396522521973,0.455277919769287,0.490103662014008
"2306",1958,0.0397249162197113,0.55524605512619,0.509494304656982
"2309",1954,-0.111322402954102,0.423870593309402,0.438292682170868
"2310",1956,-0.0225695669651031,0.478721141815186,0.520916044712067
"2311",1958,0.0455288887023926,0.567738711833954,0.525334537029266
"2314",1954,-0.206786036491394,0.381492048501968,0.414540827274323
"2315",1956,0.00153425335884094,0.524780869483948,0.523117542266846
"2316",1958,0.165023565292358,0.595217883586884,0.616234004497528
"2319",1954,-0.207421272993088,0.381492048501968,0.414540827274323
"2320",1956,-0.107178181409836,0.412696540355682,0.454258769750595
"2321",1958,-0.0300202071666718,0.427786231040955,0.445796489715576
"2325",1956,-0.201700806617737,0.347458600997925,0.404969841241837
"2326",1958,-0.0544981062412262,0.422599375247955,0.431375712156296
"2329",1954,-0.086339145898819,0.407004415988922,0.466141819953918
"2330",1956,-0.0724171698093414,0.448143571615219,0.441522657871246
"2331",1958,-0.0378567278385162,0.463498711585999,0.4673912525177
"2334",1954,-0.0932335555553436,0.392090976238251,0.414985239505768
"2335",1956,-0.0970361530780792,0.40701898932457,0.410518795251846
"2336",1958,0.0150323808193207,0.520029544830322,0.465887308120728
"2339",1954,-0.107637047767639,0.412696540355682,0.454258769750595
"2340",1956,-0.10084080696106,0.422554552555084,0.429781138896942
"2341",1958,0.0344593524932861,0.544944763183594,0.501775443553925
"2344",1954,-0.124248832464218,0.393183499574661,0.366201162338257
"2345",1956,-0.0767795741558075,0.41492372751236,0.448921769857407
"2346",1958,-0.0133838653564453,0.455277919769287,0.490103662014008
"2350",1956,0.0104748010635376,0.518354594707489,0.472539275884628
"2351",1958,0.0628598630428314,0.538226783275604,0.495486587285995
"2354",1954,-0.0664477050304413,0.44115549325943,0.44494640827179
"2355",1956,-0.0216697156429291,0.478721141815186,0.520916044712067
"2356",1958,-0.00261932611465454,0.452087700366974,0.453472971916199
"2409",1954,-0.0939984619617462,0.392090976238251,0.414985239505768
"2410",1956,-0.0367356836795807,0.463498711585999,0.4673912525177
"2411",1958,-0.0382643938064575,0.463498711585999,0.4673912525177
"2419",1954,0.0321227610111237,0.544944763183594,0.501775443553925
"2420",1956,0.0354304313659668,0.55524605512619,0.509494304656982
"2424",1954,0.178307145833969,0.610752761363983,0.631223201751709
"2425",1956,0.144441574811935,0.584069490432739,0.583165347576141
"2429",1954,0.0726308822631836,0.597879230976105,0.526721119880676
"2430",1956,0.0390081703662872,0.55524605512619,0.509494304656982
"2434",1954,-0.0725560188293457,0.448143571615219,0.441522657871246
"2435",1956,0.00585922598838806,0.539007782936096,0.497000336647034
"2436",1958,0.0745075941085815,0.597879230976105,0.526721119880676
"2439",1954,0.144938230514526,0.584069490432739,0.583165347576141
"2440",1956,0.0854016542434692,0.581187844276428,0.512545168399811
"2444",1954,0.18003711104393,0.636393308639526,0.61733740568161
"2454",1954,0.106006503105164,0.608147740364075,0.578928768634796
"2455",1956,0.0161534249782562,0.520029544830322,0.465887308120728
"2456",1958,0.138899117708206,0.563722848892212,0.560968160629272
"2459",1954,-0.171816796064377,0.368037611246109,0.408233940601349
"2461",1958,-0.0686528980731964,0.44115549325943,0.44494640827179
"2464",1954,-0.0589505434036255,0.416869193315506,0.459104090929031
"2465",1956,-0.08442023396492,0.393856048583984,0.466867417097092
"2470",1956,-0.00196731090545654,0.452087700366974,0.453472971916199
"2471",1958,0.10176694393158,0.589743673801422,0.506685197353363
"2476",1958,0.0451594591140747,0.567738711833954,0.525334537029266
"2479",1954,-0.159929364919662,0.422813564538956,0.382385939359665
"2480",1956,0.04803666472435,0.567738711833954,0.525334537029266
"2481",1958,0.0688668489456177,0.577433168888092,0.543012738227844
"2485",1956,-0.117216199636459,0.421190738677979,0.445347845554352
"2486",1958,-0.111796379089355,0.423870593309402,0.438292682170868
"2490",1956,0.0166033506393433,0.520029544830322,0.465887308120728
"2499",1954,0.16027894616127,0.610120296478271,0.53767466545105
"2500",1956,0.181433826684952,0.636393308639526,0.61733740568161
"2514",1954,-0.248957008123398,0.377537816762924,0.442024797201157
"2515",1956,-0.245041310787201,0.377537816762924,0.442024797201157
"2516",1958,-0.138921827077866,0.360695838928223,0.395641356706619
"2529",1954,0.012858659029007,0.518354594707489,0.472539275884628
"2530",1956,0.0819539129734039,0.555431842803955,0.529476523399353
"2534",1954,-0.0837671458721161,0.393856048583984,0.466867417097092
"2535",1956,-0.133248686790466,0.396961212158203,0.383705943822861
"2536",1958,-0.0583224892616272,0.416869193315506,0.459104090929031
"2586",1958,-0.0208561420440674,0.478721141815186,0.520916044712067
"2591",1958,-0.0208561420440674,0.478721141815186,0.520916044712067
"2595",1956,0.22706338763237,0.601154208183289,0.63194078207016
"2596",1958,-0.0208561420440674,0.478721141815186,0.520916044712067
"2601",1958,-0.0208561420440674,0.478721141815186,0.520916044712067
"2606",1958,-0.0208561420440674,0.478721141815186,0.520916044712067
"2611",1958,-0.0208561420440674,0.478721141815186,0.520916044712067
"2614",1954,-0.0149760544300079,0.455277919769287,0.490103662014008
"2615",1956,-0.127014964818954,0.391132682561874,0.40867230296135
"2616",1958,-0.175675749778748,0.391896307468414,0.425834864377975
"2630",1956,0.218431830406189,0.60321968793869,0.63100653886795
"2635",1956,0.0288362205028534,0.535835683345795,0.515917360782623
"2640",1956,0.0948150157928467,0.614796221256256,0.584919214248657
"2644",1954,0.109147191047668,0.608147740364075,0.578928768634796
"2645",1956,0.24822786450386,0.658842325210571,0.661363184452057
"2675",1956,0.184042483568192,0.636393308639526,0.61733740568161
"2795",1956,0.193562507629395,0.678367853164673,0.604167699813843
"2809",1954,0.182774186134338,0.636393308639526,0.61733740568161
"2810",1956,0.189788073301315,0.635246455669403,0.613830387592316
"2814",1954,0.0438750684261322,0.569284200668335,0.489214479923248
"2815",1956,0.0772111117839813,0.573001980781555,0.525536715984344
"2819",1954,-0.149734288454056,0.428617924451828,0.456191748380661
"2821",1958,-0.0384308099746704,0.463498711585999,0.4673912525177
"2829",1954,0.230944663286209,0.624011635780334,0.607193648815155
"2830",1956,0.0892713069915771,0.581187844276428,0.512545168399811
"2831",1958,0.250615119934082,0.638899028301239,0.621499121189117
"2884",1954,-0.0582006871700287,0.416869193315506,0.459104090929031
"2885",1956,-0.112312227487564,0.423870593309402,0.438292682170868
"2886",1958,-0.0516061782836914,0.422599375247955,0.431375712156296
"2899",1954,0.246442526578903,0.658842325210571,0.661363184452057
"2900",1956,0.224837750196457,0.645943760871887,0.60882979631424
"2985",1956,0.0459053516387939,0.567738711833954,0.525334537029266
"2989",1954,-0.00399100780487061,0.452087700366974,0.453472971916199
"2990",1956,-0.135799676179886,0.360695838928223,0.395641356706619
"2991",1958,0.0432443916797638,0.569284200668335,0.489214479923248
"2995",1956,0.125767946243286,0.573815405368805,0.548367142677307
"2999",1954,0.220103740692139,0.645943760871887,0.60882979631424
"3000",1956,0.118439525365829,0.599108695983887,0.557944357395172
"3004",1954,0.218171954154968,0.60321968793869,0.63100653886795
"3005",1956,0.054294615983963,0.56830370426178,0.540523052215576
"3009",1954,0.207410007715225,0.591750741004944,0.580021023750305
"3010",1956,0.0480263531208038,0.567738711833954,0.525334537029266
"3019",1954,-0.110984921455383,0.423870593309402,0.438292682170868
"3020",1956,-0.114353537559509,0.423870593309402,0.438292682170868
"3021",1958,0.0112296342849731,0.518354594707489,0.472539275884628
"3024",1954,-0.122277975082397,0.393183499574661,0.366201162338257
"3025",1956,-0.162857294082642,0.371515184640884,0.403639167547226
"3026",1958,0.219019412994385,0.60321968793869,0.63100653886795
"3034",1954,0.144503235816956,0.584069490432739,0.583165347576141
"3035",1956,0.0766629874706268,0.573001980781555,0.525536715984344
"3039",1954,0.0744239389896393,0.597879230976105,0.526721119880676
"3040",1956,0.136221081018448,0.563722848892212,0.560968160629272
"3044",1954,-0.0287849605083466,0.438607752323151,0.462698698043823
"3045",1956,-0.0849058926105499,0.393856048583984,0.466867417097092
"3046",1958,0.0280080735683441,0.535835683345795,0.515917360782623
"3049",1954,0.0907942354679108,0.614796221256256,0.584919214248657
"3050",1956,0.180502414703369,0.636393308639526,0.61733740568161
"3054",1954,-0.176599144935608,0.391896307468414,0.425834864377975
"3055",1956,-0.143135696649551,0.380722761154175,0.420196175575256
"3056",1958,-0.024854302406311,0.478721141815186,0.520916044712067
"3060",1956,0.204889804124832,0.613519787788391,0.573727965354919
"3070",1956,0.222267150878906,0.645943760871887,0.60882979631424
"3084",1954,-0.249209553003311,0.377537816762924,0.442024797201157
"3086",1958,-0.17374062538147,0.368037611246109,0.408233940601349
"3089",1954,-0.160879105329514,0.371515184640884,0.403639167547226
"3094",1954,0.18352410197258,0.636393308639526,0.61733740568161
"3095",1956,0.0748632848262787,0.597879230976105,0.526721119880676
"3129",1954,0.0542040765285492,0.56830370426178,0.540523052215576
"3130",1956,-0.00588735938072205,0.442523181438446,0.464892327785492
"3131",1958,-0.0917889773845673,0.392090976238251,0.414985239505768
"3134",1954,0.0996347665786743,0.56675124168396,0.535502552986145
"3135",1956,0.0473851263523102,0.567738711833954,0.525334537029266
"3139",1954,0.177240520715714,0.610752761363983,0.631223201751709
"3140",1956,0.0299264192581177,0.535835683345795,0.515917360782623
"3141",1958,0.19856783747673,0.62489664554596,0.606481790542603
"3144",1954,0.00448033213615417,0.524780869483948,0.523117542266846
"3145",1956,-0.0564093589782715,0.416869193315506,0.459104090929031
"3146",1958,0.0296650826931,0.535835683345795,0.515917360782623
"3150",1956,0.213575333356857,0.677564263343811,0.655063629150391
"3155",1956,0.147984623908997,0.592054784297943,0.569956600666046
"3159",1954,-0.062569260597229,0.425354391336441,0.442281723022461
"3160",1956,-0.0986975431442261,0.40701898932457,0.410518795251846
"3161",1958,-0.184929341077805,0.394276797771454,0.414450019598007
"3164",1954,0.241611361503601,0.641158401966095,0.630519151687622
"3165",1956,0.201264023780823,0.613519787788391,0.573727965354919
"3166",1958,0.21798899769783,0.60321968793869,0.63100653886795
"3169",1954,0.11508172750473,0.599108695983887,0.557944357395172
"3170",1956,0.155544757843018,0.606199741363525,0.617055058479309
"3174",1954,-0.106155753135681,0.412696540355682,0.454258769750595
"3175",1956,-0.0676593780517578,0.44115549325943,0.44494640827179
"3176",1958,0.0843942165374756,0.555431842803955,0.529476523399353
"3179",1954,-0.0601345300674438,0.425354391336441,0.442281723022461
"3180",1956,-0.0046919584274292,0.452087700366974,0.453472971916199
"3181",1958,-0.00428342819213867,0.452087700366974,0.453472971916199
"3184",1954,0.0698153078556061,0.577433168888092,0.543012738227844
"3185",1956,0.235152512788773,0.650245904922485,0.628190994262695
"3189",1954,0.0974898338317871,0.56675124168396,0.535502552986145
"3190",1956,0.102580070495605,0.589743673801422,0.506685197353363
"3191",1958,0.248335242271423,0.658842325210571,0.661363184452057
"3194",1954,-0.216668516397476,0.371206998825073,0.412021726369858
"3195",1956,-0.199524074792862,0.396428644657135,0.410424441099167
"3196",1958,-0.100436359643936,0.422554552555084,0.429781138896942
"3199",1954,0.119577795267105,0.599108695983887,0.557944357395172
"3200",1956,0.241038918495178,0.641158401966095,0.630519151687622
"3204",1954,-0.0123126208782196,0.455277919769287,0.490103662014008
"3205",1956,0.0174936354160309,0.520029544830322,0.465887308120728
"3206",1958,0.219668179750443,0.60321968793869,0.63100653886795
"3209",1954,-0.0901995003223419,0.392090976238251,0.414985239505768
"3210",1956,0.0843040943145752,0.555431842803955,0.529476523399353
"3214",1954,0.169221520423889,0.595217883586884,0.616234004497528
"3215",1956,0.169221520423889,0.595217883586884,0.616234004497528
"3216",1958,0.169221520423889,0.595217883586884,0.616234004497528
"3219",1954,0.169221520423889,0.595217883586884,0.616234004497528
"3220",1956,0.169221520423889,0.595217883586884,0.616234004497528
"3221",1958,0.169221520423889,0.595217883586884,0.616234004497528
"3224",1954,-0.0673251450061798,0.44115549325943,0.44494640827179
"3225",1956,-0.218464344739914,0.371206998825073,0.412021726369858
"3226",1958,-0.0779228210449219,0.41492372751236,0.448921769857407
"3229",1954,-0.143274158239365,0.380722761154175,0.420196175575256
"3230",1956,-0.152721136808395,0.417075216770172,0.407009094953537
"3231",1958,0.0222979485988617,0.526719570159912,0.52318012714386
"3234",1954,-0.123663455247879,0.393183499574661,0.366201162338257
"3235",1956,-0.163808584213257,0.371515184640884,0.403639167547226
"3236",1958,-0.0716407299041748,0.448143571615219,0.441522657871246
"3239",1954,-0.18169379234314,0.394276797771454,0.414450019598007
"3240",1956,-0.071213036775589,0.448143571615219,0.441522657871246
"3241",1958,0.0983792543411255,0.56675124168396,0.535502552986145
"3246",1958,0.219062209129333,0.60321968793869,0.63100653886795
"3254",1954,-0.245550751686096,0.377537816762924,0.442024797201157
"3255",1956,-0.238520860671997,0.384374409914017,0.385249346494675
"3256",1958,-0.199401378631592,0.396428644657135,0.410424441099167
"3264",1954,-0.0180139541625977,0.447776228189468,0.481011390686035
"3265",1956,-0.0746972560882568,0.448143571615219,0.441522657871246
"3266",1958,-0.0191190242767334,0.447776228189468,0.481011390686035
"3269",1954,-0.0601869523525238,0.425354391336441,0.442281723022461
"3270",1956,-0.0556154251098633,0.416869193315506,0.459104090929031
"3271",1958,0.0188339948654175,0.520029544830322,0.465887308120728
"3279",1954,-0.0901345312595367,0.392090976238251,0.414985239505768
"3280",1956,-0.205663800239563,0.381492048501968,0.414540827274323
"3281",1958,-0.175841689109802,0.391896307468414,0.425834864377975
"3284",1954,-0.224133133888245,0.352606773376465,0.351172238588333
"3285",1956,-0.213223099708557,0.393436163663864,0.408660441637039
"3286",1958,-0.0910854041576385,0.392090976238251,0.414985239505768
"3289",1954,-0.0511796176433563,0.422599375247955,0.431375712156296
"3290",1956,0.0614827573299408,0.538226783275604,0.495486587285995
"3294",1954,0.0758160054683685,0.573001980781555,0.525536715984344
"3299",1954,-0.0492227971553802,0.405659049749374,0.488230556249619
"3300",1956,-0.191561251878738,0.391616851091385,0.389421999454498
"3301",1958,-0.14037823677063,0.380722761154175,0.420196175575256
"3309",1954,-0.138277292251587,0.360695838928223,0.395641356706619
"3310",1956,-0.157872796058655,0.422813564538956,0.382385939359665
"3311",1958,-0.0409203767776489,0.4126837849617,0.447118937969208
"3314",1954,-0.216461271047592,0.371206998825073,0.412021726369858
"3315",1956,-0.215300649404526,0.371206998825073,0.412021726369858
"3316",1958,-0.156187653541565,0.422813564538956,0.382385939359665
"3319",1954,0.201855093240738,0.613519787788391,0.573727965354919
"3324",1954,-0.100354343652725,0.422554552555084,0.429781138896942
"3325",1956,-0.185019999742508,0.35799053311348,0.392098784446716
"3326",1958,-0.200783103704453,0.347458600997925,0.404969841241837
"3339",1954,-0.174366325139999,0.368037611246109,0.408233940601349
"3341",1958,-0.0370732545852661,0.463498711585999,0.4673912525177
"3344",1954,-0.163245290517807,0.371515184640884,0.403639167547226
"3345",1956,-0.196782916784286,0.396428644657135,0.410424441099167
"3346",1958,-0.107264041900635,0.412696540355682,0.454258769750595
"3354",1954,-0.137702912092209,0.360695838928223,0.395641356706619
"3355",1956,-0.238771229982376,0.384374409914017,0.385249346494675
"3356",1958,-0.127120018005371,0.391132682561874,0.40867230296135
"3361",1958,0.00223815441131592,0.524780869483948,0.523117542266846
"3364",1954,0.201956033706665,0.613519787788391,0.573727965354919
"3376",1958,-0.163948863744736,0.371515184640884,0.403639167547226
"3379",1954,-0.159000545740128,0.422813564538956,0.382385939359665
"3380",1956,0.0309245586395264,0.544944763183594,0.501775443553925
"3381",1958,0.247725248336792,0.658842325210571,0.661363184452057
"3384",1954,-0.208336234092712,0.381492048501968,0.414540827274323
"3386",1958,-0.10668158531189,0.412696540355682,0.454258769750595
"3390",1956,-0.0939992964267731,0.392090976238251,0.414985239505768
"3391",1958,-0.0981574356555939,0.40701898932457,0.410518795251846
"3394",1954,-0.0511501729488373,0.422599375247955,0.431375712156296
"3395",1956,0.0130873918533325,0.518354594707489,0.472539275884628
"3396",1958,0.221282243728638,0.645943760871887,0.60882979631424
"3399",1954,0.048441082239151,0.567738711833954,0.525334537029266
"3400",1956,0.231636017560959,0.624011635780334,0.607193648815155
"3404",1954,-0.117972612380981,0.421190738677979,0.445347845554352
"3405",1956,0.0255086123943329,0.535835683345795,0.515917360782623
"3406",1958,0.126501202583313,0.573815405368805,0.548367142677307
"3409",1954,-0.0526354014873505,0.422599375247955,0.431375712156296
"3410",1956,-0.162483215332031,0.371515184640884,0.403639167547226
"3414",1954,-0.0429335832595825,0.4126837849617,0.447118937969208
"3415",1956,-0.120420813560486,0.393183499574661,0.366201162338257
"3416",1958,-0.0752014517784119,0.41492372751236,0.448921769857407
"3420",1956,-0.130248039960861,0.396961212158203,0.383705943822861
"3421",1958,-0.220226228237152,0.352606773376465,0.351172238588333
"3424",1954,-0.220381140708923,0.352606773376465,0.351172238588333
"3425",1956,-0.00820815563201904,0.442523181438446,0.464892327785492
"3426",1958,-0.083037257194519,0.393856048583984,0.466867417097092
"3429",1954,-0.171426147222519,0.368037611246109,0.408233940601349
"3430",1956,-0.0753160715103149,0.41492372751236,0.448921769857407
"3431",1958,-0.0685179233551025,0.44115549325943,0.44494640827179
"3434",1954,-0.104852229356766,0.422554552555084,0.429781138896942
"3435",1956,-0.0807236135005951,0.393856048583984,0.466867417097092
"3436",1958,-0.0759046673774719,0.41492372751236,0.448921769857407
"3439",1954,-0.105611316859722,0.412696540355682,0.454258769750595
"3440",1956,-0.0580855906009674,0.416869193315506,0.459104090929031
"3444",1954,0.15060105919838,0.56660395860672,0.538523316383362
"3445",1956,0.170800775289536,0.592474937438965,0.59848541021347
"3446",1958,-0.0724323689937592,0.448143571615219,0.441522657871246
"3449",1954,0.14244969189167,0.584069490432739,0.583165347576141
"3450",1956,0.14244969189167,0.584069490432739,0.583165347576141
"3451",1958,0.148959785699844,0.592054784297943,0.569956600666046
"3460",1966,0.168077230453491,0.595217883586884,0.616234004497528
"3465",1966,0.130080461502075,0.567602336406708,0.574006497859955
"3466",1968,0.0870580673217773,0.581187844276428,0.512545168399811
"3470",1966,0.116078674793243,0.599108695983887,0.557944357395172
"3471",1968,0.115429908037186,0.599108695983887,0.557944357395172
"3474",1964,0.0362126529216766,0.55524605512619,0.509494304656982
"3475",1966,0.0191540718078613,0.520029544830322,0.465887308120728
"3476",1968,-0.0407918095588684,0.4126837849617,0.447118937969208
"3480",1966,0.181256294250488,0.636393308639526,0.61733740568161
"3481",1968,0.126301527023315,0.573815405368805,0.548367142677307
"3484",1964,0.174936294555664,0.592474937438965,0.59848541021347
"3485",1966,-0.0121908187866211,0.455277919769287,0.490103662014008
"3486",1968,-0.245754361152649,0.377537816762924,0.442024797201157
"3489",1964,0.249966740608215,0.658842325210571,0.661363184452057
"3490",1966,0.10040932148695,0.589743673801422,0.506685197353363
"3491",1968,0.0489676482975483,0.567738711833954,0.525334537029266
"3494",1964,-0.00106510519981384,0.452087700366974,0.453472971916199
"3495",1966,0.0515416860580444,0.56830370426178,0.540523052215576
"3496",1968,0.132461935281754,0.567602336406708,0.574006497859955
"3499",1964,0.240082949399948,0.641158401966095,0.630519151687622
"3500",1966,0.135242223739624,0.563722848892212,0.560968160629272
"3501",1968,0.114117354154587,0.621084570884705,0.577381432056427
"3516",1968,0.201259553432465,0.613519787788391,0.573727965354919
"3521",1968,0.219003438949585,0.60321968793869,0.63100653886795
"3526",1968,-0.208191275596619,0.381492048501968,0.414540827274323
"3536",1968,0.25031504034996,0.638899028301239,0.621499121189117
"3550",1966,-0.0219830572605133,0.478721141815186,0.520916044712067
"3559",1964,-0.192520469427109,0.391616851091385,0.389421999454498
"3560",1966,-0.100081086158752,0.422554552555084,0.429781138896942
"3564",1964,0.0269936621189117,0.535835683345795,0.515917360782623
"3565",1966,-0.124626904726028,0.393183499574661,0.366201162338257
"3569",1964,-0.00238284468650818,0.452087700366974,0.453472971916199
"3575",1966,0.135695517063141,0.563722848892212,0.560968160629272
"3576",1968,0.219136774539948,0.60321968793869,0.63100653886795
"3581",1968,0.224847674369812,0.645943760871887,0.60882979631424
"3584",1964,-0.12884458899498,0.391132682561874,0.40867230296135
"3589",1964,0.131394952535629,0.567602336406708,0.574006497859955
"3590",1966,-0.115449458360672,0.421190738677979,0.445347845554352
"3591",1968,-0.173458814620972,0.368037611246109,0.408233940601349
"3594",1964,-0.125095456838608,0.391132682561874,0.40867230296135
"3595",1966,-0.0510017871856689,0.422599375247955,0.431375712156296
"3596",1968,-0.17075377702713,0.368037611246109,0.408233940601349
"3599",1964,0.015714555978775,0.520029544830322,0.465887308120728
"3600",1966,-0.0466521084308624,0.405659049749374,0.488230556249619
"3601",1968,-0.108169198036194,0.412696540355682,0.454258769750595
"3604",1964,0.00829100608825684,0.539007782936096,0.497000336647034
"3605",1966,0.0604591071605682,0.538226783275604,0.495486587285995
"3606",1968,0.158388555049896,0.606199741363525,0.617055058479309
"3610",1966,0.126576125621796,0.573815405368805,0.548367142677307
"3611",1968,-0.0690971314907074,0.44115549325943,0.44494640827179
"3619",1964,-0.194805502891541,0.391616851091385,0.389421999454498
"3624",1964,-0.133852988481522,0.396961212158203,0.383705943822861
"3630",1966,0.213697105646133,0.677564263343811,0.655063629150391
"3631",1968,0.231638789176941,0.624011635780334,0.607193648815155
"3634",1964,0.010892391204834,0.518354594707489,0.472539275884628
"3635",1966,0.0175524950027466,0.520029544830322,0.465887308120728
"3636",1968,0.0119081139564514,0.518354594707489,0.472539275884628
"3645",1966,0.174981772899628,0.592474937438965,0.59848541021347
"3649",1964,0.064095675945282,0.538226783275604,0.495486587285995
"3656",1968,0.206998378038406,0.591750741004944,0.580021023750305
"3661",1968,0.243799090385437,0.641158401966095,0.630519151687622
"3665",1966,0.154641032218933,0.56660395860672,0.538523316383362
"3666",1968,0.0979951322078705,0.56675124168396,0.535502552986145
"3671",1968,-0.18006557226181,0.394276797771454,0.414450019598007
"3674",1964,-0.0329132080078125,0.427786231040955,0.445796489715576
"3675",1966,-0.205206364393234,0.381492048501968,0.414540827274323
"3679",1964,0.0137615203857422,0.518354594707489,0.472539275884628
"3680",1966,0.00513243675231934,0.539007782936096,0.497000336647034
"3681",1968,-0.11826679110527,0.421190738677979,0.445347845554352
"3684",1964,-0.099382072687149,0.40701898932457,0.410518795251846
"3689",1964,0.115856379270554,0.599108695983887,0.557944357395172
"3690",1966,0.0126452445983887,0.518354594707489,0.472539275884628
"3691",1968,-0.0141396522521973,0.455277919769287,0.490103662014008
"3694",1964,-0.141063660383224,0.380722761154175,0.420196175575256
"3701",1968,-0.217572182416916,0.371206998825073,0.412021726369858
"3710",1966,0.135078370571136,0.563722848892212,0.560968160629272
"3711",1968,0.0698673725128174,0.577433168888092,0.543012738227844
"3739",1964,0.0719927847385406,0.597879230976105,0.526721119880676
"3740",1966,0.136820644140244,0.563722848892212,0.560968160629272
"3744",1964,0.227903008460999,0.601154208183289,0.63194078207016
"3745",1966,0.148065656423569,0.592054784297943,0.569956600666046
"3746",1968,0.154956012964249,0.56660395860672,0.538523316383362
"3750",1966,-0.01481693983078,0.455277919769287,0.490103662014008
"3751",1968,0.088803768157959,0.581187844276428,0.512545168399811
"3761",1968,0.200543999671936,0.613519787788391,0.573727965354919
"3789",1964,0.124364286661148,0.561517000198364,0.576838791370392
"3790",1966,0.092902660369873,0.614796221256256,0.584919214248657
"3791",1968,0.238801211118698,0.650245904922485,0.628190994262695
"3794",1964,-0.12647557258606,0.391132682561874,0.40867230296135
"3799",1964,0.0327039957046509,0.544944763183594,0.501775443553925
"3800",1966,0.0273982584476471,0.535835683345795,0.515917360782623
"3801",1968,-0.0292940139770508,0.438607752323151,0.462698698043823
"3804",1964,0.0637397468090057,0.538226783275604,0.495486587285995
"3805",1966,0.0395517945289612,0.55524605512619,0.509494304656982
"3806",1968,-0.0250381231307983,0.438607752323151,0.462698698043823
"3810",1966,-0.0816178023815155,0.393856048583984,0.466867417097092
"3811",1968,-0.148792445659637,0.428617924451828,0.456191748380661
"3814",1964,-0.00552317500114441,0.442523181438446,0.464892327785492
"3819",1964,-0.120310664176941,0.393183499574661,0.366201162338257
"3821",1968,-0.175572246313095,0.391896307468414,0.425834864377975
"3824",1964,-0.0680946111679077,0.44115549325943,0.44494640827179
"3829",1964,-0.167793869972229,0.381468206644058,0.418078482151031
"3834",1964,0.0240639448165894,0.526719570159912,0.52318012714386
"3835",1966,0.168200671672821,0.595217883586884,0.616234004497528
"3836",1968,0.0754134058952332,0.573001980781555,0.525536715984344
"3844",1964,-0.135056763887405,0.360695838928223,0.395641356706619
"3849",1964,-0.101363390684128,0.422554552555084,0.429781138896942
"3854",1964,-0.168558120727539,0.381468206644058,0.418078482151031
"3859",1964,0.0550813972949982,0.571296095848083,0.510195434093475
"3860",1966,0.0461506545543671,0.567738711833954,0.525334537029266
"3861",1968,0.126500248908997,0.573815405368805,0.548367142677307
"3864",1964,-0.0523305833339691,0.422599375247955,0.431375712156296
"3865",1966,-0.224818706512451,0.352606773376465,0.351172238588333
"3880",1966,0.198452711105347,0.62489664554596,0.606481790542603
"3885",1966,0.132805317640305,0.567602336406708,0.574006497859955
"3886",1968,0.22595739364624,0.601154208183289,0.63194078207016
"3890",1966,0.0376707315444946,0.55524605512619,0.509494304656982
"3891",1968,0.19608736038208,0.62489664554596,0.606481790542603
"3895",1966,0.182727605104446,0.636393308639526,0.61733740568161
"3899",1964,0.241011708974838,0.641158401966095,0.630519151687622
"3900",1966,0.122848749160767,0.561517000198364,0.576838791370392
"3901",1968,0.039055734872818,0.55524605512619,0.509494304656982
"3904",1964,-0.0229825973510742,0.478721141815186,0.520916044712067
"3906",1968,-0.138562440872192,0.360695838928223,0.395641356706619
"3909",1964,-0.0218131840229034,0.478721141815186,0.520916044712067
"3910",1966,-0.190987467765808,0.391616851091385,0.389421999454498
"3911",1968,-0.208617687225342,0.381492048501968,0.414540827274323
"3914",1964,-0.153706908226013,0.417075216770172,0.407009094953537
"3919",1964,-0.0157611072063446,0.447776228189468,0.481011390686035
"3929",1964,-0.171339511871338,0.368037611246109,0.408233940601349
"3934",1964,-0.181555420160294,0.394276797771454,0.414450019598007
"3945",1966,0.0455299317836761,0.567738711833954,0.525334537029266
"3946",1968,0.201186925172806,0.613519787788391,0.573727965354919
"3954",1964,-0.159967064857483,0.422813564538956,0.382385939359665
"3964",1964,0.0165673494338989,0.520029544830322,0.465887308120728
"3965",1966,-0.033281534910202,0.427786231040955,0.445796489715576
"3966",1968,-0.169731646776199,0.381468206644058,0.418078482151031
"3979",1964,-0.139401763677597,0.360695838928223,0.395641356706619
"3981",1968,-0.160584688186646,0.371515184640884,0.403639167547226
"3984",1964,-0.097794383764267,0.40701898932457,0.410518795251846
"3986",1968,-0.234159380197525,0.338507264852524,0.338756203651428
"3989",1964,0.0152598321437836,0.520029544830322,0.465887308120728
"3990",1966,0.105340331792831,0.608147740364075,0.578928768634796
"3991",1968,0.231141209602356,0.624011635780334,0.607193648815155
"4015",1966,0.183146715164185,0.636393308639526,0.61733740568161
"4019",1964,0.182774424552917,0.636393308639526,0.61733740568161
"4020",1966,0.0397708415985107,0.55524605512619,0.509494304656982
"4021",1968,0.0807057917118073,0.555431842803955,0.529476523399353
"4024",1964,-0.178570121526718,0.391896307468414,0.425834864377975
"4030",1966,0.124815583229065,0.561517000198364,0.576838791370392
"4031",1968,0.107163935899734,0.608147740364075,0.578928768634796
"4035",1966,0.140691518783569,0.584069490432739,0.583165347576141
"4036",1968,0.193855553865433,0.678367853164673,0.604167699813843
"4045",1966,0.197800129652023,0.62489664554596,0.606481790542603
"4050",1966,0.197195887565613,0.62489664554596,0.606481790542603
"4054",1964,-0.216803997755051,0.371206998825073,0.412021726369858
"4059",1964,0.137183547019958,0.563722848892212,0.560968160629272
"4060",1966,0.0180176496505737,0.520029544830322,0.465887308120728
"4061",1968,0.115252584218979,0.599108695983887,0.557944357395172
"4064",1964,-0.171831011772156,0.368037611246109,0.408233940601349
"4069",1964,-0.156454652547836,0.422813564538956,0.382385939359665
"4074",1964,-0.179558515548706,0.391896307468414,0.425834864377975
"4079",1964,-0.168881386518478,0.381468206644058,0.418078482151031
"4084",1964,-0.127597063779831,0.391132682561874,0.40867230296135
"4089",1964,-0.128749936819077,0.391132682561874,0.40867230296135
"4094",1964,-0.079711526632309,0.41492372751236,0.448921769857407
"4095",1966,-0.168807744979858,0.381468206644058,0.418078482151031
"4096",1968,-0.217728585004807,0.371206998825073,0.412021726369858
"4099",1964,0.0481132566928864,0.567738711833954,0.525334537029266
"4100",1966,-0.0459565818309784,0.405659049749374,0.488230556249619
"4104",1964,-0.0962472259998322,0.40701898932457,0.410518795251846
"4105",1966,-0.244107365608215,0.383287221193314,0.350013911724091
"4110",1966,0.123949646949768,0.561517000198364,0.576838791370392
"4111",1968,0.082910567522049,0.555431842803955,0.529476523399353
"4114",1964,-0.0590430200099945,0.416869193315506,0.459104090929031
"4119",1964,0.0911241769790649,0.614796221256256,0.584919214248657
"4120",1966,0.128650993108749,0.573815405368805,0.548367142677307
"4121",1968,0.0796920955181122,0.573001980781555,0.525536715984344
"4130",1966,0.166081190109253,0.595217883586884,0.616234004497528
"4131",1968,0.13694840669632,0.563722848892212,0.560968160629272
"4134",1964,-0.0577921867370605,0.416869193315506,0.459104090929031
"4135",1966,-0.14992955327034,0.428617924451828,0.456191748380661
"4136",1968,-0.101171523332596,0.422554552555084,0.429781138896942
"4139",1964,0.212993651628494,0.677564263343811,0.655063629150391
"4140",1966,0.115437030792236,0.599108695983887,0.557944357395172
"4141",1968,0.0447883605957031,0.569284200668335,0.489214479923248
"4144",1964,-0.0416547954082489,0.4126837849617,0.447118937969208
"4146",1968,-0.0283751785755157,0.438607752323151,0.462698698043823
"4149",1964,0.103596180677414,0.589743673801422,0.506685197353363
"4150",1966,0.0221605002880096,0.526719570159912,0.52318012714386
"4154",1964,-0.0827165842056274,0.393856048583984,0.466867417097092
"4159",1964,-0.0831750929355621,0.393856048583984,0.466867417097092
"4160",1966,-0.086592435836792,0.407004415988922,0.466141819953918
"4161",1968,-0.19525620341301,0.396428644657135,0.410424441099167
"4164",1964,0.129348188638687,0.573815405368805,0.548367142677307
"4165",1966,-0.0217263698577881,0.478721141815186,0.520916044712067
"4166",1968,-0.0891679525375366,0.407004415988922,0.466141819953918
"4169",1964,0.0882884562015533,0.581187844276428,0.512545168399811
"4170",1966,0.0766682922840118,0.573001980781555,0.525536715984344
"4171",1968,0.0884648561477661,0.581187844276428,0.512545168399811
"4174",1964,-0.00893664360046387,0.442523181438446,0.464892327785492
"4176",1968,-0.0774917602539062,0.41492372751236,0.448921769857407
"4179",1964,0.00986588001251221,0.539007782936096,0.497000336647034
"4180",1966,0.114916771650314,0.621084570884705,0.577381432056427
"4181",1968,0.0616292953491211,0.538226783275604,0.495486587285995
"4189",1964,0.0098896324634552,0.539007782936096,0.497000336647034
"4190",1966,-0.0208938121795654,0.478721141815186,0.520916044712067
"4191",1968,-0.0945332944393158,0.392090976238251,0.414985239505768
"4194",1964,0.0536160469055176,0.56830370426178,0.540523052215576
"4195",1966,-0.0449445247650146,0.4126837849617,0.447118937969208
"4199",1964,-0.0857990980148315,0.407004415988922,0.466141819953918
"4204",1964,-0.224428415298462,0.352606773376465,0.351172238588333
"4209",1964,-0.1311956346035,0.396961212158203,0.383705943822861
"4215",1966,-0.0817638635635376,0.393856048583984,0.466867417097092
"4216",1968,-0.213157564401627,0.393436163663864,0.408660441637039
"4219",1964,-0.0948556661605835,0.392090976238251,0.414985239505768
"4224",1964,-0.148630976676941,0.428617924451828,0.456191748380661
"4229",1964,-0.132390469312668,0.396961212158203,0.383705943822861
"4234",1964,0.0652382373809814,0.577433168888092,0.543012738227844
"4235",1966,-0.036175400018692,0.463498711585999,0.4673912525177
"4236",1968,-0.175798058509827,0.391896307468414,0.425834864377975
"4250",1966,0.194574236869812,0.678367853164673,0.604167699813843
"4269",1964,-0.190793395042419,0.391616851091385,0.389421999454498
"4271",1968,-0.20170471072197,0.347458600997925,0.404969841241837
"4274",1964,0.0678378343582153,0.577433168888092,0.543012738227844
"4275",1966,-0.140788316726685,0.380722761154175,0.420196175575256
"4276",1968,-0.160657405853271,0.371515184640884,0.403639167547226
"4279",1964,0.162312731146812,0.610120296478271,0.53767466545105
"4280",1966,0.000164297060109675,0.524780869483948,0.523117542266846
"4281",1968,0.0398068577051163,0.55524605512619,0.509494304656982
"4284",1964,0.0376708507537842,0.55524605512619,0.509494304656982
"4285",1966,-0.0585651397705078,0.416869193315506,0.459104090929031
"4289",1964,-0.210878282785416,0.393436163663864,0.408660441637039
"4294",1964,0.0404590368270874,0.569284200668335,0.489214479923248
"4295",1966,-0.0758897364139557,0.41492372751236,0.448921769857407
"4299",1964,-0.113367319107056,0.423870593309402,0.438292682170868
"4309",1964,-0.20100811123848,0.347458600997925,0.404969841241837
"4314",1964,-0.135252237319946,0.360695838928223,0.395641356706619
"4319",1964,-0.235190153121948,0.384374409914017,0.385249346494675
"4325",1966,0.215152025222778,0.60321968793869,0.63100653886795
"4326",1968,0.148011058568954,0.592054784297943,0.569956600666046
"4329",1964,0.0477156639099121,0.567738711833954,0.525334537029266
"4330",1966,-0.0404069423675537,0.4126837849617,0.447118937969208
"4334",1964,-0.107317596673965,0.412696540355682,0.454258769750595
"4339",1964,-0.108086109161377,0.412696540355682,0.454258769750595
"4344",1964,-0.094899982213974,0.392090976238251,0.414985239505768
"4346",1968,-0.237508147954941,0.384374409914017,0.385249346494675
"4349",1964,-0.0933986604213715,0.392090976238251,0.414985239505768
"4350",1966,-0.192948311567307,0.391616851091385,0.389421999454498
"4351",1968,-0.102099716663361,0.422554552555084,0.429781138896942
"4355",1966,-0.198227256536484,0.396428644657135,0.410424441099167
"4359",1964,-0.0438179671764374,0.4126837849617,0.447118937969208
"4360",1966,-0.221954107284546,0.352606773376465,0.351172238588333
"4361",1968,-0.191175639629364,0.391616851091385,0.389421999454498
"4364",1964,-0.0298234224319458,0.438607752323151,0.462698698043823
"4365",1966,-0.106693983078003,0.412696540355682,0.454258769750595
"4371",1968,0.205436944961548,0.591750741004944,0.580021023750305
"4389",1964,-0.132732748985291,0.396961212158203,0.383705943822861
"4390",1966,-0.117486238479614,0.421190738677979,0.445347845554352
"4391",1968,0.094232827425003,0.614796221256256,0.584919214248657
"4396",1968,-0.039027214050293,0.463498711585999,0.4673912525177
"4399",1964,0.0322990007698536,0.544944763183594,0.501775443553925
"4400",1966,-0.169923156499863,0.381468206644058,0.418078482151031
"4404",1964,0.0434322357177734,0.569284200668335,0.489214479923248
"4405",1966,-0.14285883307457,0.380722761154175,0.420196175575256
"4406",1968,-0.20957638323307,0.381492048501968,0.414540827274323
"4409",1964,0.0303758382797241,0.544944763183594,0.501775443553925
"4410",1966,-0.0207393169403076,0.478721141815186,0.520916044712067
"4411",1968,-0.0177747011184692,0.447776228189468,0.481011390686035
"4415",1966,0.160621017217636,0.610120296478271,0.53767466545105
"4416",1968,0.197602659463882,0.62489664554596,0.606481790542603
"4419",1964,-0.212418079376221,0.393436163663864,0.408660441637039
"4434",1964,0.015510231256485,0.520029544830322,0.465887308120728
"4435",1966,-0.0476476848125458,0.405659049749374,0.488230556249619
"4439",1964,-0.2351134121418,0.384374409914017,0.385249346494675
"4444",1964,-0.191189974546432,0.391616851091385,0.389421999454498
"4445",1966,-0.225394576787949,0.373815447092056,0.373321533203125
"4449",1964,-0.106411129236221,0.412696540355682,0.454258769750595
"4454",1964,-0.123126298189163,0.393183499574661,0.366201162338257
"4459",1964,0.0202854871749878,0.526719570159912,0.52318012714386
"4460",1966,-0.0337275266647339,0.427786231040955,0.445796489715576
"4461",1968,-0.0601271092891693,0.425354391336441,0.442281723022461
"4464",1964,0.043749213218689,0.569284200668335,0.489214479923248
"4465",1966,0.0792444944381714,0.573001980781555,0.525536715984344
"4466",1968,0.101001143455505,0.589743673801422,0.506685197353363
"4469",1964,-0.00251662731170654,0.452087700366974,0.453472971916199
"4470",1966,-0.240965634584427,0.383287221193314,0.350013911724091
"4474",1964,0.0728910267353058,0.597879230976105,0.526721119880676
"4475",1966,-0.033126711845398,0.427786231040955,0.445796489715576
"4476",1968,-0.0785333812236786,0.41492372751236,0.448921769857407
"4480",1966,0.21476674079895,0.677564263343811,0.655063629150391
"4481",1968,0.242526322603226,0.641158401966095,0.630519151687622
"4484",1964,0.0667960047721863,0.577433168888092,0.543012738227844
"4485",1966,-0.151694655418396,0.417075216770172,0.407009094953537
"4489",1964,0.0704655349254608,0.597879230976105,0.526721119880676
"4490",1966,-0.180804640054703,0.394276797771454,0.414450019598007
"4494",1964,-0.0231633186340332,0.478721141815186,0.520916044712067
"4496",1968,-0.0290336608886719,0.438607752323151,0.462698698043823
"4499",1964,-0.022893100976944,0.478721141815186,0.520916044712067
"4504",1964,-0.243328005075455,0.383287221193314,0.350013911724091
"4505",1966,-0.0792416632175446,0.41492372751236,0.448921769857407
"4509",1964,-0.187201172113419,0.35799053311348,0.392098784446716
"4514",1964,-0.127601265907288,0.391132682561874,0.40867230296135
"4515",1966,-0.217046856880188,0.371206998825073,0.412021726369858
"4564",1964,-0.0627100467681885,0.425354391336441,0.442281723022461
"4566",1968,0.0644126832485199,0.538226783275604,0.495486587285995
"4575",1966,0.217042654752731,0.60321968793869,0.63100653886795
"4576",1968,0.157167792320251,0.606199741363525,0.617055058479309
"4580",1966,0.223193317651749,0.645943760871887,0.60882979631424
"4585",1966,0.159336000680923,0.606199741363525,0.617055058479309
"4586",1968,0.0910574197769165,0.614796221256256,0.584919214248657
"4589",1964,-0.0341931283473969,0.427786231040955,0.445796489715576
"4590",1966,-0.245995968580246,0.377537816762924,0.442024797201157
"4595",1966,0.162538170814514,0.610120296478271,0.53767466545105
"4596",1968,0.155063956975937,0.606199741363525,0.617055058479309
"4599",1964,0.247736573219299,0.658842325210571,0.661363184452057
"4600",1966,0.105483651161194,0.608147740364075,0.578928768634796
"4601",1968,0.0447160005569458,0.569284200668335,0.489214479923248
"4605",1966,0.22084042429924,0.645943760871887,0.60882979631424
"4606",1968,0.0791975259780884,0.573001980781555,0.525536715984344
"4609",1964,0.0265495777130127,0.535835683345795,0.515917360782623
"4610",1966,-0.0233071744441986,0.478721141815186,0.520916044712067
"4611",1968,-0.106990426778793,0.412696540355682,0.454258769750595
"4614",1964,-0.0628453195095062,0.425354391336441,0.442281723022461
"4616",1968,-0.103368014097214,0.422554552555084,0.429781138896942
"4619",1964,-0.0563921928405762,0.416869193315506,0.459104090929031
"4624",1964,-0.0477136075496674,0.405659049749374,0.488230556249619
"4629",1964,0.0507917404174805,0.56830370426178,0.540523052215576
"4630",1966,-0.0389389991760254,0.463498711585999,0.4673912525177
"4631",1968,-0.0116547644138336,0.455277919769287,0.490103662014008
"4634",1964,-0.150953650474548,0.417075216770172,0.407009094953537
"4636",1968,-0.159855723381042,0.422813564538956,0.382385939359665
"4639",1964,-0.119226694107056,0.421190738677979,0.445347845554352
"4640",1966,-0.210213184356689,0.393436163663864,0.408660441637039
"4641",1968,-0.186925500631332,0.35799053311348,0.392098784446716
"4651",1968,-0.0842574834823608,0.393856048583984,0.466867417097092
"4654",1964,0.00513875484466553,0.539007782936096,0.497000336647034
"4656",1968,0.205096006393433,0.591750741004944,0.580021023750305
"4665",1966,0.123602509498596,0.561517000198364,0.576838791370392
"4669",1964,-0.124869078397751,0.393183499574661,0.366201162338257
"4675",1966,0.185048967599869,0.635246455669403,0.613830387592316
"4676",1968,0.112434417009354,0.621084570884705,0.577381432056427
"4680",1966,-0.14488622546196,0.380722761154175,0.420196175575256
"4684",1964,0.164490610361099,0.610120296478271,0.53767466545105
"4685",1966,-0.0743825137615204,0.448143571615219,0.441522657871246
"4686",1968,-0.197803020477295,0.396428644657135,0.410424441099167
"4689",1964,-0.0134164094924927,0.455277919769287,0.490103662014008
"4690",1966,-0.166685074567795,0.381468206644058,0.418078482151031
"4691",1968,-0.196337252855301,0.396428644657135,0.410424441099167
"4694",1964,-0.198233038187027,0.396428644657135,0.410424441099167
"4696",1968,-0.186765015125275,0.35799053311348,0.392098784446716
"4699",1964,-0.250777989625931,0.379428595304489,0.385526180267334
"4700",1966,-0.0929749310016632,0.392090976238251,0.414985239505768
"4701",1968,-0.211534649133682,0.393436163663864,0.408660441637039
"4709",1964,-0.180071502923965,0.394276797771454,0.414450019598007
"4710",1966,0.173412829637527,0.592474937438965,0.59848541021347
"4714",1964,0.0597443580627441,0.571296095848083,0.510195434093475
"4719",1964,-0.211272031068802,0.393436163663864,0.408660441637039
"4724",1964,-0.191062450408936,0.391616851091385,0.389421999454498
"4734",1964,0.0948721170425415,0.614796221256256,0.584919214248657
"4735",1966,0.118477687239647,0.599108695983887,0.557944357395172
"4739",1964,0.0948721170425415,0.614796221256256,0.584919214248657
"4740",1966,-0.0628628730773926,0.425354391336441,0.442281723022461
"4744",1964,0.0948721170425415,0.614796221256256,0.584919214248657
"4746",1968,0.0175187438726425,0.520029544830322,0.465887308120728
"4766",1968,0.0568276345729828,0.571296095848083,0.510195434093475
"4771",1968,-0.233442187309265,0.338507264852524,0.338756203651428
"4776",1968,0.239674925804138,0.650245904922485,0.628190994262695
"4781",1968,0.0999970138072968,0.56675124168396,0.535502552986145
"4791",1968,0.123179227113724,0.561517000198364,0.576838791370392
"4795",1966,-0.221323251724243,0.352606773376465,0.351172238588333
"4796",1968,-0.0972953140735626,0.40701898932457,0.410518795251846
"4799",1964,-0.211154192686081,0.393436163663864,0.408660441637039
"4804",1964,-0.211715668439865,0.393436163663864,0.408660441637039
"4805",1966,0.138863801956177,0.563722848892212,0.560968160629272
"4806",1968,0.140795350074768,0.584069490432739,0.583165347576141
"4810",1966,0.160685569047928,0.610120296478271,0.53767466545105
"4819",1964,-0.14899468421936,0.428617924451828,0.456191748380661
"4820",1966,0.233080089092255,0.624011635780334,0.607193648815155
"4824",1964,0.138356685638428,0.563722848892212,0.560968160629272
"4825",1966,-0.00326859951019287,0.452087700366974,0.453472971916199
"4826",1968,-0.150459796190262,0.417075216770172,0.407009094953537
"4829",1964,0.0806332528591156,0.555431842803955,0.529476523399353
"4830",1966,-0.202573418617249,0.347458600997925,0.404969841241837
"4831",1968,-0.112853765487671,0.423870593309402,0.438292682170868
"4839",1964,0.0944886207580566,0.614796221256256,0.584919214248657
"4849",1964,0.210406839847565,0.677564263343811,0.655063629150391
"4864",1964,0.100993633270264,0.589743673801422,0.506685197353363
"4866",1968,0.0245272219181061,0.526719570159912,0.52318012714386
"4869",1964,0.245749235153198,0.658842325210571,0.661363184452057
"4870",1966,0.193505764007568,0.678367853164673,0.604167699813843
"4894",1964,0.0904320478439331,0.614796221256256,0.584919214248657
"4914",1964,-0.113998770713806,0.423870593309402,0.438292682170868
"4925",1966,0.226917266845703,0.601154208183289,0.63194078207016
"4936",1968,0.0794746577739716,0.573001980781555,0.525536715984344
"4939",1964,0.0358318388462067,0.55524605512619,0.509494304656982
"4940",1966,-0.130524665117264,0.396961212158203,0.383705943822861
"4941",1968,0.0290732383728027,0.535835683345795,0.515917360782623
"4944",1964,0.0319420099258423,0.544944763183594,0.501775443553925
"4945",1966,0.0611543953418732,0.538226783275604,0.495486587285995
"4946",1968,-0.0480998754501343,0.405659049749374,0.488230556249619
"4949",1964,0.227451413869858,0.601154208183289,0.63194078207016
"4950",1966,0.0323790311813354,0.544944763183594,0.501775443553925
"4951",1968,0.0728492736816406,0.597879230976105,0.526721119880676
"4959",1964,-0.0860008299350739,0.407004415988922,0.466141819953918
"4961",1968,-0.0232213735580444,0.478721141815186,0.520916044712067
"4964",1964,-0.103651523590088,0.422554552555084,0.429781138896942
"4969",1964,0.172926306724548,0.592474937438965,0.59848541021347
"4970",1966,0.122509628534317,0.561517000198364,0.576838791370392
"4971",1968,-0.0969108045101166,0.40701898932457,0.410518795251846
"4974",1964,0.210634618997574,0.677564263343811,0.655063629150391
"4975",1966,0.0555483102798462,0.571296095848083,0.510195434093475
"4976",1968,0.125746041536331,0.573815405368805,0.548367142677307
"4986",1968,-0.151663184165955,0.417075216770172,0.407009094953537
"4990",1966,0.155100107192993,0.606199741363525,0.617055058479309
"4996",1968,0.223432898521423,0.645943760871887,0.60882979631424
"5005",1966,0.234812021255493,0.624011635780334,0.607193648815155
"5006",1968,0.18422657251358,0.636393308639526,0.61733740568161
"5019",1964,0.186491221189499,0.635246455669403,0.613830387592316
"5020",1966,0.0684188604354858,0.577433168888092,0.543012738227844
"5021",1968,-0.187139898538589,0.35799053311348,0.392098784446716
"5029",1964,0.149135440587997,0.592054784297943,0.569956600666046
"5030",1966,0.219926744699478,0.60321968793869,0.63100653886795
"5031",1968,0.228406816720963,0.601154208183289,0.63194078207016
"5040",1966,-0.146472454071045,0.428617924451828,0.456191748380661
"5051",1968,0.21140730381012,0.677564263343811,0.655063629150391
"5056",1968,0.24168798327446,0.641158401966095,0.630519151687622
"5070",1966,0.141443103551865,0.584069490432739,0.583165347576141
"5071",1968,0.115503311157227,0.599108695983887,0.557944357395172
"5084",1964,0.113387703895569,0.621084570884705,0.577381432056427
"5094",1964,0.0997330248355865,0.56675124168396,0.535502552986145
"5095",1966,-0.189225435256958,0.35799053311348,0.392098784446716
"5111",1968,0.216761916875839,0.60321968793869,0.63100653886795
"5114",1964,0.162002921104431,0.610120296478271,0.53767466545105
"5116",1968,0.247088044881821,0.658842325210571,0.661363184452057
"5135",1966,0.17846605181694,0.610752761363983,0.631223201751709
"5136",1968,0.128087401390076,0.573815405368805,0.548367142677307
"5139",1964,0.07634437084198,0.573001980781555,0.525536715984344
"5140",1966,-0.18026539683342,0.394276797771454,0.414450019598007
"5141",1968,-0.118965029716492,0.421190738677979,0.445347845554352
"5144",1964,0.233119755983353,0.624011635780334,0.607193648815155
"5145",1966,-0.079929918050766,0.41492372751236,0.448921769857407
"5149",1964,-0.0627623796463013,0.425354391336441,0.442281723022461
"5156",1968,0.141254633665085,0.584069490432739,0.583165347576141
"5161",1968,0.239284873008728,0.650245904922485,0.628190994262695
"5164",1964,-0.0618560612201691,0.425354391336441,0.442281723022461
"5171",1968,0.181175351142883,0.636393308639526,0.61733740568161
"5184",1964,0.219386219978333,0.60321968793869,0.63100653886795
"5185",1966,0.0771239995956421,0.573001980781555,0.525536715984344
"5186",1968,-0.0544739961624146,0.422599375247955,0.431375712156296
"5189",1964,-0.0895432233810425,0.407004415988922,0.466141819953918
"5191",1968,-0.0599877536296844,0.416869193315506,0.459104090929031
"5200",1966,-0.0879051685333252,0.407004415988922,0.466141819953918
"5201",1968,-0.217865198850632,0.371206998825073,0.412021726369858
"5205",1966,0.191653043031693,0.678367853164673,0.604167699813843
"5206",1968,0.113282591104507,0.621084570884705,0.577381432056427
"5211",1968,-0.186337858438492,0.35799053311348,0.392098784446716
"5214",1964,0.228248119354248,0.601154208183289,0.63194078207016
"5215",1966,0.07230544090271,0.597879230976105,0.526721119880676
"5216",1968,0.0978105366230011,0.56675124168396,0.535502552986145
"5225",1966,0.00498127937316895,0.524780869483948,0.523117542266846
"5226",1968,0.0724413692951202,0.597879230976105,0.526721119880676
"5234",1964,0.133198946714401,0.567602336406708,0.574006497859955
"5235",1966,-0.0271278619766235,0.438607752323151,0.462698698043823
"5236",1968,-0.106458902359009,0.412696540355682,0.454258769750595
"5244",1964,-0.0935351848602295,0.392090976238251,0.414985239505768
"5249",1964,-0.0921157598495483,0.392090976238251,0.414985239505768
"5251",1968,-0.14053225517273,0.380722761154175,0.420196175575256
"5259",1964,0.195397704839706,0.62489664554596,0.606481790542603
"5261",1968,0.0655184388160706,0.577433168888092,0.543012738227844
"5266",1968,0.187113404273987,0.635246455669403,0.613830387592316
"5269",1964,0.167183041572571,0.595217883586884,0.616234004497528
"5270",1966,0.0220605432987213,0.526719570159912,0.52318012714386
"5279",1964,0.0527251362800598,0.56830370426178,0.540523052215576
"5280",1966,-0.043232798576355,0.4126837849617,0.447118937969208
"5281",1968,-0.225595384836197,0.373815447092056,0.373321533203125
"5284",1964,-0.228551864624023,0.373815447092056,0.373321533203125
"5286",1968,0.0772955417633057,0.573001980781555,0.525536715984344
"5290",1966,0.20679298043251,0.591750741004944,0.580021023750305
"5291",1968,0.230584144592285,0.624011635780334,0.607193648815155
"5295",1966,0.232405692338943,0.624011635780334,0.607193648815155
"5296",1968,0.209717303514481,0.591750741004944,0.580021023750305
"5299",1964,0.224229842424393,0.645943760871887,0.60882979631424
"5300",1966,0.194386869668961,0.678367853164673,0.604167699813843
"5309",1964,-0.105588227510452,0.412696540355682,0.454258769750595
"5314",1964,0.174611806869507,0.592474937438965,0.59848541021347
"5315",1966,0.191610425710678,0.678367853164673,0.604167699813843
"5319",1964,0.0296966135501862,0.535835683345795,0.515917360782623
"5320",1966,-0.138754934072495,0.360695838928223,0.395641356706619
"5325",1966,0.120638370513916,0.561517000198364,0.576838791370392
"5326",1968,0.042743593454361,0.569284200668335,0.489214479923248
"5329",1964,0.0128916501998901,0.518354594707489,0.472539275884628
"5330",1966,-0.0458409786224365,0.405659049749374,0.488230556249619
"5334",1964,0.0231209993362427,0.526719570159912,0.52318012714386
"5335",1966,0.0342886745929718,0.544944763183594,0.501775443553925
"5336",1968,0.0424381196498871,0.569284200668335,0.489214479923248
"5340",1966,0.1721331179142,0.592474937438965,0.59848541021347
"5341",1968,0.0938532650470734,0.614796221256256,0.584919214248657
"5344",1964,0.0343697965145111,0.544944763183594,0.501775443553925
"5345",1966,-0.036538690328598,0.463498711585999,0.4673912525177
"5346",1968,-0.188837736845016,0.35799053311348,0.392098784446716
"5349",1964,-0.0444444417953491,0.4126837849617,0.447118937969208
"5351",1968,-0.0871164798736572,0.407004415988922,0.466141819953918
"5354",1964,0.0779931545257568,0.573001980781555,0.525536715984344
"5355",1966,0.0166454613208771,0.520029544830322,0.465887308120728
"5356",1968,0.0723133087158203,0.597879230976105,0.526721119880676
"5359",1964,-0.0820798873901367,0.393856048583984,0.466867417097092
"5360",1966,-0.203502148389816,0.347458600997925,0.404969841241837
"5369",1964,0.133415803313255,0.567602336406708,0.574006497859955
"5370",1966,0.0639806538820267,0.538226783275604,0.495486587285995
"5371",1968,-0.0620940029621124,0.425354391336441,0.442281723022461
"5374",1964,0.133415803313255,0.567602336406708,0.574006497859955
"5375",1966,0.0639806538820267,0.538226783275604,0.495486587285995
"5376",1968,-0.0140430629253387,0.455277919769287,0.490103662014008
"5379",1964,0.235287040472031,0.650245904922485,0.628190994262695
"5380",1966,0.11822846531868,0.599108695983887,0.557944357395172
"5381",1968,-0.0380685329437256,0.463498711585999,0.4673912525177
"5384",1964,0.03154456615448,0.544944763183594,0.501775443553925
"5385",1966,0.00973284244537354,0.539007782936096,0.497000336647034
"5386",1968,-0.0380685329437256,0.463498711585999,0.4673912525177
"5389",1964,-0.119466066360474,0.421190738677979,0.445347845554352
"5394",1964,0.150776505470276,0.56660395860672,0.538523316383362
"5395",1966,-0.225024938583374,0.373815447092056,0.373321533203125
"5396",1968,0.232993006706238,0.624011635780334,0.607193648815155
"5399",1964,0.0158864557743073,0.520029544830322,0.465887308120728
"5400",1966,-0.0460199415683746,0.405659049749374,0.488230556249619
"5404",1964,-0.18170353770256,0.394276797771454,0.414450019598007
"5411",1968,0.23184534907341,0.624011635780334,0.607193648815155
"5416",1968,0.142036646604538,0.584069490432739,0.583165347576141
"5420",1966,0.189054846763611,0.635246455669403,0.613830387592316
"5421",1968,0.141345888376236,0.584069490432739,0.583165347576141
"5446",1968,0.131053268909454,0.567602336406708,0.574006497859955
"5454",1964,-0.0957411229610443,0.40701898932457,0.410518795251846
"5455",1966,-0.188588708639145,0.35799053311348,0.392098784446716
"5459",1964,-0.238562077283859,0.384374409914017,0.385249346494675
"5464",1964,-0.147835403680801,0.428617924451828,0.456191748380661
"5470",1966,0.128748446702957,0.573815405368805,0.548367142677307
"5475",1966,0.140861064195633,0.584069490432739,0.583165347576141
"5476",1968,0.0768367946147919,0.573001980781555,0.525536715984344
"5485",1966,0.216050297021866,0.60321968793869,0.63100653886795
"5486",1968,0.0255898833274841,0.535835683345795,0.515917360782623
"5490",1966,-0.117616802453995,0.421190738677979,0.445347845554352
"5495",1966,0.245168089866638,0.658842325210571,0.661363184452057
"5509",1964,0.0107798278331757,0.518354594707489,0.472539275884628
"5510",1966,0.0691457092761993,0.577433168888092,0.543012738227844
"5511",1968,0.154925733804703,0.56660395860672,0.538523316383362
"5514",1964,-0.108896017074585,0.412696540355682,0.454258769750595
"5524",1964,0.10892927646637,0.608147740364075,0.578928768634796
"5525",1966,-0.0510041415691376,0.422599375247955,0.431375712156296
"5530",1966,0.24647319316864,0.658842325210571,0.661363184452057
"5534",1964,-0.0345552861690521,0.427786231040955,0.445796489715576
"5544",1964,0.171197861433029,0.592474937438965,0.59848541021347
"5545",1966,0.0224566459655762,0.526719570159912,0.52318012714386
"5546",1968,0.0453783571720123,0.567738711833954,0.525334537029266
"5556",1968,0.197690367698669,0.62489664554596,0.606481790542603
"5564",1964,0.0346554815769196,0.544944763183594,0.501775443553925
"5565",1966,-0.0696185529232025,0.44115549325943,0.44494640827179
"5569",1964,0.165042281150818,0.595217883586884,0.616234004497528
"5570",1966,0.115813493728638,0.599108695983887,0.557944357395172
"5571",1968,0.0172995626926422,0.520029544830322,0.465887308120728
"5579",1964,-0.181141376495361,0.394276797771454,0.414450019598007
"5584",1964,0.16497614979744,0.610120296478271,0.53767466545105
"5585",1966,0.223438829183578,0.645943760871887,0.60882979631424
"5589",1964,0.0563304126262665,0.571296095848083,0.510195434093475
"5590",1966,0.0902135372161865,0.614796221256256,0.584919214248657
"5594",1964,-0.0612795352935791,0.425354391336441,0.442281723022461
"5611",1968,-0.178682565689087,0.391896307468414,0.425834864377975
"5614",1964,-0.198117166757584,0.396428644657135,0.410424441099167
"5616",1968,-0.236903220415115,0.384374409914017,0.385249346494675
"5619",1964,0.0974154472351074,0.56675124168396,0.535502552986145
"5620",1966,0.246658086776733,0.658842325210571,0.661363184452057
"5621",1968,0.124625682830811,0.561517000198364,0.576838791370392
"5626",1968,0.135239362716675,0.563722848892212,0.560968160629272
"5634",1964,0.0689668357372284,0.577433168888092,0.543012738227844
"5635",1966,0.130883127450943,0.567602336406708,0.574006497859955
"5636",1968,0.135743170976639,0.563722848892212,0.560968160629272
"5639",1964,0.0417809188365936,0.569284200668335,0.489214479923248
"5640",1966,0.207276940345764,0.591750741004944,0.580021023750305
"5641",1968,0.126840889453888,0.573815405368805,0.548367142677307
"5644",1964,0.111233681440353,0.621084570884705,0.577381432056427
"5649",1964,0.0303553342819214,0.544944763183594,0.501775443553925
"5650",1966,-0.0329706966876984,0.427786231040955,0.445796489715576
"5651",1968,-0.0845175683498383,0.393856048583984,0.466867417097092
"5665",1976,0.152754664421082,0.56660395860672,0.538523316383362
"5666",1978,0.202391266822815,0.613519787788391,0.573727965354919
"5669",1974,0.198123663663864,0.62489664554596,0.606481790542603
"5675",1976,0.111888736486435,0.621084570884705,0.577381432056427
"5676",1978,0.181116849184036,0.636393308639526,0.61733740568161
"5679",1974,-0.0800358653068542,0.393856048583984,0.466867417097092
"5680",1976,-0.239536672830582,0.384374409914017,0.385249346494675
"5681",1978,-0.16727352142334,0.381468206644058,0.418078482151031
"5684",1974,-0.0243585705757141,0.478721141815186,0.520916044712067
"5686",1978,0.0463818311691284,0.567738711833954,0.525334537029266
"5690",1976,0.136602818965912,0.563722848892212,0.560968160629272
"5694",1974,-0.00361692905426025,0.452087700366974,0.453472971916199
"5695",1976,-0.147531032562256,0.428617924451828,0.456191748380661
"5701",1978,-0.099678099155426,0.40701898932457,0.410518795251846
"5714",1974,0.110945105552673,0.621084570884705,0.577381432056427
"5719",1974,0.161198228597641,0.610120296478271,0.53767466545105
"5720",1976,0.0414907038211823,0.569284200668335,0.489214479923248
"5724",1974,0.212791085243225,0.677564263343811,0.655063629150391
"5726",1978,0.240166544914246,0.641158401966095,0.630519151687622
"5730",1976,0.134834051132202,0.567602336406708,0.574006497859955
"5731",1978,0.0752339363098145,0.573001980781555,0.525536715984344
"5751",1978,-0.222895741462708,0.352606773376465,0.351172238588333
"5764",1974,0.0426614582538605,0.569284200668335,0.489214479923248
"5770",1976,-0.210668087005615,0.393436163663864,0.408660441637039
"5776",1978,0.224844694137573,0.645943760871887,0.60882979631424
"5781",1978,0.052202582359314,0.56830370426178,0.540523052215576
"5784",1974,-0.129337519407272,0.391132682561874,0.40867230296135
"5790",1976,-0.0383893549442291,0.463498711585999,0.4673912525177
"5791",1978,-0.170252442359924,0.368037611246109,0.408233940601349
"5794",1974,0.190071761608124,0.678367853164673,0.604167699813843
"5799",1974,0.160291314125061,0.610120296478271,0.53767466545105
"5800",1976,0.234416633844376,0.624011635780334,0.607193648815155
"5805",1976,0.25022104382515,0.638899028301239,0.621499121189117
"5806",1978,0.124997496604919,0.561517000198364,0.576838791370392
"5811",1978,0.241890251636505,0.641158401966095,0.630519151687622
"5814",1974,-0.0989669859409332,0.40701898932457,0.410518795251846
"5819",1974,-0.0700462758541107,0.448143571615219,0.441522657871246
"5820",1976,-0.190696388483047,0.391616851091385,0.389421999454498
"5821",1978,-0.219807833433151,0.371206998825073,0.412021726369858
"5824",1974,0.0524625778198242,0.56830370426178,0.540523052215576
"5825",1976,0.130903124809265,0.567602336406708,0.574006497859955
"5826",1978,0.0591142475605011,0.571296095848083,0.510195434093475
"5835",1976,-0.0876280069351196,0.407004415988922,0.466141819953918
"5836",1978,-0.110485821962357,0.423870593309402,0.438292682170868
"5854",1974,0.145643711090088,0.592054784297943,0.569956600666046
"5855",1976,0.025070458650589,0.535835683345795,0.515917360782623
"5856",1978,-0.0368387997150421,0.463498711585999,0.4673912525177
"5860",1976,0.046706348657608,0.567738711833954,0.525334537029266
"5866",1978,0.0244723260402679,0.526719570159912,0.52318012714386
"5871",1978,-0.143161207437515,0.380722761154175,0.420196175575256
"5874",1974,0.0413977205753326,0.569284200668335,0.489214479923248
"5875",1976,0.146877467632294,0.592054784297943,0.569956600666046
"5876",1978,0.097224235534668,0.56675124168396,0.535502552986145
"5879",1974,0.0569056868553162,0.571296095848083,0.510195434093475
"5880",1976,0.0520340502262115,0.56830370426178,0.540523052215576
"5881",1978,0.0293358266353607,0.535835683345795,0.515917360782623
"5884",1974,-0.0994070470333099,0.40701898932457,0.410518795251846
"5885",1976,-0.116229653358459,0.421190738677979,0.445347845554352
"5889",1974,-0.0847231149673462,0.393856048583984,0.466867417097092
"5890",1976,-0.113492131233215,0.423870593309402,0.438292682170868
"5891",1978,-0.167454242706299,0.381468206644058,0.418078482151031
"5911",1978,0.0975028276443481,0.56675124168396,0.535502552986145
"5939",1974,0.205815821886063,0.591750741004944,0.580021023750305
"5951",1978,0.211652517318726,0.677564263343811,0.655063629150391
"5956",1978,-0.0650300681591034,0.44115549325943,0.44494640827179
"5979",1974,-0.152385115623474,0.417075216770172,0.407009094953537
"5980",1976,0.0105114281177521,0.518354594707489,0.472539275884628
"5981",1978,0.053658664226532,0.56830370426178,0.540523052215576
"5984",1974,0.156682223081589,0.606199741363525,0.617055058479309
"5985",1976,0.101905912160873,0.589743673801422,0.506685197353363
"5986",1978,0.133464246988297,0.567602336406708,0.574006497859955
"5994",1974,-0.154903769493103,0.417075216770172,0.407009094953537
"5999",1974,0.0965452492237091,0.56675124168396,0.535502552986145
"6001",1978,0.115221619606018,0.599108695983887,0.557944357395172
"6009",1974,0.0899332761764526,0.581187844276428,0.512545168399811
"6010",1976,0.0195451378822327,0.520029544830322,0.465887308120728
"6011",1978,-0.080407977104187,0.393856048583984,0.466867417097092
"6014",1974,-0.10016193985939,0.422554552555084,0.429781138896942
"6015",1976,-0.114351511001587,0.423870593309402,0.438292682170868
"6016",1978,-0.21019658446312,0.393436163663864,0.408660441637039
"6019",1974,-0.219162166118622,0.371206998825073,0.412021726369858
"6024",1974,0.181826084852219,0.636393308639526,0.61733740568161
"6025",1976,0.10706490278244,0.608147740364075,0.578928768634796
"6026",1978,0.0631053745746613,0.538226783275604,0.495486587285995
"6031",1978,-0.164220720529556,0.371515184640884,0.403639167547226
"6039",1974,-0.171365141868591,0.368037611246109,0.408233940601349
"6044",1974,0.191233396530151,0.678367853164673,0.604167699813843
"6059",1974,-0.230693906545639,0.338507264852524,0.338756203651428
"6060",1976,0.235769987106323,0.650245904922485,0.628190994262695
"6061",1978,0.169008046388626,0.595217883586884,0.616234004497528
"6066",1978,0.0831353217363358,0.555431842803955,0.529476523399353
"6071",1978,0.0831353217363358,0.555431842803955,0.529476523399353
"6076",1978,0.0831353217363358,0.555431842803955,0.529476523399353
"6081",1978,0.0831353217363358,0.555431842803955,0.529476523399353
"6084",1974,-0.191934466362,0.391616851091385,0.389421999454498
"6085",1976,-0.19097825884819,0.391616851091385,0.389421999454498
"6086",1978,0.0831353217363358,0.555431842803955,0.529476523399353
"6091",1978,0.0831353217363358,0.555431842803955,0.529476523399353
"6094",1974,0.115752190351486,0.599108695983887,0.557944357395172
"6095",1976,0.0823245346546173,0.555431842803955,0.529476523399353
"6096",1978,0.0831353217363358,0.555431842803955,0.529476523399353
"6099",1974,-0.153094679117203,0.417075216770172,0.407009094953537
"6100",1976,0.00691899657249451,0.539007782936096,0.497000336647034
"6101",1978,0.0831353217363358,0.555431842803955,0.529476523399353
"6104",1974,-0.130327016115189,0.396961212158203,0.383705943822861
"6106",1978,0.0831353217363358,0.555431842803955,0.529476523399353
"6111",1978,0.0831353217363358,0.555431842803955,0.529476523399353
"6116",1978,0.0831353217363358,0.555431842803955,0.529476523399353
"6119",1974,0.161299139261246,0.610120296478271,0.53767466545105
"6121",1978,0.0831353217363358,0.555431842803955,0.529476523399353
"6124",1974,-0.249668598175049,0.377537816762924,0.442024797201157
"6126",1978,0.0831353217363358,0.555431842803955,0.529476523399353
"6131",1978,0.0831353217363358,0.555431842803955,0.529476523399353
"6136",1978,0.0831353217363358,0.555431842803955,0.529476523399353
"6141",1978,0.0831353217363358,0.555431842803955,0.529476523399353
"6144",1974,-0.0422543287277222,0.4126837849617,0.447118937969208
"6145",1976,0.0223001837730408,0.526719570159912,0.52318012714386
"6146",1978,0.0831353217363358,0.555431842803955,0.529476523399353
"6150",1976,0.189114928245544,0.635246455669403,0.613830387592316
"6151",1978,0.0831353217363358,0.555431842803955,0.529476523399353
"6154",1974,-0.0387354791164398,0.463498711585999,0.4673912525177
"6156",1978,0.0831353217363358,0.555431842803955,0.529476523399353
"6161",1978,0.0831353217363358,0.555431842803955,0.529476523399353
"6165",1976,0.188092708587646,0.635246455669403,0.613830387592316
"6166",1978,0.0831353217363358,0.555431842803955,0.529476523399353
"6170",1976,0.114933401346207,0.621084570884705,0.577381432056427
"6171",1978,0.0831353217363358,0.555431842803955,0.529476523399353
"6174",1974,-0.0547946393489838,0.422599375247955,0.431375712156296
"6175",1976,0.130884796380997,0.567602336406708,0.574006497859955
"6176",1978,0.0831353217363358,0.555431842803955,0.529476523399353
"6179",1974,0.172587782144547,0.592474937438965,0.59848541021347
"6180",1976,-0.116645008325577,0.421190738677979,0.445347845554352
"6181",1978,0.0831353217363358,0.555431842803955,0.529476523399353
"6184",1974,-0.0763983726501465,0.41492372751236,0.448921769857407
"6185",1976,-0.135761618614197,0.360695838928223,0.395641356706619
"6186",1978,0.0831353217363358,0.555431842803955,0.529476523399353
"6191",1978,0.173087120056152,0.592474937438965,0.59848541021347
"6199",1974,0.0518808364868164,0.56830370426178,0.540523052215576
"6200",1976,0.184133440256119,0.636393308639526,0.61733740568161
"6204",1974,-0.184654265642166,0.394276797771454,0.414450019598007
"6214",1974,-0.0676983594894409,0.44115549325943,0.44494640827179
"6215",1976,-0.211945980787277,0.393436163663864,0.408660441637039
"6234",1974,0.0174332857131958,0.520029544830322,0.465887308120728
"6235",1976,0.000941872596740723,0.524780869483948,0.523117542266846
"6236",1978,0.0036453902721405,0.524780869483948,0.523117542266846
"6244",1974,-0.221817255020142,0.352606773376465,0.351172238588333
"6249",1974,-0.0901514291763306,0.392090976238251,0.414985239505768
"6251",1978,-0.223277807235718,0.352606773376465,0.351172238588333
"6259",1974,0.0641474723815918,0.538226783275604,0.495486587285995
"6260",1976,-0.0782154500484467,0.41492372751236,0.448921769857407
"6261",1978,-0.247662276029587,0.377537816762924,0.442024797201157
"6269",1974,-0.0295473337173462,0.438607752323151,0.462698698043823
"6270",1976,-0.16425284743309,0.371515184640884,0.403639167547226
"6274",1974,-0.0951522588729858,0.40701898932457,0.410518795251846
"6275",1976,-0.154577016830444,0.417075216770172,0.407009094953537
"6284",1974,-0.0966053307056427,0.40701898932457,0.410518795251846
"6294",1974,0.196697860956192,0.62489664554596,0.606481790542603
"6295",1976,0.22866153717041,0.601154208183289,0.63194078207016
"6296",1978,-0.079808235168457,0.41492372751236,0.448921769857407
"6304",1974,0.191061854362488,0.678367853164673,0.604167699813843
"6314",1974,0.221251010894775,0.645943760871887,0.60882979631424
"6315",1976,0.102944672107697,0.589743673801422,0.506685197353363
"6316",1978,0.202774107456207,0.613519787788391,0.573727965354919
"6320",1976,0.137993305921555,0.563722848892212,0.560968160629272
"6321",1978,0.122481912374496,0.561517000198364,0.576838791370392
"6324",1974,0.0531761050224304,0.56830370426178,0.540523052215576
"6325",1976,-0.0978944003582001,0.40701898932457,0.410518795251846
"6329",1974,-0.131055355072021,0.396961212158203,0.383705943822861
"6330",1976,-0.234887212514877,0.338507264852524,0.338756203651428
"6334",1974,0.0486800372600555,0.567738711833954,0.525334537029266
"6335",1976,0.0982156991958618,0.56675124168396,0.535502552986145
"6336",1978,0.0454974174499512,0.567738711833954,0.525334537029266
"6339",1974,-0.150133162736893,0.417075216770172,0.407009094953537
"6341",1978,-0.126185059547424,0.391132682561874,0.40867230296135
"6344",1974,0.0684303045272827,0.577433168888092,0.543012738227844
"6345",1976,0.00925815105438232,0.539007782936096,0.497000336647034
"6346",1978,-0.039862722158432,0.463498711585999,0.4673912525177
"6354",1974,0.0873032808303833,0.581187844276428,0.512545168399811
"6355",1976,0.196757346391678,0.62489664554596,0.606481790542603
"6356",1978,0.132658243179321,0.567602336406708,0.574006497859955
"6359",1974,0.0496777296066284,0.567738711833954,0.525334537029266
"6360",1976,0.214042603969574,0.677564263343811,0.655063629150391
"6361",1978,0.146080195903778,0.592054784297943,0.569956600666046
"6369",1974,-0.0686884522438049,0.44115549325943,0.44494640827179
"6370",1976,-0.00179409980773926,0.452087700366974,0.453472971916199
"6374",1974,-0.0360582768917084,0.463498711585999,0.4673912525177
"6375",1976,-0.0202388167381287,0.478721141815186,0.520916044712067
"6376",1978,0.0266660153865814,0.535835683345795,0.515917360782623
"6379",1974,-0.0759678184986115,0.41492372751236,0.448921769857407
"6380",1976,-0.212677389383316,0.393436163663864,0.408660441637039
"6384",1974,0.0919990241527557,0.614796221256256,0.584919214248657
"6385",1976,-0.0711455643177032,0.448143571615219,0.441522657871246
"6386",1978,-0.0070839524269104,0.442523181438446,0.464892327785492
"6389",1974,0.00431406497955322,0.524780869483948,0.523117542266846
"6390",1976,0.062473326921463,0.538226783275604,0.495486587285995
"6391",1978,0.134652495384216,0.567602336406708,0.574006497859955
"6399",1974,0.114321738481522,0.621084570884705,0.577381432056427
"6400",1976,0.186484634876251,0.635246455669403,0.613830387592316
"6404",1974,-0.14415180683136,0.380722761154175,0.420196175575256
"6409",1974,-0.0777900218963623,0.41492372751236,0.448921769857407
"6410",1976,-0.136765867471695,0.360695838928223,0.395641356706619
"6411",1978,0.0296261608600616,0.535835683345795,0.515917360782623
"6414",1974,-0.0214021801948547,0.478721141815186,0.520916044712067
"6415",1976,-0.099237710237503,0.40701898932457,0.410518795251846
"6416",1978,-0.0984426736831665,0.40701898932457,0.410518795251846
"6420",1976,0.0524639785289764,0.56830370426178,0.540523052215576
"6421",1978,0.0982345640659332,0.56675124168396,0.535502552986145
"6449",1974,0.185541957616806,0.635246455669403,0.613830387592316
"6459",1974,-0.0188345313072205,0.447776228189468,0.481011390686035
"6464",1974,-0.0670088529586792,0.44115549325943,0.44494640827179
"6465",1976,0.0274940729141235,0.535835683345795,0.515917360782623
"6466",1978,0.0471121072769165,0.567738711833954,0.525334537029266
"6471",1978,0.0943118631839752,0.614796221256256,0.584919214248657
"6474",1974,-0.230595350265503,0.338507264852524,0.338756203651428
"6479",1974,-0.250925987958908,0.379428595304489,0.385526180267334
"6485",1976,-0.229694873094559,0.373815447092056,0.373321533203125
"6494",1974,-0.0448116958141327,0.4126837849617,0.447118937969208
"6499",1974,0.0565180480480194,0.571296095848083,0.510195434093475
"6500",1976,0.101929515600204,0.589743673801422,0.506685197353363
"6509",1974,-0.210371851921082,0.393436163663864,0.408660441637039
"6514",1974,-0.017242431640625,0.447776228189468,0.481011390686035
"6515",1976,-0.00798100233078003,0.442523181438446,0.464892327785492
"6516",1978,-0.138723134994507,0.360695838928223,0.395641356706619
"6519",1974,-0.150931358337402,0.417075216770172,0.407009094953537
"6529",1974,-0.230073094367981,0.338507264852524,0.338756203651428
"6539",1974,-0.0549484193325043,0.422599375247955,0.431375712156296
"6540",1976,-0.13592991232872,0.360695838928223,0.395641356706619
"6546",1978,0.190051704645157,0.678367853164673,0.604167699813843
"6550",1976,0.0234803557395935,0.526719570159912,0.52318012714386
"6551",1978,-0.0134844779968262,0.455277919769287,0.490103662014008
"6569",1974,0.0425401628017426,0.569284200668335,0.489214479923248
"6576",1978,0.0897636115550995,0.581187844276428,0.512545168399811
"6581",1978,0.163361132144928,0.610120296478271,0.53767466545105
"6584",1974,0.0366486310958862,0.55524605512619,0.509494304656982
"6585",1976,0.162410497665405,0.610120296478271,0.53767466545105
"6599",1974,-0.24084997177124,0.383287221193314,0.350013911724091
"6609",1974,0.0887801945209503,0.581187844276428,0.512545168399811
"6610",1976,0.0392284095287323,0.55524605512619,0.509494304656982
"6611",1978,-0.158896565437317,0.422813564538956,0.382385939359665
"6614",1974,-0.0794192552566528,0.41492372751236,0.448921769857407
"6616",1978,-0.223040103912354,0.352606773376465,0.351172238588333
"6619",1974,0.0872460305690765,0.581187844276428,0.512545168399811
"6620",1976,-0.0410503447055817,0.4126837849617,0.447118937969208
"6624",1974,0.0301367342472076,0.544944763183594,0.501775443553925
"6625",1976,0.0128868222236633,0.518354594707489,0.472539275884628
"6626",1978,-0.0517635941505432,0.422599375247955,0.431375712156296
"6629",1974,-0.0168873071670532,0.447776228189468,0.481011390686035
"6630",1976,-0.129110097885132,0.391132682561874,0.40867230296135
"6639",1974,0.0218033492565155,0.526719570159912,0.52318012714386
"6641",1978,0.178627133369446,0.610752761363983,0.631223201751709
"6644",1974,0.0925258100032806,0.614796221256256,0.584919214248657
"6654",1974,0.111606001853943,0.621084570884705,0.577381432056427
"6655",1976,0.0325915813446045,0.544944763183594,0.501775443553925
"6656",1978,-0.0405708253383636,0.4126837849617,0.447118937969208
"6664",1974,-0.0637683868408203,0.425354391336441,0.442281723022461
"6665",1976,0.0180556774139404,0.520029544830322,0.465887308120728
"6669",1974,-0.103454262018204,0.422554552555084,0.429781138896942
"6670",1976,-0.244888573884964,0.383287221193314,0.350013911724091
"6671",1978,-0.156593650579453,0.422813564538956,0.382385939359665
"6719",1974,0.219505995512009,0.60321968793869,0.63100653886795
"6720",1976,0.0217832326889038,0.526719570159912,0.52318012714386
"6721",1978,0.128372997045517,0.573815405368805,0.548367142677307
"6730",1976,0.117315500974655,0.599108695983887,0.557944357395172
"6740",1976,-0.180072665214539,0.394276797771454,0.414450019598007
"6741",1978,-0.118822932243347,0.421190738677979,0.445347845554352
"6744",1974,-0.0467987358570099,0.405659049749374,0.488230556249619
"6745",1976,-0.240403890609741,0.383287221193314,0.350013911724091
"6746",1978,-0.223588079214096,0.352606773376465,0.351172238588333
"6751",1978,0.209249585866928,0.591750741004944,0.580021023750305
"6755",1976,0.118568778038025,0.599108695983887,0.557944357395172
"6764",1974,-0.0663895606994629,0.44115549325943,0.44494640827179
"6766",1978,-0.162642955780029,0.371515184640884,0.403639167547226
"6769",1974,-0.103046089410782,0.422554552555084,0.429781138896942
"6770",1976,0.0921869277954102,0.614796221256256,0.584919214248657
"6771",1978,0.0462955236434937,0.567738711833954,0.525334537029266
"6774",1974,-0.0847178250551224,0.393856048583984,0.466867417097092
"6779",1974,-0.114169329404831,0.423870593309402,0.438292682170868
"6786",1978,0.0010756254196167,0.524780869483948,0.523117542266846
"6791",1978,-0.120858907699585,0.393183499574661,0.366201162338257
"6795",1976,-0.0110258162021637,0.455277919769287,0.490103662014008
"6799",1974,-0.199849337339401,0.396428644657135,0.410424441099167
"6809",1974,-0.113450288772583,0.423870593309402,0.438292682170868
"6810",1976,-0.0606006383895874,0.425354391336441,0.442281723022461
"6819",1974,-0.181906908750534,0.394276797771454,0.414450019598007
"6824",1974,-0.0549777448177338,0.422599375247955,0.431375712156296
"6829",1974,0.152892857789993,0.56660395860672,0.538523316383362
"6830",1976,0.090012788772583,0.614796221256256,0.584919214248657
"6831",1978,0.033652663230896,0.544944763183594,0.501775443553925
"6834",1974,-0.0179150104522705,0.447776228189468,0.481011390686035
"6835",1976,-0.146951198577881,0.428617924451828,0.456191748380661
"6836",1978,-0.237516522407532,0.384374409914017,0.385249346494675
"6839",1974,0.0840795636177063,0.555431842803955,0.529476523399353
"6840",1976,0.158756047487259,0.606199741363525,0.617055058479309
"6841",1978,0.0670640468597412,0.577433168888092,0.543012738227844
"6844",1974,-0.225266009569168,0.373815447092056,0.373321533203125
"6845",1976,-0.250383377075195,0.379428595304489,0.385526180267334
"6850",1976,-0.15209424495697,0.417075216770172,0.407009094953537
"6851",1978,-0.0800167620182037,0.393856048583984,0.466867417097092
"6869",1974,-0.156499058008194,0.422813564538956,0.382385939359665
"6870",1976,-0.139855295419693,0.360695838928223,0.395641356706619
"6871",1978,-0.2341388463974,0.338507264852524,0.338756203651428
"6884",1974,0.177930682897568,0.610752761363983,0.631223201751709
"6886",1978,-0.0246812105178833,0.478721141815186,0.520916044712067
"6889",1974,-0.036517858505249,0.463498711585999,0.4673912525177
"6894",1974,-0.036853015422821,0.463498711585999,0.4673912525177
"6895",1976,0.116376720368862,0.599108695983887,0.557944357395172
"6899",1974,-0.036853015422821,0.463498711585999,0.4673912525177
"6900",1976,0.116376720368862,0.599108695983887,0.557944357395172
"6904",1974,-0.036853015422821,0.463498711585999,0.4673912525177
"6905",1976,0.116376720368862,0.599108695983887,0.557944357395172
"6906",1978,0.208065330982208,0.591750741004944,0.580021023750305
"6910",1976,0.116376720368862,0.599108695983887,0.557944357395172
"6914",1974,-0.079837828874588,0.41492372751236,0.448921769857407
"6915",1976,-0.179477572441101,0.391896307468414,0.425834864377975
"6916",1978,-0.0213847160339355,0.478721141815186,0.520916044712067
"6924",1974,-0.036853015422821,0.463498711585999,0.4673912525177
"6926",1978,0.208065330982208,0.591750741004944,0.580021023750305
"6929",1974,0.134886980056763,0.567602336406708,0.574006497859955
"6930",1976,0.160344392061234,0.610120296478271,0.53767466545105
"6931",1978,0.208065330982208,0.591750741004944,0.580021023750305
"6936",1978,0.229842662811279,0.601154208183289,0.63194078207016
"6941",1978,0.208065330982208,0.591750741004944,0.580021023750305
"6944",1974,-0.036853015422821,0.463498711585999,0.4673912525177
"6946",1978,0.105731457471848,0.608147740364075,0.578928768634796
"6949",1974,-0.0190856754779816,0.447776228189468,0.481011390686035
"6950",1976,-0.0779551565647125,0.41492372751236,0.448921769857407
"6951",1978,0.23281142115593,0.624011635780334,0.607193648815155
"6954",1974,-0.036853015422821,0.463498711585999,0.4673912525177
"6956",1978,0.208065330982208,0.591750741004944,0.580021023750305
"6984",1974,0.10158097743988,0.589743673801422,0.506685197353363
"6994",1974,0.0290806293487549,0.535835683345795,0.515917360782623
"6995",1976,0.0342288315296173,0.544944763183594,0.501775443553925
"6996",1978,-0.0881438553333282,0.407004415988922,0.466141819953918
"6999",1974,0.00568926334381104,0.539007782936096,0.497000336647034
"7000",1976,0.101866692304611,0.589743673801422,0.506685197353363
"7020",1976,0.0380903482437134,0.55524605512619,0.509494304656982
"7029",1974,-0.170151382684708,0.368037611246109,0.408233940601349
"7040",1976,0.0509951412677765,0.56830370426178,0.540523052215576
"7066",1978,0.234969139099121,0.624011635780334,0.607193648815155
"7100",1976,0.212043523788452,0.677564263343811,0.655063629150391
"7104",1974,0.043882429599762,0.569284200668335,0.489214479923248
"7105",1976,0.0859664976596832,0.581187844276428,0.512545168399811
"7106",1978,0.0836385786533356,0.555431842803955,0.529476523399353
"7119",1974,0.13961386680603,0.563722848892212,0.560968160629272
"7121",1978,0.179497718811035,0.610752761363983,0.631223201751709
"7124",1974,-0.102740794420242,0.422554552555084,0.429781138896942
"7125",1976,-0.0744531154632568,0.448143571615219,0.441522657871246
"7130",1976,-0.19567608833313,0.396428644657135,0.410424441099167
"7135",1976,0.0276836454868317,0.535835683345795,0.515917360782623
"7136",1978,0.0681425631046295,0.577433168888092,0.543012738227844
"7141",1978,0.211895823478699,0.677564263343811,0.655063629150391
"7144",1974,-0.130658179521561,0.396961212158203,0.383705943822861
"7145",1976,-0.157430797815323,0.422813564538956,0.382385939359665
"7146",1978,-0.146398991346359,0.428617924451828,0.456191748380661
"7149",1974,0.236345678567886,0.650245904922485,0.628190994262695
"7156",1978,-0.0597946345806122,0.416869193315506,0.459104090929031
"7159",1974,0.236249923706055,0.650245904922485,0.628190994262695
"7160",1976,0.0309654176235199,0.544944763183594,0.501775443553925
"7164",1974,0.039071649312973,0.55524605512619,0.509494304656982
"7165",1976,0.114163845777512,0.621084570884705,0.577381432056427
"7186",1978,0.229187279939651,0.601154208183289,0.63194078207016
"7189",1974,-0.0412914752960205,0.4126837849617,0.447118937969208
"7190",1976,0.093942791223526,0.614796221256256,0.584919214248657
"7191",1978,0.0120691955089569,0.518354594707489,0.472539275884628
"7205",1976,0.214410424232483,0.677564263343811,0.655063629150391
"7206",1978,0.230195641517639,0.624011635780334,0.607193648815155
"7209",1974,0.23816642165184,0.650245904922485,0.628190994262695
"7220",1976,0.148079633712769,0.592054784297943,0.569956600666046
"7221",1978,0.0328013002872467,0.544944763183594,0.501775443553925
"7229",1974,0.154492616653442,0.56660395860672,0.538523316383362
"7230",1976,0.189138621091843,0.635246455669403,0.613830387592316
"7235",1976,0.228387475013733,0.601154208183289,0.63194078207016
"7245",1976,0.155794978141785,0.606199741363525,0.617055058479309
"7260",1976,0.0927103459835052,0.614796221256256,0.584919214248657
"7261",1978,0.0647768974304199,0.538226783275604,0.495486587285995
"7269",1974,0.0407768189907074,0.569284200668335,0.489214479923248
"7271",1978,-0.140932232141495,0.380722761154175,0.420196175575256
"7275",1976,0.0013900101184845,0.524780869483948,0.523117542266846
"7276",1978,-0.0111022889614105,0.455277919769287,0.490103662014008
"7286",1978,0.0811831951141357,0.555431842803955,0.529476523399353
"7295",1976,0.207125186920166,0.591750741004944,0.580021023750305
"7300",1976,0.159701287746429,0.606199741363525,0.617055058479309
"7304",1974,-0.0348992049694061,0.427786231040955,0.445796489715576
"7305",1976,-0.117385476827621,0.421190738677979,0.445347845554352
"7316",1978,-0.0452693998813629,0.405659049749374,0.488230556249619
"7324",1974,-0.059747576713562,0.416869193315506,0.459104090929031
"7325",1976,-0.0813406407833099,0.393856048583984,0.466867417097092
"7339",1974,-0.162909537553787,0.371515184640884,0.403639167547226
"7340",1976,-0.15333941578865,0.417075216770172,0.407009094953537
"7341",1978,-0.240887731313705,0.383287221193314,0.350013911724091
"7344",1974,0.0512230396270752,0.56830370426178,0.540523052215576
"7345",1976,0.154040604829788,0.56660395860672,0.538523316383362
"7360",1976,-0.045995831489563,0.405659049749374,0.488230556249619
"7361",1978,0.0253291130065918,0.535835683345795,0.515917360782623
"7365",1976,0.0885941088199615,0.581187844276428,0.512545168399811
"7366",1978,0.198572486639023,0.62489664554596,0.606481790542603
"7369",1974,0.181119292974472,0.636393308639526,0.61733740568161
"7370",1976,0.0793757736682892,0.573001980781555,0.525536715984344
"7371",1978,0.0961219072341919,0.56675124168396,0.535502552986145
"7374",1974,0.165224745869637,0.595217883586884,0.616234004497528
"7376",1978,0.0773885399103165,0.573001980781555,0.525536715984344
"7379",1974,0.165224745869637,0.595217883586884,0.616234004497528
"7381",1978,0.206600666046143,0.591750741004944,0.580021023750305
"7384",1974,0.0337460041046143,0.544944763183594,0.501775443553925
"7385",1976,-0.0247141122817993,0.478721141815186,0.520916044712067
"7389",1974,0.0882373750209808,0.581187844276428,0.512545168399811
"7395",1976,-0.167568475008011,0.381468206644058,0.418078482151031
"7404",1974,0.0523605942726135,0.56830370426178,0.540523052215576
"7416",1978,0.174616560339928,0.592474937438965,0.59848541021347
"7419",1974,-0.133359879255295,0.396961212158203,0.383705943822861
"7429",1974,0.00546655058860779,0.539007782936096,0.497000336647034
"7430",1976,0.222136527299881,0.645943760871887,0.60882979631424
"7439",1974,0.193464159965515,0.678367853164673,0.604167699813843
"7440",1976,0.16070231795311,0.610120296478271,0.53767466545105
"7446",1978,0.10647451877594,0.608147740364075,0.578928768634796
"7451",1978,0.183933019638062,0.636393308639526,0.61733740568161
"7455",1976,0.0901385545730591,0.614796221256256,0.584919214248657
"7459",1974,-0.0876273512840271,0.407004415988922,0.466141819953918
"7460",1976,-0.166507065296173,0.381468206644058,0.418078482151031
"7464",1974,0.239079922437668,0.650245904922485,0.628190994262695
"7465",1976,0.188268721103668,0.635246455669403,0.613830387592316
"7466",1978,0.0710620284080505,0.597879230976105,0.526721119880676
"7469",1974,-0.0219624042510986,0.478721141815186,0.520916044712067
"7470",1976,0.0517831742763519,0.56830370426178,0.540523052215576
"7474",1974,-0.106688946485519,0.412696540355682,0.454258769750595
"7475",1976,-0.00375279784202576,0.452087700366974,0.453472971916199
"7479",1974,0.17644402384758,0.610752761363983,0.631223201751709
"7480",1976,0.0705180466175079,0.597879230976105,0.526721119880676
"7481",1978,0.244351208209991,0.641158401966095,0.630519151687622
"7484",1974,0.0388254821300507,0.55524605512619,0.509494304656982
"7485",1976,0.00998866558074951,0.539007782936096,0.497000336647034
"7486",1978,0.0578570067882538,0.571296095848083,0.510195434093475
"7490",1976,0.0401806235313416,0.569284200668335,0.489214479923248
"7491",1978,0.00258764624595642,0.524780869483948,0.523117542266846
"7494",1974,-0.0409573614597321,0.4126837849617,0.447118937969208
"7495",1976,-0.184650599956512,0.394276797771454,0.414450019598007
"7496",1978,-0.224991410970688,0.352606773376465,0.351172238588333
"7499",1974,-0.192416459321976,0.391616851091385,0.389421999454498
"7504",1974,-0.165395468473434,0.381468206644058,0.418078482151031
"7505",1976,-0.0921450853347778,0.392090976238251,0.414985239505768
"7506",1978,-0.198462516069412,0.396428644657135,0.410424441099167
"7509",1974,-0.113135248422623,0.423870593309402,0.438292682170868
"7510",1976,-0.0116457939147949,0.455277919769287,0.490103662014008
"7511",1978,-0.146134227514267,0.428617924451828,0.456191748380661
"7514",1974,0.095824122428894,0.56675124168396,0.535502552986145
"7516",1978,0.146047234535217,0.592054784297943,0.569956600666046
"7520",1976,-0.0991176664829254,0.40701898932457,0.410518795251846
"7521",1978,-0.137234896421432,0.360695838928223,0.395641356706619
"7524",1974,0.193390339612961,0.678367853164673,0.604167699813843
"7529",1974,-0.189183980226517,0.35799053311348,0.392098784446716
"7531",1978,-0.250556021928787,0.379428595304489,0.385526180267334
"7540",1976,0.18348902463913,0.636393308639526,0.61733740568161
"7541",1978,0.0484603941440582,0.567738711833954,0.525334537029266
"7544",1974,0.0256436765193939,0.535835683345795,0.515917360782623
"7545",1976,-0.132646828889847,0.396961212158203,0.383705943822861
"7549",1974,0.0940259695053101,0.614796221256256,0.584919214248657
"7550",1976,0.128888249397278,0.573815405368805,0.548367142677307
"7551",1978,-0.172619581222534,0.368037611246109,0.408233940601349
"7556",1978,0.187048196792603,0.635246455669403,0.613830387592316
"7559",1974,-0.103352576494217,0.422554552555084,0.429781138896942
"7560",1976,-0.149891704320908,0.428617924451828,0.456191748380661
"7561",1978,-0.0669163763523102,0.44115549325943,0.44494640827179
"7566",1978,0.0687128603458405,0.577433168888092,0.543012738227844
"7570",1976,0.00400939583778381,0.524780869483948,0.523117542266846
"7571",1978,0.107453137636185,0.608147740364075,0.578928768634796
"7574",1974,0.218709796667099,0.60321968793869,0.63100653886795
"7575",1976,0.236882567405701,0.650245904922485,0.628190994262695
"7584",1974,0.111990332603455,0.621084570884705,0.577381432056427
"7589",1974,0.170756578445435,0.592474937438965,0.59848541021347
"7591",1978,0.147261142730713,0.592054784297943,0.569956600666046
"7606",1978,0.249315798282623,0.658842325210571,0.661363184452057
"7614",1974,0.101869463920593,0.589743673801422,0.506685197353363
"7616",1978,0.179646581411362,0.610752761363983,0.631223201751709
"7621",1978,-0.107718944549561,0.412696540355682,0.454258769750595
"7626",1978,0.202180176973343,0.613519787788391,0.573727965354919
"7629",1974,-0.0141058564186096,0.455277919769287,0.490103662014008
"7630",1976,0.068393737077713,0.577433168888092,0.543012738227844
"7631",1978,0.227415204048157,0.601154208183289,0.63194078207016
"7634",1974,0.0378482043743134,0.55524605512619,0.509494304656982
"7636",1978,-0.0898975133895874,0.407004415988922,0.466141819953918
"7639",1974,-0.0538778305053711,0.422599375247955,0.431375712156296
"7641",1978,-0.18513035774231,0.35799053311348,0.392098784446716
"7644",1974,-0.125435829162598,0.391132682561874,0.40867230296135
"7649",1974,-0.224492311477661,0.352606773376465,0.351172238588333
"7656",1978,0.236430436372757,0.650245904922485,0.628190994262695
"7659",1974,-0.115832477807999,0.421190738677979,0.445347845554352
"7665",1976,0.203567773103714,0.613519787788391,0.573727965354919
"7679",1974,-0.178393363952637,0.391896307468414,0.425834864377975
"7685",1976,-0.0936734974384308,0.392090976238251,0.414985239505768
"7686",1978,-0.0200374126434326,0.478721141815186,0.520916044712067
"7714",1974,-0.103023111820221,0.422554552555084,0.429781138896942
"7715",1976,-0.10156175494194,0.422554552555084,0.429781138896942
"7716",1978,-0.119607537984848,0.421190738677979,0.445347845554352
"7719",1974,0.0351220667362213,0.55524605512619,0.509494304656982
"7720",1976,0.0142627060413361,0.518354594707489,0.472539275884628
"7721",1978,-0.10052677989006,0.422554552555084,0.429781138896942
"7724",1974,0.00597214698791504,0.539007782936096,0.497000336647034
"7725",1976,0.0651923716068268,0.577433168888092,0.543012738227844
"7726",1978,0.0802660882472992,0.555431842803955,0.529476523399353
"7739",1974,0.127533376216888,0.573815405368805,0.548367142677307
"7741",1978,0.172192066907883,0.592474937438965,0.59848541021347
"7744",1974,-0.14896622300148,0.428617924451828,0.456191748380661
"7745",1976,-0.171497911214828,0.368037611246109,0.408233940601349
"7750",1976,-0.185043334960938,0.35799053311348,0.392098784446716
"7754",1974,-0.114362299442291,0.423870593309402,0.438292682170868
"7755",1976,-0.153079599142075,0.417075216770172,0.407009094953537
"7756",1978,-0.162748008966446,0.371515184640884,0.403639167547226
"7764",1974,-0.207675069570541,0.381492048501968,0.414540827274323
"7769",1974,0.121192097663879,0.561517000198364,0.576838791370392
"7770",1976,0.173131704330444,0.592474937438965,0.59848541021347
"7784",1974,0.0576058328151703,0.571296095848083,0.510195434093475
"7785",1976,0.14921435713768,0.592054784297943,0.569956600666046
"7786",1978,0.125359743833542,0.573815405368805,0.548367142677307
"7794",1974,0.208050131797791,0.591750741004944,0.580021023750305
"7795",1976,0.00248783826828003,0.524780869483948,0.523117542266846
"7796",1978,0.0278503596782684,0.535835683345795,0.515917360782623
"7799",1974,0.228210270404816,0.601154208183289,0.63194078207016
"7801",1978,0.17280638217926,0.592474937438965,0.59848541021347
"7804",1974,0.178227186203003,0.610752761363983,0.631223201751709
"7805",1976,0.168037295341492,0.595217883586884,0.616234004497528
"7806",1978,0.222964316606522,0.645943760871887,0.60882979631424
"7810",1976,0.17417174577713,0.592474937438965,0.59848541021347
"7811",1978,0.0524715781211853,0.56830370426178,0.540523052215576
"7816",1978,0.234855204820633,0.624011635780334,0.607193648815155
"7821",1978,0.0663863122463226,0.577433168888092,0.543012738227844
"7824",1974,-0.0767402350902557,0.41492372751236,0.448921769857407
"7826",1978,-0.109971195459366,0.412696540355682,0.454258769750595
"7829",1974,0.18643307685852,0.635246455669403,0.613830387592316
"7830",1976,0.045820564031601,0.567738711833954,0.525334537029266
"7839",1984,0.237819701433182,0.650245904922485,0.628190994262695
"7844",1984,0.0919637084007263,0.614796221256256,0.584919214248657
"7849",1984,0.0540735125541687,0.56830370426178,0.540523052215576
"7855",1986,-0.0708198547363281,0.448143571615219,0.441522657871246
"7859",1984,-0.0884038209915161,0.407004415988922,0.466141819953918
"7860",1986,-0.217810988426208,0.371206998825073,0.412021726369858
"7870",1986,0.0941815078258514,0.614796221256256,0.584919214248657
"7899",1984,0.0671172142028809,0.577433168888092,0.543012738227844
"7924",1984,0.114159673452377,0.621084570884705,0.577381432056427
"7934",1984,-0.178290277719498,0.391896307468414,0.425834864377975
"7935",1986,-0.127081245183945,0.391132682561874,0.40867230296135
"7936",1988,-0.206276684999466,0.381492048501968,0.414540827274323
"7941",1988,-0.142573952674866,0.380722761154175,0.420196175575256
"7945",1986,0.154230743646622,0.56660395860672,0.538523316383362
"7946",1988,-0.112656682729721,0.423870593309402,0.438292682170868
"7956",1988,-0.223430469632149,0.352606773376465,0.351172238588333
"7961",1988,-0.223430469632149,0.352606773376465,0.351172238588333
"7964",1984,0.170442879199982,0.592474937438965,0.59848541021347
"7969",1984,0.170442879199982,0.592474937438965,0.59848541021347
"7984",1984,0.0752456486225128,0.573001980781555,0.525536715984344
"7985",1986,0.174017906188965,0.592474937438965,0.59848541021347
"7986",1988,0.0421208441257477,0.569284200668335,0.489214479923248
"7989",1984,-0.226172208786011,0.373815447092056,0.373321533203125
"7990",1986,-0.228369772434235,0.373815447092056,0.373321533203125
"7999",1984,0.130469650030136,0.567602336406708,0.574006497859955
"8001",1988,0.230424523353577,0.624011635780334,0.607193648815155
"8024",1984,-0.115244030952454,0.421190738677979,0.445347845554352
"8034",1984,-0.222936719655991,0.352606773376465,0.351172238588333
"8044",1984,-0.0619009733200073,0.425354391336441,0.442281723022461
"8045",1986,0.0894902646541595,0.581187844276428,0.512545168399811
"8046",1988,0.0158547163009644,0.520029544830322,0.465887308120728
"8049",1984,0.0938759446144104,0.614796221256256,0.584919214248657
"8051",1988,0.232931286096573,0.624011635780334,0.607193648815155
"8054",1984,0.030888557434082,0.544944763183594,0.501775443553925
"8055",1986,0.158731669187546,0.606199741363525,0.617055058479309
"8056",1988,0.165907263755798,0.595217883586884,0.616234004497528
"8084",1984,0.055493950843811,0.571296095848083,0.510195434093475
"8114",1984,-0.121011406183243,0.393183499574661,0.366201162338257
"8115",1986,-0.160092085599899,0.371515184640884,0.403639167547226
"8116",1988,-0.246029525995255,0.377537816762924,0.442024797201157
"8139",1984,0.0437030494213104,0.569284200668335,0.489214479923248
"8140",1986,-0.0930767953395844,0.392090976238251,0.414985239505768
"8141",1988,0.0283868908882141,0.535835683345795,0.515917360782623
"8156",1988,0.234918981790543,0.624011635780334,0.607193648815155
"8174",1984,-0.086397647857666,0.407004415988922,0.466141819953918
"8175",1986,-0.00558841228485107,0.442523181438446,0.464892327785492
"8176",1988,-0.156715393066406,0.422813564538956,0.382385939359665
"8179",1984,0.151379644870758,0.56660395860672,0.538523316383362
"8190",1986,0.019832044839859,0.520029544830322,0.465887308120728
"8191",1988,0.173841029405594,0.592474937438965,0.59848541021347
"8195",1986,-0.154874384403229,0.417075216770172,0.407009094953537
"8196",1988,-0.0677273273468018,0.44115549325943,0.44494640827179
"8209",1984,0.0972525477409363,0.56675124168396,0.535502552986145
"8210",1986,-0.202852487564087,0.347458600997925,0.404969841241837
"8225",1986,0.235597163438797,0.650245904922485,0.628190994262695
"8229",1984,0.135805636644363,0.563722848892212,0.560968160629272
"8230",1986,0.217176049947739,0.60321968793869,0.63100653886795
"8244",1984,0.00165793299674988,0.524780869483948,0.523117542266846
"8245",1986,-0.225746512413025,0.373815447092056,0.373321533203125
"8249",1984,0.0178545713424683,0.520029544830322,0.465887308120728
"8250",1986,0.100681751966476,0.589743673801422,0.506685197353363
"8251",1988,0.152970731258392,0.56660395860672,0.538523316383362
"8264",1984,0.171443700790405,0.592474937438965,0.59848541021347
"8274",1984,-0.122293710708618,0.393183499574661,0.366201162338257
"8275",1986,-0.170383900403976,0.368037611246109,0.408233940601349
"8284",1984,-0.162505030632019,0.371515184640884,0.403639167547226
"8285",1986,-0.135484576225281,0.360695838928223,0.395641356706619
"8286",1988,-0.149528712034225,0.428617924451828,0.456191748380661
"8324",1984,-0.0325976610183716,0.427786231040955,0.445796489715576
"8325",1986,-0.109569936990738,0.412696540355682,0.454258769750595
"8326",1988,-0.247408360242844,0.377537816762924,0.442024797201157
"8341",1988,0.244615912437439,0.641158401966095,0.630519151687622
"8345",1986,-0.0310142338275909,0.427786231040955,0.445796489715576
"8346",1988,0.00572371482849121,0.539007782936096,0.497000336647034
"8351",1988,0.225541114807129,0.601154208183289,0.63194078207016
"8394",1984,-0.243280291557312,0.383287221193314,0.350013911724091
"8395",1986,-0.0473977029323578,0.405659049749374,0.488230556249619
"8404",1984,-0.168550401926041,0.381468206644058,0.418078482151031
"8409",1984,0.13344407081604,0.567602336406708,0.574006497859955
"8410",1986,0.112939029932022,0.621084570884705,0.577381432056427
"8414",1984,-0.221005320549011,0.352606773376465,0.351172238588333
"8416",1988,-0.0941349267959595,0.392090976238251,0.414985239505768
"8419",1984,0.0451849699020386,0.567738711833954,0.525334537029266
"8424",1984,0.225335717201233,0.601154208183289,0.63194078207016
"8429",1984,0.203121304512024,0.613519787788391,0.573727965354919
"8430",1986,0.00722599029541016,0.539007782936096,0.497000336647034
"8431",1988,0.0519379377365112,0.56830370426178,0.540523052215576
"8434",1984,0.00505745410919189,0.539007782936096,0.497000336647034
"8435",1986,0.064652681350708,0.538226783275604,0.495486587285995
"8444",1984,0.0714263319969177,0.597879230976105,0.526721119880676
"8445",1986,0.244184166193008,0.641158401966095,0.630519151687622
"8446",1988,0.0640195608139038,0.538226783275604,0.495486587285995
"8449",1984,-0.0508664548397064,0.422599375247955,0.431375712156296
"8450",1986,-0.000308185815811157,0.452087700366974,0.453472971916199
"8451",1988,-0.0857671201229095,0.407004415988922,0.466141819953918
"8454",1984,-0.223447918891907,0.352606773376465,0.351172238588333
"8456",1988,-0.242928892374039,0.383287221193314,0.350013911724091
"8460",1986,0.0337312519550323,0.544944763183594,0.501775443553925
"8461",1988,0.126340240240097,0.573815405368805,0.548367142677307
"8471",1988,-0.234710097312927,0.338507264852524,0.338756203651428
"8474",1984,-0.00182667374610901,0.452087700366974,0.453472971916199
"8475",1986,0.0650039613246918,0.577433168888092,0.543012738227844
"8476",1988,0.236290663480759,0.650245904922485,0.628190994262695
"8484",1984,0.184630274772644,0.636393308639526,0.61733740568161
"8485",1986,0.165760368108749,0.595217883586884,0.616234004497528
"8486",1988,0.210886359214783,0.677564263343811,0.655063629150391
"8495",1986,-0.180773288011551,0.394276797771454,0.414450019598007
"8496",1988,-0.0991424024105072,0.40701898932457,0.410518795251846
"8499",1984,0.0585978329181671,0.571296095848083,0.510195434093475
"8500",1986,0.207380503416061,0.591750741004944,0.580021023750305
"8501",1988,0.146842241287231,0.592054784297943,0.569956600666046
"8509",1984,-0.242192566394806,0.383287221193314,0.350013911724091
"8514",1984,0.0569556057453156,0.571296095848083,0.510195434093475
"8515",1986,0.133454352617264,0.567602336406708,0.574006497859955
"8516",1988,0.193050533533096,0.678367853164673,0.604167699813843
"8534",1984,-0.00626790523529053,0.442523181438446,0.464892327785492
"8535",1986,-0.0230354070663452,0.478721141815186,0.520916044712067
"8539",1984,-0.172421455383301,0.368037611246109,0.408233940601349
"8541",1988,-0.196655482053757,0.396428644657135,0.410424441099167
"8544",1984,0.174106568098068,0.592474937438965,0.59848541021347
"8546",1988,0.0811607539653778,0.555431842803955,0.529476523399353
"8554",1984,0.188313871622086,0.635246455669403,0.613830387592316
"8559",1984,0.198619365692139,0.62489664554596,0.606481790542603
"8579",1984,0.148330569267273,0.592054784297943,0.569956600666046
"8580",1986,0.234531998634338,0.624011635780334,0.607193648815155
"8581",1988,0.129277437925339,0.573815405368805,0.548367142677307
"8601",1988,-0.212255865335464,0.393436163663864,0.408660441637039
"8619",1984,0.11600399017334,0.599108695983887,0.557944357395172
"8631",1988,0.22983992099762,0.601154208183289,0.63194078207016
"8645",1986,0.0744918584823608,0.597879230976105,0.526721119880676
"8659",1984,0.0789518654346466,0.573001980781555,0.525536715984344
"8669",1984,0.124858617782593,0.561517000198364,0.576838791370392
"8670",1986,0.095605343580246,0.56675124168396,0.535502552986145
"8684",1984,0.124208897352219,0.561517000198364,0.576838791370392
"8690",1986,0.113043993711472,0.621084570884705,0.577381432056427
"8691",1988,0.170081615447998,0.592474937438965,0.59848541021347
"8714",1984,0.224708557128906,0.645943760871887,0.60882979631424
"8716",1988,0.243822932243347,0.641158401966095,0.630519151687622
"8731",1988,-0.223300486803055,0.352606773376465,0.351172238588333
"8735",1986,-0.226849943399429,0.373815447092056,0.373321533203125
"8736",1988,-0.13553786277771,0.360695838928223,0.395641356706619
"8739",1984,-0.214074641466141,0.393436163663864,0.408660441637039
"8740",1986,0.0923409163951874,0.614796221256256,0.584919214248657
"8744",1984,0.213637709617615,0.677564263343811,0.655063629150391
"8749",1984,-0.0155143737792969,0.447776228189468,0.481011390686035
"8750",1986,-0.184381872415543,0.394276797771454,0.414450019598007
"8754",1984,0.240538567304611,0.641158401966095,0.630519151687622
"8755",1986,-0.0190081596374512,0.447776228189468,0.481011390686035
"8764",1984,0.20966362953186,0.591750741004944,0.580021023750305
"8769",1984,-0.148282885551453,0.428617924451828,0.456191748380661
"8784",1984,0.139827013015747,0.563722848892212,0.560968160629272
"8809",1984,0.209437489509583,0.591750741004944,0.580021023750305
"8814",1984,-0.140903800725937,0.380722761154175,0.420196175575256
"8829",1984,0.042488157749176,0.569284200668335,0.489214479923248
"8830",1986,-0.0384069681167603,0.463498711585999,0.4673912525177
"8850",1986,-0.134362816810608,0.396961212158203,0.383705943822861
"8851",1988,-0.186694115400314,0.35799053311348,0.392098784446716
"8856",1988,-0.0692994296550751,0.44115549325943,0.44494640827179
"8860",1986,-0.0505063831806183,0.422599375247955,0.431375712156296
"8861",1988,-0.162053734064102,0.371515184640884,0.403639167547226
"8864",1984,0.0577180087566376,0.571296095848083,0.510195434093475
"8865",1986,0.149582713842392,0.592054784297943,0.569956600666046
"8875",1986,-0.171806693077087,0.368037611246109,0.408233940601349
"8876",1988,0.0134663283824921,0.518354594707489,0.472539275884628
"8894",1984,0.147301554679871,0.592054784297943,0.569956600666046
"8895",1986,0.183627128601074,0.636393308639526,0.61733740568161
"8899",1984,0.147301554679871,0.592054784297943,0.569956600666046
"8900",1986,0.183627128601074,0.636393308639526,0.61733740568161
"8904",1984,-0.192717283964157,0.391616851091385,0.389421999454498
"8905",1986,-0.120414763689041,0.393183499574661,0.366201162338257
"8910",1986,0.0758626759052277,0.573001980781555,0.525536715984344
"8911",1988,0.250329196453094,0.638899028301239,0.621499121189117
"8926",1988,0.105032593011856,0.608147740364075,0.578928768634796
"8929",1984,0.0705313384532928,0.597879230976105,0.526721119880676
"8934",1984,-0.163029253482819,0.371515184640884,0.403639167547226
"8939",1984,-0.123907178640366,0.393183499574661,0.366201162338257
"8940",1986,-0.235516667366028,0.384374409914017,0.385249346494675
"8941",1988,-0.246454209089279,0.377537816762924,0.442024797201157
"8944",1984,0.0402932465076447,0.569284200668335,0.489214479923248
"8949",1984,-0.250210970640182,0.379428595304489,0.385526180267334
"8950",1986,-0.203954339027405,0.347458600997925,0.404969841241837
"8954",1984,-0.0200264751911163,0.478721141815186,0.520916044712067
"8956",1988,-0.192990154027939,0.391616851091385,0.389421999454498
"8959",1984,-0.217792272567749,0.371206998825073,0.412021726369858
"8979",1984,0.197637796401978,0.62489664554596,0.606481790542603
"8985",1986,0.195403069257736,0.62489664554596,0.606481790542603
"8991",1988,0.186410740017891,0.635246455669403,0.613830387592316
"8994",1984,0.0562536716461182,0.571296095848083,0.510195434093475
"9009",1984,0.0547264404594898,0.56830370426178,0.540523052215576
"9014",1984,0.0547264404594898,0.56830370426178,0.540523052215576
"9019",1984,0.0547264404594898,0.56830370426178,0.540523052215576
"9020",1986,0.125656843185425,0.573815405368805,0.548367142677307
"9021",1988,-0.020293029025197,0.478721141815186,0.520916044712067
"9025",1986,0.125656843185425,0.573815405368805,0.548367142677307
"9026",1988,-0.00315865874290466,0.452087700366974,0.453472971916199
"9029",1984,0.0547264404594898,0.56830370426178,0.540523052215576
"9030",1986,0.125656843185425,0.573815405368805,0.548367142677307
"9031",1988,-0.020293029025197,0.478721141815186,0.520916044712067
"9036",1988,-0.069204568862915,0.44115549325943,0.44494640827179
"9039",1984,0.176615327596664,0.610752761363983,0.631223201751709
"9040",1986,0.125656843185425,0.573815405368805,0.548367142677307
"9041",1988,-0.020293029025197,0.478721141815186,0.520916044712067
"9045",1986,0.125656843185425,0.573815405368805,0.548367142677307
"9054",1984,-0.238278865814209,0.384374409914017,0.385249346494675
"9059",1984,0.210257798433304,0.677564263343811,0.655063629150391
"9061",1988,0.216853380203247,0.60321968793869,0.63100653886795
"9064",1984,0.0547264404594898,0.56830370426178,0.540523052215576
"9066",1988,-0.020293029025197,0.478721141815186,0.520916044712067
"9069",1984,0.0547264404594898,0.56830370426178,0.540523052215576
"9074",1984,0.108006477355957,0.608147740364075,0.578928768634796
"9076",1988,0.0970382690429688,0.56675124168396,0.535502552986145
"9080",1986,0.125656843185425,0.573815405368805,0.548367142677307
"9084",1984,0.12743291258812,0.573815405368805,0.548367142677307
"9089",1984,0.0547264404594898,0.56830370426178,0.540523052215576
"9090",1986,0.125656843185425,0.573815405368805,0.548367142677307
"9091",1988,-0.020293029025197,0.478721141815186,0.520916044712067
"9094",1984,0.210628867149353,0.677564263343811,0.655063629150391
"9096",1988,-0.020293029025197,0.478721141815186,0.520916044712067
"9111",1988,0.233770579099655,0.624011635780334,0.607193648815155
"9119",1984,-0.0620723962783813,0.425354391336441,0.442281723022461
"9120",1986,-0.0645515024662018,0.425354391336441,0.442281723022461
"9121",1988,0.205773949623108,0.591750741004944,0.580021023750305
"9130",1986,-0.190892964601517,0.391616851091385,0.389421999454498
"9131",1988,-0.178322196006775,0.391896307468414,0.425834864377975
"9134",1984,0.104420870542526,0.589743673801422,0.506685197353363
"9154",1984,0.0181223228573799,0.520029544830322,0.465887308120728
"9159",1984,0.0181223228573799,0.520029544830322,0.465887308120728
"9164",1984,0.0181223228573799,0.520029544830322,0.465887308120728
"9169",1984,0.0181223228573799,0.520029544830322,0.465887308120728
"9174",1984,0.0181223228573799,0.520029544830322,0.465887308120728
"9179",1984,0.0181223228573799,0.520029544830322,0.465887308120728
"9180",1986,-0.0601020455360413,0.425354391336441,0.442281723022461
"9181",1988,-0.163270950317383,0.371515184640884,0.403639167547226
"9184",1984,0.0181223228573799,0.520029544830322,0.465887308120728
"9185",1986,0.14053413271904,0.584069490432739,0.583165347576141
"9186",1988,-0.163270950317383,0.371515184640884,0.403639167547226
"9189",1984,0.0181223228573799,0.520029544830322,0.465887308120728
"9190",1986,-0.0271768569946289,0.438607752323151,0.462698698043823
"9191",1988,-0.135138273239136,0.360695838928223,0.395641356706619
"9199",1984,-0.0177502632141113,0.447776228189468,0.481011390686035
"9200",1986,0.0341345369815826,0.544944763183594,0.501775443553925
"9209",1984,0.106302827596664,0.608147740364075,0.578928768634796
"9211",1988,0.108180046081543,0.608147740364075,0.578928768634796
"9216",1988,-0.0996109247207642,0.40701898932457,0.410518795251846
"9234",1984,-0.0128246247768402,0.455277919769287,0.490103662014008
"9235",1986,0.11314845085144,0.621084570884705,0.577381432056427
"9236",1988,0.160147428512573,0.610120296478271,0.53767466545105
"9239",1984,0.0149332284927368,0.518354594707489,0.472539275884628
"9240",1986,0.0823506116867065,0.555431842803955,0.529476523399353
"9241",1988,0.0522527396678925,0.56830370426178,0.540523052215576
"9244",1984,-0.0130828320980072,0.455277919769287,0.490103662014008
"9245",1986,-0.000546425580978394,0.452087700366974,0.453472971916199
"9246",1988,-0.249413013458252,0.377537816762924,0.442024797201157
"9249",1984,0.183153390884399,0.636393308639526,0.61733740568161
"9254",1984,0.017222136259079,0.520029544830322,0.465887308120728
"9255",1986,0.15738382935524,0.606199741363525,0.617055058479309
"9256",1988,0.0298478603363037,0.535835683345795,0.515917360782623
"9259",1984,-0.00146898627281189,0.452087700366974,0.453472971916199
"9260",1986,-0.0262593030929565,0.438607752323151,0.462698698043823
"9265",1986,-0.149838656187057,0.428617924451828,0.456191748380661
"9266",1988,-0.22063347697258,0.352606773376465,0.351172238588333
"9269",1984,-0.0195307731628418,0.447776228189468,0.481011390686035
"9270",1986,0.0138725936412811,0.518354594707489,0.472539275884628
"9271",1988,0.00710031390190125,0.539007782936096,0.497000336647034
"9274",1984,-0.234690070152283,0.338507264852524,0.338756203651428
"9275",1986,-0.0408483743667603,0.4126837849617,0.447118937969208
"9280",1986,-0.0719679892063141,0.448143571615219,0.441522657871246
"9281",1988,-0.0610114634037018,0.425354391336441,0.442281723022461
"9284",1984,0.178607583045959,0.610752761363983,0.631223201751709
"9286",1988,0.0814110934734344,0.555431842803955,0.529476523399353
"9290",1986,0.0411652624607086,0.569284200668335,0.489214479923248
"9291",1988,0.0430048704147339,0.569284200668335,0.489214479923248
"9299",1984,0.211375504732132,0.677564263343811,0.655063629150391
"9306",1988,0.244811415672302,0.641158401966095,0.630519151687622
"9309",1984,0.185186356306076,0.635246455669403,0.613830387592316
"9310",1986,0.162938266992569,0.610120296478271,0.53767466545105
"9319",1984,0.159305095672607,0.606199741363525,0.617055058479309
"9325",1986,0.178025364875793,0.610752761363983,0.631223201751709
"9326",1988,0.226052105426788,0.601154208183289,0.63194078207016
"9329",1984,-0.132094293832779,0.396961212158203,0.383705943822861
"9330",1986,-0.11601710319519,0.421190738677979,0.445347845554352
"9344",1984,0.176960438489914,0.610752761363983,0.631223201751709
"9345",1986,0.230450242757797,0.624011635780334,0.607193648815155
"9364",1984,-0.0602709054946899,0.425354391336441,0.442281723022461
"9366",1988,0.0492931604385376,0.567738711833954,0.525334537029266
"9369",1984,-0.0260801613330841,0.438607752323151,0.462698698043823
"9370",1986,-0.0465068817138672,0.405659049749374,0.488230556249619
"9371",1988,0.0733835101127625,0.597879230976105,0.526721119880676
"9379",1984,0.148807168006897,0.592054784297943,0.569956600666046
"9394",1984,-0.162630289793015,0.371515184640884,0.403639167547226
"9395",1986,-0.239713430404663,0.384374409914017,0.385249346494675
"9405",1986,-0.220859229564667,0.352606773376465,0.351172238588333
"9419",1984,0.18939283490181,0.635246455669403,0.613830387592316
"9429",1984,-0.0250512063503265,0.438607752323151,0.462698698043823
"9444",1984,0.242697447538376,0.641158401966095,0.630519151687622
"9446",1988,0.212221622467041,0.677564263343811,0.655063629150391
"9454",1984,-0.0730456411838531,0.448143571615219,0.441522657871246
"9455",1986,-0.111760050058365,0.423870593309402,0.438292682170868
"9471",1988,0.17431303858757,0.592474937438965,0.59848541021347
"9474",1984,0.167985588312149,0.595217883586884,0.616234004497528
"9476",1988,0.00807484984397888,0.539007782936096,0.497000336647034
"9479",1984,-0.0273897051811218,0.438607752323151,0.462698698043823
"9480",1986,-0.173056602478027,0.368037611246109,0.408233940601349
"9490",1986,0.00329959392547607,0.524780869483948,0.523117542266846
"9510",1986,-0.0574251115322113,0.416869193315506,0.459104090929031
"9514",1984,0.0496164262294769,0.567738711833954,0.525334537029266
"9515",1986,-0.119802564382553,0.421190738677979,0.445347845554352
"9516",1988,-0.0526915788650513,0.422599375247955,0.431375712156296
"9526",1988,0.0657762587070465,0.577433168888092,0.543012738227844
"9531",1988,0.0657762587070465,0.577433168888092,0.543012738227844
"9539",1984,0.178577691316605,0.610752761363983,0.631223201751709
"9540",1986,0.203875914216042,0.613519787788391,0.573727965354919
"9551",1988,-0.124687433242798,0.393183499574661,0.366201162338257
"9554",1984,0.0487608015537262,0.567738711833954,0.525334537029266
"9555",1986,0.0787101686000824,0.573001980781555,0.525536715984344
"9556",1988,0.147861480712891,0.592054784297943,0.569956600666046
"9565",1986,0.179606705904007,0.610752761363983,0.631223201751709
"9581",1988,0.248758792877197,0.658842325210571,0.661363184452057
"9594",1984,0.0885099172592163,0.581187844276428,0.512545168399811
"9599",1984,0.119415879249573,0.599108695983887,0.557944357395172
"9611",1988,0.226025730371475,0.601154208183289,0.63194078207016
"9634",1984,-0.0272179543972015,0.438607752323151,0.462698698043823
"9644",1984,0.0766942203044891,0.573001980781555,0.525536715984344
"9645",1986,0.0292912721633911,0.535835683345795,0.515917360782623
"9649",1984,-0.151674151420593,0.417075216770172,0.407009094953537
"9650",1986,0.0372292101383209,0.55524605512619,0.509494304656982
"9674",1984,0.000839918851852417,0.524780869483948,0.523117542266846
"9675",1986,0.087079256772995,0.581187844276428,0.512545168399811
"9680",1986,0.233336061239243,0.624011635780334,0.607193648815155
"9681",1988,0.21548056602478,0.60321968793869,0.63100653886795
"9685",1986,-0.0693412721157074,0.44115549325943,0.44494640827179
"9686",1988,-0.110497117042542,0.423870593309402,0.438292682170868
"9689",1984,0.136770397424698,0.563722848892212,0.560968160629272
"9690",1986,0.100492507219315,0.589743673801422,0.506685197353363
"9695",1986,-0.168257385492325,0.381468206644058,0.418078482151031
"9696",1988,-0.166496515274048,0.381468206644058,0.418078482151031
"9701",1988,-0.0328553020954132,0.427786231040955,0.445796489715576
"9709",1984,0.23073199391365,0.624011635780334,0.607193648815155
"9715",1986,-0.0311992168426514,0.427786231040955,0.445796489715576
"9716",1988,-0.196085333824158,0.396428644657135,0.410424441099167
"9719",1984,-0.00232002139091492,0.452087700366974,0.453472971916199
"9720",1986,0.114455878734589,0.621084570884705,0.577381432056427
"9721",1988,0.163393676280975,0.610120296478271,0.53767466545105
"9739",1984,0.188106745481491,0.635246455669403,0.613830387592316
"9745",1986,-0.186589121818542,0.35799053311348,0.392098784446716
"9746",1988,-0.202757775783539,0.347458600997925,0.404969841241837
"9754",1984,0.246959954500198,0.658842325210571,0.661363184452057
"9774",1984,0.206539511680603,0.591750741004944,0.580021023750305
"9775",1986,0.221450209617615,0.645943760871887,0.60882979631424
"9795",1986,-0.222879260778427,0.352606773376465,0.351172238588333
"9796",1988,-0.0563065707683563,0.416869193315506,0.459104090929031
"9820",1986,-0.204144597053528,0.347458600997925,0.404969841241837
"9831",1988,-0.017291396856308,0.447776228189468,0.481011390686035
"9849",1984,0.247082859277725,0.658842325210571,0.661363184452057
"9869",1984,0.131764590740204,0.567602336406708,0.574006497859955
"9884",1984,0.0842736959457397,0.555431842803955,0.529476523399353
"9886",1988,0.235569089651108,0.650245904922485,0.628190994262695
"9894",1984,0.240328788757324,0.641158401966095,0.630519151687622
"9904",1984,0.196478992700577,0.62489664554596,0.606481790542603
"9905",1986,0.206654399633408,0.591750741004944,0.580021023750305
"9914",1984,0.131199568510056,0.567602336406708,0.574006497859955
"9915",1986,0.14225971698761,0.584069490432739,0.583165347576141
"9916",1988,0.115211218595505,0.599108695983887,0.557944357395172
"9924",1984,-0.0817828476428986,0.393856048583984,0.466867417097092
"9925",1986,-0.128967732191086,0.391132682561874,0.40867230296135
"9926",1988,-0.239473670721054,0.384374409914017,0.385249346494675
"9935",1986,-0.220254570245743,0.352606773376465,0.351172238588333
"9956",1988,0.232002317905426,0.624011635780334,0.607193648815155
"9964",1984,0.0619474947452545,0.538226783275604,0.495486587285995
"9965",1986,0.234076648950577,0.624011635780334,0.607193648815155
"9969",1984,-0.139591336250305,0.360695838928223,0.395641356706619
"9970",1986,-0.203730970621109,0.347458600997925,0.404969841241837
"9979",1984,0.163444995880127,0.610120296478271,0.53767466545105
"9980",1986,0.0813435018062592,0.555431842803955,0.529476523399353
"9984",1984,-0.0898501574993134,0.407004415988922,0.466141819953918
"9985",1986,-0.209494918584824,0.381492048501968,0.414540827274323
"9986",1988,-0.00318077206611633,0.452087700366974,0.453472971916199
"9989",1984,-0.125224858522415,0.391132682561874,0.40867230296135
"9990",1986,-0.0276504755020142,0.438607752323151,0.462698698043823
"9991",1988,-0.107740312814713,0.412696540355682,0.454258769750595
"9994",1984,0.200472772121429,0.613519787788391,0.573727965354919
"10001",1988,0.00287413597106934,0.524780869483948,0.523117542266846
"10024",1984,-0.248701483011246,0.377537816762924,0.442024797201157
"10029",1984,-0.133548736572266,0.396961212158203,0.383705943822861
"10030",1986,-0.154115349054337,0.417075216770172,0.407009094953537
"10034",1984,-0.133548736572266,0.396961212158203,0.383705943822861
"10035",1986,-0.154115349054337,0.417075216770172,0.407009094953537
"10040",1986,-0.217480391263962,0.371206998825073,0.412021726369858
"10041",1988,-0.11554628610611,0.421190738677979,0.445347845554352
"10053",1994,0.000112861394882202,0.524780869483948,0.523117542266846
"10054",1996,0.0664868652820587,0.577433168888092,0.543012738227844
"10062",1996,-0.228280872106552,0.373815447092056,0.373321533203125
"10065",1994,-0.0667288601398468,0.44115549325943,0.44494640827179
"10066",1996,0.0613210499286652,0.538226783275604,0.495486587285995
"10070",1996,-0.00696799159049988,0.442523181438446,0.464892327785492
"10073",1994,-0.0378508567810059,0.463498711585999,0.4673912525177
"10074",1996,0.1063072681427,0.608147740364075,0.578928768634796
"10077",1994,0.049454003572464,0.567738711833954,0.525334537029266
"10082",1996,0.054813027381897,0.56830370426178,0.540523052215576
"10085",1994,0.222144454717636,0.645943760871887,0.60882979631424
"10089",1994,-0.104406386613846,0.422554552555084,0.429781138896942
"10090",1996,0.0761511027812958,0.573001980781555,0.525536715984344
"10101",1994,-0.0312080681324005,0.427786231040955,0.445796489715576
"10102",1996,0.00130537152290344,0.524780869483948,0.523117542266846
"10118",1996,0.126110374927521,0.573815405368805,0.548367142677307
"10122",1996,-0.0342398583889008,0.427786231040955,0.445796489715576
"10125",1994,-0.0549473166465759,0.422599375247955,0.431375712156296
"10126",1996,-0.0704308152198792,0.448143571615219,0.441522657871246
"10129",1994,0.0829590857028961,0.555431842803955,0.529476523399353
"10150",1996,-0.223094612360001,0.352606773376465,0.351172238588333
"10165",1994,0.2282954454422,0.601154208183289,0.63194078207016
"10169",1994,-0.208510935306549,0.381492048501968,0.414540827274323
"10170",1996,-0.135597288608551,0.360695838928223,0.395641356706619
"10173",1994,-0.0129661858081818,0.455277919769287,0.490103662014008
"10174",1996,0.0323784947395325,0.544944763183594,0.501775443553925
"10178",1996,0.135784387588501,0.563722848892212,0.560968160629272
"10190",1996,-0.0379502177238464,0.463498711585999,0.4673912525177
"10197",1994,-0.0600615441799164,0.425354391336441,0.442281723022461
"10198",1996,-0.0944274663925171,0.392090976238251,0.414985239505768
"10205",1994,-0.192575037479401,0.391616851091385,0.389421999454498
"10206",1996,-0.131592839956284,0.396961212158203,0.383705943822861
"10209",1994,-0.128764361143112,0.391132682561874,0.40867230296135
"10210",1996,0.169752418994904,0.595217883586884,0.616234004497528
"10213",1994,0.117274791002274,0.599108695983887,0.557944357395172
"10265",1994,0.163358360528946,0.610120296478271,0.53767466545105
"10269",1994,-0.153279364109039,0.417075216770172,0.407009094953537
"10270",1996,-0.0689767897129059,0.44115549325943,0.44494640827179
"10274",1996,-0.194388031959534,0.391616851091385,0.389421999454498
"10282",1996,-0.209523439407349,0.381492048501968,0.414540827274323
"10293",1994,-0.152152180671692,0.417075216770172,0.407009094953537
"10294",1996,-0.102187991142273,0.422554552555084,0.429781138896942
"10297",1994,0.0064162015914917,0.539007782936096,0.497000336647034
"10298",1996,0.129097670316696,0.573815405368805,0.548367142677307
"10302",1996,-0.197693109512329,0.396428644657135,0.410424441099167
"10305",1994,0.165696293115616,0.595217883586884,0.616234004497528
"10306",1996,0.145054847002029,0.592054784297943,0.569956600666046
"10309",1994,0.121572136878967,0.561517000198364,0.576838791370392
"10310",1996,0.239782243967056,0.650245904922485,0.628190994262695
"10314",1996,-0.0963330268859863,0.40701898932457,0.410518795251846
"10338",1996,-0.205649733543396,0.381492048501968,0.414540827274323
"10341",1994,0.134984523057938,0.567602336406708,0.574006497859955
"10342",1996,0.178580701351166,0.610752761363983,0.631223201751709
"10350",1996,-0.23813796043396,0.384374409914017,0.385249346494675
"10358",1996,-0.235635459423065,0.384374409914017,0.385249346494675
"10369",1994,-0.041999489068985,0.4126837849617,0.447118937969208
"10370",1996,-0.000341475009918213,0.452087700366974,0.453472971916199
"10374",1996,0.217228800058365,0.60321968793869,0.63100653886795
"10377",1994,0.00312122702598572,0.524780869483948,0.523117542266846
"10378",1996,0.134803712368011,0.567602336406708,0.574006497859955
"10382",1996,-0.219056844711304,0.371206998825073,0.412021726369858
"10389",1994,0.0964263677597046,0.56675124168396,0.535502552986145
"10390",1996,0.156204521656036,0.606199741363525,0.617055058479309
"10397",1994,0.0618426501750946,0.538226783275604,0.495486587285995
"10398",1996,0.0778999626636505,0.573001980781555,0.525536715984344
"10401",1994,-0.0256770551204681,0.438607752323151,0.462698698043823
"10402",1996,-0.0136144161224365,0.455277919769287,0.490103662014008
"10413",1994,0.083217978477478,0.555431842803955,0.529476523399353
"10421",1994,-0.0886099636554718,0.407004415988922,0.466141819953918
"10445",1994,-0.212549328804016,0.393436163663864,0.408660441637039
"10446",1996,-0.0353677272796631,0.463498711585999,0.4673912525177
"10454",1996,-0.198684960603714,0.396428644657135,0.410424441099167
"10462",1996,-0.146643042564392,0.428617924451828,0.456191748380661
"10466",1996,-0.205823808908463,0.381492048501968,0.414540827274323
"10469",1994,0.0906324088573456,0.614796221256256,0.584919214248657
"10470",1996,0.0465798079967499,0.567738711833954,0.525334537029266
"10473",1994,-0.209446430206299,0.381492048501968,0.414540827274323
"10474",1996,-0.185063123703003,0.35799053311348,0.392098784446716
"10477",1994,0.167732447385788,0.595217883586884,0.616234004497528
"10481",1994,0.0968030393123627,0.56675124168396,0.535502552986145
"10482",1996,-0.00514519214630127,0.442523181438446,0.464892327785492
"10485",1994,0.129118233919144,0.573815405368805,0.548367142677307
"10489",1994,-0.0893367528915405,0.407004415988922,0.466141819953918
"10490",1996,-0.178539395332336,0.391896307468414,0.425834864377975
"10493",1994,0.103665083646774,0.589743673801422,0.506685197353363
"10494",1996,0.17023292183876,0.592474937438965,0.59848541021347
"10497",1994,-0.108554035425186,0.412696540355682,0.454258769750595
"10498",1996,-0.190513789653778,0.391616851091385,0.389421999454498
"10513",1994,-0.0486136674880981,0.405659049749374,0.488230556249619
"10514",1996,-0.0166421234607697,0.447776228189468,0.481011390686035
"10517",1994,0.0406430959701538,0.569284200668335,0.489214479923248
"10518",1996,0.139659851789474,0.563722848892212,0.560968160629272
"10521",1994,0.0691332817077637,0.577433168888092,0.543012738227844
"10522",1996,0.0811068713665009,0.555431842803955,0.529476523399353
"10525",1994,0.148825228214264,0.592054784297943,0.569956600666046
"10550",1996,-0.121283382177353,0.393183499574661,0.366201162338257
"10553",1994,-0.0672094821929932,0.44115549325943,0.44494640827179
"10554",1996,0.0962227284908295,0.56675124168396,0.535502552986145
"10557",1994,0.0419454872608185,0.569284200668335,0.489214479923248
"10558",1996,0.203829765319824,0.613519787788391,0.573727965354919
"10561",1994,0.245297312736511,0.658842325210571,0.661363184452057
"10562",1996,0.108014404773712,0.608147740364075,0.578928768634796
"10569",1994,0.0540010631084442,0.56830370426178,0.540523052215576
"10570",1996,0.168634027242661,0.595217883586884,0.616234004497528
"10573",1994,0.0675601363182068,0.577433168888092,0.543012738227844
"10574",1996,0.15267339348793,0.56660395860672,0.538523316383362
"10585",1994,0.193824887275696,0.678367853164673,0.604167699813843
"10589",1994,-0.121668815612793,0.393183499574661,0.366201162338257
"10590",1996,-0.108069658279419,0.412696540355682,0.454258769750595
"10597",1994,0.185909867286682,0.635246455669403,0.613830387592316
"10609",1994,-0.0189924240112305,0.447776228189468,0.481011390686035
"10610",1996,0.0265147387981415,0.535835683345795,0.515917360782623
"10625",1994,-0.132368385791779,0.396961212158203,0.383705943822861
"10626",1996,0.0273701548576355,0.535835683345795,0.515917360782623
"10637",1994,0.0354365408420563,0.55524605512619,0.509494304656982
"10641",1994,0.0386665165424347,0.55524605512619,0.509494304656982
"10642",1996,0.126211017370224,0.573815405368805,0.548367142677307
"10657",1994,-0.079506516456604,0.41492372751236,0.448921769857407
"10658",1996,-0.0386284589767456,0.463498711585999,0.4673912525177
"10661",1994,-0.0499219298362732,0.405659049749374,0.488230556249619
"10662",1996,-0.137185573577881,0.360695838928223,0.395641356706619
"10665",1994,-0.00659447908401489,0.442523181438446,0.464892327785492
"10666",1996,-0.0183181762695312,0.447776228189468,0.481011390686035
"10670",1996,-0.163751155138016,0.371515184640884,0.403639167547226
"10673",1994,-0.147179961204529,0.428617924451828,0.456191748380661
"10674",1996,0.0419498383998871,0.569284200668335,0.489214479923248
"10677",1994,0.0891281366348267,0.581187844276428,0.512545168399811
"10678",1996,0.154704838991165,0.56660395860672,0.538523316383362
"10689",1994,0.0865224599838257,0.581187844276428,0.512545168399811
"10690",1996,0.141461730003357,0.584069490432739,0.583165347576141
"10694",1996,0.0407834351062775,0.569284200668335,0.489214479923248
"10701",1994,-0.223501235246658,0.352606773376465,0.351172238588333
"10702",1996,-0.0721735060214996,0.448143571615219,0.441522657871246
"10705",1994,-0.125924706459045,0.391132682561874,0.40867230296135
"10706",1996,-0.0756424069404602,0.41492372751236,0.448921769857407
"10709",1994,-0.168267369270325,0.381468206644058,0.418078482151031
"10710",1996,0.0171168446540833,0.520029544830322,0.465887308120728
"10713",1994,-0.0615349411964417,0.425354391336441,0.442281723022461
"10714",1996,-0.0531834363937378,0.422599375247955,0.431375712156296
"10717",1994,-0.218492418527603,0.371206998825073,0.412021726369858
"10726",1996,-0.0672331750392914,0.44115549325943,0.44494640827179
"10729",1994,-0.131863206624985,0.396961212158203,0.383705943822861
"10730",1996,-0.0441195368766785,0.4126837849617,0.447118937969208
"10733",1994,-0.0582269728183746,0.416869193315506,0.459104090929031
"10734",1996,-0.0348764061927795,0.427786231040955,0.445796489715576
"10737",1994,-0.104653388261795,0.422554552555084,0.429781138896942
"10738",1996,-0.055016040802002,0.416869193315506,0.459104090929031
"10741",1994,0.0701304078102112,0.597879230976105,0.526721119880676
"10742",1996,0.138366639614105,0.563722848892212,0.560968160629272
"10749",1994,0.129852086305618,0.573815405368805,0.548367142677307
"10750",1996,0.202371120452881,0.613519787788391,0.573727965354919
"10753",1994,0.247760206460953,0.658842325210571,0.661363184452057
"10757",1994,0.00242364406585693,0.524780869483948,0.523117542266846
"10758",1996,0.118453502655029,0.599108695983887,0.557944357395172
"10761",1994,0.0256354510784149,0.535835683345795,0.515917360782623
"10774",1996,-0.24241116642952,0.383287221193314,0.350013911724091
"10777",1994,0.179582208395004,0.610752761363983,0.631223201751709
"10778",1996,0.202350109815598,0.613519787788391,0.573727965354919
"10785",1994,0.131096124649048,0.567602336406708,0.574006497859955
"10793",1994,-0.175544649362564,0.391896307468414,0.425834864377975
"10798",1996,-0.131871074438095,0.396961212158203,0.383705943822861
"10801",1994,0.0543665885925293,0.56830370426178,0.540523052215576
"10802",1996,-0.0235583186149597,0.478721141815186,0.520916044712067
"10809",1994,-0.0096362829208374,0.442523181438446,0.464892327785492
"10810",1996,-0.167110741138458,0.381468206644058,0.418078482151031
"10817",1994,0.0728411078453064,0.597879230976105,0.526721119880676
"10818",1996,0.118432730436325,0.599108695983887,0.557944357395172
"10821",1994,0.232026487588882,0.624011635780334,0.607193648815155
"10822",1996,-0.20682355761528,0.381492048501968,0.414540827274323
"10829",1994,0.181470394134521,0.636393308639526,0.61733740568161
"10837",1994,0.232294231653214,0.624011635780334,0.607193648815155
"10841",1994,0.0657095015048981,0.577433168888092,0.543012738227844
"10842",1996,0.249996215105057,0.658842325210571,0.661363184452057
"10853",1994,0.200977385044098,0.613519787788391,0.573727965354919
"10857",1994,0.175665259361267,0.610752761363983,0.631223201751709
"10865",1994,-0.0760484039783478,0.41492372751236,0.448921769857407
"10878",1996,-0.0309134423732758,0.427786231040955,0.445796489715576
"10882",1996,-0.0169705748558044,0.447776228189468,0.481011390686035
"10885",1994,0.0100787878036499,0.518354594707489,0.472539275884628
"10886",1996,0.134860277175903,0.567602336406708,0.574006497859955
"10897",1994,0.0680520534515381,0.577433168888092,0.543012738227844
"10898",1996,0.0844522416591644,0.555431842803955,0.529476523399353
"10901",1994,0.147642225027084,0.592054784297943,0.569956600666046
"10902",1996,0.0469166934490204,0.567738711833954,0.525334537029266
"10906",1996,-0.138539463281631,0.360695838928223,0.395641356706619
"10909",1994,-0.0361231565475464,0.463498711585999,0.4673912525177
"10913",1994,-0.232062816619873,0.338507264852524,0.338756203651428
"10917",1994,0.226574748754501,0.601154208183289,0.63194078207016
"10918",1996,0.189557105302811,0.635246455669403,0.613830387592316
"10921",1994,0.153012752532959,0.56660395860672,0.538523316383362
"10922",1996,0.223912984132767,0.645943760871887,0.60882979631424
"10925",1994,-0.200132489204407,0.347458600997925,0.404969841241837
"10926",1996,-0.137343719601631,0.360695838928223,0.395641356706619
"10929",1994,0.144140928983688,0.584069490432739,0.583165347576141
"10930",1996,0.233622223138809,0.624011635780334,0.607193648815155
"10938",1996,-0.2411889731884,0.383287221193314,0.350013911724091
"10949",1994,-0.200132489204407,0.347458600997925,0.404969841241837
"10953",1994,0.0315004885196686,0.544944763183594,0.501775443553925
"10954",1996,0.158167153596878,0.606199741363525,0.617055058479309
"10958",1996,-0.231399774551392,0.338507264852524,0.338756203651428
"10961",1994,-0.200132489204407,0.347458600997925,0.404969841241837
"10965",1994,-0.200132489204407,0.347458600997925,0.404969841241837
"10969",1994,-0.0759203732013702,0.41492372751236,0.448921769857407
"10970",1996,-0.0851969420909882,0.407004415988922,0.466141819953918
"10973",1994,-0.161328792572021,0.371515184640884,0.403639167547226
"10981",1994,-0.200132489204407,0.347458600997925,0.404969841241837
"10989",1994,0.224944949150085,0.645943760871887,0.60882979631424
"10998",1996,-0.237262845039368,0.384374409914017,0.385249346494675
"11001",1994,-0.200132489204407,0.347458600997925,0.404969841241837
"11010",1996,0.0793332159519196,0.573001980781555,0.525536715984344
"11014",1996,-0.222131341695786,0.352606773376465,0.351172238588333
"11017",1994,-0.15740641951561,0.422813564538956,0.382385939359665
"11018",1996,0.155227065086365,0.606199741363525,0.617055058479309
"11026",1996,-0.156062245368958,0.422813564538956,0.382385939359665
"11029",1994,-0.0385229289531708,0.463498711585999,0.4673912525177
"11030",1996,-0.156078726053238,0.422813564538956,0.382385939359665
"11034",1996,-0.0511606931686401,0.422599375247955,0.431375712156296
"11037",1994,0.157826989889145,0.606199741363525,0.617055058479309
"11042",1996,-0.0469160079956055,0.405659049749374,0.488230556249619
"11049",1994,-0.122041501104832,0.393183499574661,0.366201162338257
"11050",1996,-0.0827651619911194,0.393856048583984,0.466867417097092
"11053",1994,-0.122041501104832,0.393183499574661,0.366201162338257
"11054",1996,-0.0827651619911194,0.393856048583984,0.466867417097092
"11057",1994,-0.122041501104832,0.393183499574661,0.366201162338257
"11058",1996,-0.165530323982239,0.381468206644058,0.418078482151031
"11061",1994,-0.122041501104832,0.393183499574661,0.366201162338257
"11062",1996,-0.0827651619911194,0.393856048583984,0.466867417097092
"11065",1994,-0.122041501104832,0.393183499574661,0.366201162338257
"11066",1996,0,0.524780869483948,0.523117542266846
"11073",1994,0.147949367761612,0.592054784297943,0.569956600666046
"11074",1996,0.216596007347107,0.60321968793869,0.63100653886795
"11078",1996,-0.248665899038315,0.377537816762924,0.442024797201157
"11082",1996,-0.248324364423752,0.377537816762924,0.442024797201157
"11085",1994,0.202079623937607,0.613519787788391,0.573727965354919
"11086",1996,0.182033896446228,0.636393308639526,0.61733740568161
"11089",1994,0.221376419067383,0.645943760871887,0.60882979631424
"11093",1994,-0.120888113975525,0.393183499574661,0.366201162338257
"11094",1996,0.0686380863189697,0.577433168888092,0.543012738227844
"11097",1994,-0.054198145866394,0.422599375247955,0.431375712156296
"11101",1994,-0.00787270069122314,0.442523181438446,0.464892327785492
"11102",1996,0.106331169605255,0.608147740364075,0.578928768634796
"11105",1994,-0.145651817321777,0.428617924451828,0.456191748380661
"11113",1994,0.0314436256885529,0.544944763183594,0.501775443553925
"11114",1996,0.0705754458904266,0.597879230976105,0.526721119880676
"11117",1994,0.0475476086139679,0.567738711833954,0.525334537029266
"11118",1996,0.114778369665146,0.621084570884705,0.577381432056427
"11129",1994,-0.202212929725647,0.347458600997925,0.404969841241837
"11130",1996,-0.18244931101799,0.394276797771454,0.414450019598007
"11145",1994,-0.201199531555176,0.347458600997925,0.404969841241837
"11146",1996,-0.215570509433746,0.371206998825073,0.412021726369858
"11153",1994,0.0427844822406769,0.569284200668335,0.489214479923248
"11154",1996,0.0882472395896912,0.581187844276428,0.512545168399811
"11161",1994,0.14431044459343,0.584069490432739,0.583165347576141
"11162",1996,0.0481598377227783,0.567738711833954,0.525334537029266
"11165",1994,0.140707492828369,0.584069490432739,0.583165347576141
"11166",1996,0.0663549304008484,0.577433168888092,0.543012738227844
"11170",1996,0.0196372214704752,0.520029544830322,0.465887308120728
"11173",1994,0.18962162733078,0.635246455669403,0.613830387592316
"11177",1994,0.0271486043930054,0.535835683345795,0.515917360782623
"11178",1996,0.0196372214704752,0.520029544830322,0.465887308120728
"11182",1996,0.0196372214704752,0.520029544830322,0.465887308120728
"11186",1996,0.0196372214704752,0.520029544830322,0.465887308120728
"11193",1994,-0.0619271993637085,0.425354391336441,0.442281723022461
"11194",1996,-0.0255244076251984,0.438607752323151,0.462698698043823
"11197",1994,0.165140151977539,0.595217883586884,0.616234004497528
"11198",1996,0.14835461974144,0.592054784297943,0.569956600666046
"11201",1994,0.183653324842453,0.636393308639526,0.61733740568161
"11202",1996,0.144604533910751,0.584069490432739,0.583165347576141
"11206",1996,-0.167387366294861,0.381468206644058,0.418078482151031
"11209",1994,-0.108397454023361,0.412696540355682,0.454258769750595
"11213",1994,0.112165093421936,0.621084570884705,0.577381432056427
"11214",1996,-0.0345479249954224,0.427786231040955,0.445796489715576
"11217",1994,0.195542603731155,0.62489664554596,0.606481790542603
"11221",1994,0.142231494188309,0.584069490432739,0.583165347576141
"11225",1994,0.07319176197052,0.597879230976105,0.526721119880676
"11226",1996,0.0427422225475311,0.569284200668335,0.489214479923248
"11230",1996,0.0196372214704752,0.520029544830322,0.465887308120728
"11237",1994,0.250434249639511,0.638899028301239,0.621499121189117
"11246",1996,0.0196372214704752,0.520029544830322,0.465887308120728
"11253",1994,0.0565237700939178,0.571296095848083,0.510195434093475
"11254",1996,0.0196372214704752,0.520029544830322,0.465887308120728
"11257",1994,0.0728766918182373,0.597879230976105,0.526721119880676
"11262",1996,0.0196372214704752,0.520029544830322,0.465887308120728
"11265",1994,0.187532931566238,0.635246455669403,0.613830387592316
"11274",1996,0.0196372214704752,0.520029544830322,0.465887308120728
"11278",1996,0.0196372214704752,0.520029544830322,0.465887308120728
"11281",1994,-0.0193498432636261,0.447776228189468,0.481011390686035
"11282",1996,-0.071047306060791,0.448143571615219,0.441522657871246
"11285",1994,-0.195955157279968,0.396428644657135,0.410424441099167
"11286",1996,-0.16186848282814,0.371515184640884,0.403639167547226
"11289",1994,0.0027870237827301,0.524780869483948,0.523117542266846
"11290",1996,-0.0051557719707489,0.442523181438446,0.464892327785492
"11301",1994,0.176742196083069,0.610752761363983,0.631223201751709
"11302",1996,0.113901764154434,0.621084570884705,0.577381432056427
"11306",1996,-0.231177568435669,0.338507264852524,0.338756203651428
"11310",1996,-0.236501783132553,0.384374409914017,0.385249346494675
"11321",1994,0.176216453313828,0.610752761363983,0.631223201751709
"11322",1996,0.138352066278458,0.563722848892212,0.560968160629272
"11326",1996,-0.136646956205368,0.360695838928223,0.395641356706619
"11334",1996,-0.226352363824844,0.373815447092056,0.373321533203125
"11341",1994,-0.0412569046020508,0.4126837849617,0.447118937969208
"11342",1996,-0.109455347061157,0.412696540355682,0.454258769750595
"11346",1996,-0.062028706073761,0.425354391336441,0.442281723022461
"11349",1994,-0.0837446451187134,0.393856048583984,0.466867417097092
"11350",1996,-0.17787379026413,0.391896307468414,0.425834864377975
"11369",1994,-0.0663828551769257,0.44115549325943,0.44494640827179
"11370",1996,-0.137480139732361,0.360695838928223,0.395641356706619
"11373",1994,-0.146209001541138,0.428617924451828,0.456191748380661
"11374",1996,-0.167136520147324,0.381468206644058,0.418078482151031
"11377",1994,0.215089738368988,0.60321968793869,0.63100653886795
"11381",1994,0.0120984613895416,0.518354594707489,0.472539275884628
"11382",1996,0.128518670797348,0.573815405368805,0.548367142677307
"11385",1994,-0.215609669685364,0.371206998825073,0.412021726369858
"11393",1994,0.155940055847168,0.606199741363525,0.617055058479309
"11394",1996,0.238408893346786,0.650245904922485,0.628190994262695
"11413",1994,-0.169865131378174,0.381468206644058,0.418078482151031
"11414",1996,-0.203645557165146,0.347458600997925,0.404969841241837
"11425",1994,-0.242153257131577,0.383287221193314,0.350013911724091
"11433",1994,-0.13127589225769,0.396961212158203,0.383705943822861
"11434",1996,-0.00969105958938599,0.442523181438446,0.464892327785492
"11437",1994,0.200804620981216,0.613519787788391,0.573727965354919
"11438",1996,0.1672622859478,0.595217883586884,0.616234004497528
"11441",1994,0.135084480047226,0.563722848892212,0.560968160629272
"11442",1996,0.187771677970886,0.635246455669403,0.613830387592316
"11450",1996,-0.180995374917984,0.394276797771454,0.414450019598007
"11458",1996,-0.24472975730896,0.383287221193314,0.350013911724091
"11461",1994,-0.10866567492485,0.412696540355682,0.454258769750595
"11462",1996,-0.0243411362171173,0.478721141815186,0.520916044712067
"11469",1994,0.0643421411514282,0.538226783275604,0.495486587285995
"11470",1996,-0.0926226377487183,0.392090976238251,0.414985239505768
"11473",1994,-0.00943699479103088,0.442523181438446,0.464892327785492
"11474",1996,-0.0659992098808289,0.44115549325943,0.44494640827179
"11478",1996,-0.23293599486351,0.338507264852524,0.338756203651428
"11482",1996,-0.195024847984314,0.396428644657135,0.410424441099167
"11486",1996,-0.11867818236351,0.421190738677979,0.445347845554352
"11497",1994,-0.0996650457382202,0.40701898932457,0.410518795251846
"11498",1996,-0.125604659318924,0.391132682561874,0.40867230296135
"11501",1994,0.191213428974152,0.678367853164673,0.604167699813843
"11502",1996,-0.0387165248394012,0.463498711585999,0.4673912525177
"11505",1994,-0.119288265705109,0.421190738677979,0.445347845554352
"11506",1996,-0.14420211315155,0.380722761154175,0.420196175575256
"11509",1994,-0.0655725300312042,0.44115549325943,0.44494640827179
"11510",1996,-0.0617731809616089,0.425354391336441,0.442281723022461
"11517",1994,0.036529541015625,0.55524605512619,0.509494304656982
"11518",1996,0.124151587486267,0.561517000198364,0.576838791370392
"11522",1996,-0.243628263473511,0.383287221193314,0.350013911724091
"11529",1994,0.205632477998734,0.591750741004944,0.580021023750305
"11545",1994,-0.206594914197922,0.381492048501968,0.414540827274323
"11546",1996,0.0144535601139069,0.518354594707489,0.472539275884628
"11550",1996,-0.231595426797867,0.338507264852524,0.338756203651428
"11561",1994,0.212050914764404,0.677564263343811,0.655063629150391
"11565",1994,0.198089808225632,0.62489664554596,0.606481790542603
"11566",1996,-0.236653059720993,0.384374409914017,0.385249346494675
"11573",1994,0.07680943608284,0.573001980781555,0.525536715984344
"11574",1996,0.211000025272369,0.677564263343811,0.655063629150391
"11581",1994,-0.171389579772949,0.368037611246109,0.408233940601349
"11585",1994,0.133932620286942,0.567602336406708,0.574006497859955
"11586",1996,0.173760861158371,0.592474937438965,0.59848541021347
"11593",1994,-0.00747817754745483,0.442523181438446,0.464892327785492
"11594",1996,0.0422301292419434,0.569284200668335,0.489214479923248
"11598",1996,-0.244828522205353,0.383287221193314,0.350013911724091
"11601",1994,0.0183042585849762,0.520029544830322,0.465887308120728
"11602",1996,0.0584785342216492,0.571296095848083,0.510195434093475
"11613",1994,-0.108374208211899,0.412696540355682,0.454258769750595
"11614",1996,-0.0700047314167023,0.448143571615219,0.441522657871246
"11618",1996,-0.237322419881821,0.384374409914017,0.385249346494675
"11629",1994,0.182702094316483,0.636393308639526,0.61733740568161
"11649",1994,0.00414693355560303,0.524780869483948,0.523117542266846
"11650",1996,0.0856013894081116,0.581187844276428,0.512545168399811
"11657",1994,-0.216505616903305,0.371206998825073,0.412021726369858
"11658",1996,-0.0984759330749512,0.40701898932457,0.410518795251846
"11669",1994,-0.242593258619308,0.383287221193314,0.350013911724091
"11673",1994,0.0228316783905029,0.526719570159912,0.52318012714386
"11674",1996,0.0096384584903717,0.539007782936096,0.497000336647034
"11677",1994,-0.163919270038605,0.371515184640884,0.403639167547226
"11678",1996,-0.16789573431015,0.381468206644058,0.418078482151031
"11681",1994,-0.175525099039078,0.391896307468414,0.425834864377975
"11682",1996,-0.192143827676773,0.391616851091385,0.389421999454498
"11689",1994,-0.198563635349274,0.396428644657135,0.410424441099167
"11690",1996,0.00957348942756653,0.539007782936096,0.497000336647034
"11701",1994,-0.0251778662204742,0.438607752323151,0.462698698043823
"11702",1996,-0.10712006688118,0.412696540355682,0.454258769750595
"11705",1994,0.213104724884033,0.677564263343811,0.655063629150391
"11717",1994,0.00118574500083923,0.524780869483948,0.523117542266846
"11718",1996,0.06629279255867,0.577433168888092,0.543012738227844
"11721",1994,-0.185500144958496,0.35799053311348,0.392098784446716
"11733",1994,-0.0302244424819946,0.427786231040955,0.445796489715576
"11734",1996,0.0518356561660767,0.56830370426178,0.540523052215576
"11737",1994,-0.0331031978130341,0.427786231040955,0.445796489715576
"11738",1996,-0.0748139917850494,0.448143571615219,0.441522657871246
"11741",1994,-0.0932904481887817,0.392090976238251,0.414985239505768
"11742",1996,-0.00749969482421875,0.442523181438446,0.464892327785492
"11745",1994,-0.074555903673172,0.448143571615219,0.441522657871246
"11746",1996,-0.00361526012420654,0.452087700366974,0.453472971916199
"11749",1994,-0.0668290853500366,0.44115549325943,0.44494640827179
"11750",1996,-0.0592008829116821,0.416869193315506,0.459104090929031
"11753",1994,-0.0184286534786224,0.447776228189468,0.481011390686035
"11754",1996,-0.111713647842407,0.423870593309402,0.438292682170868
"11757",1994,0.166801244020462,0.595217883586884,0.616234004497528
"11769",1994,-0.0358121693134308,0.463498711585999,0.4673912525177
"11770",1996,0.0287657976150513,0.535835683345795,0.515917360782623
"11773",1994,-0.242155760526657,0.383287221193314,0.350013911724091
"11774",1996,-0.230085909366608,0.338507264852524,0.338756203651428
"11777",1994,0.10260546207428,0.589743673801422,0.506685197353363
"11778",1996,0.038784921169281,0.55524605512619,0.509494304656982
"11793",1994,0.0156988799571991,0.520029544830322,0.465887308120728
"11794",1996,-0.198213458061218,0.396428644657135,0.410424441099167
